index	block_id	shape_family	x	y	z
0	rechiseled:acacia_planks_beams_connecting	full	-180	100	-180
1	rechiseled:acacia_planks_beams_slab_connecting	slab	-177	100	-180
2	rechiseled:acacia_planks_beams_stairs_connecting	stairs	-174	100	-180
3	rechiseled:acacia_planks_brick_pattern_connecting	full	-171	100	-180
4	rechiseled:acacia_planks_brick_pattern_slab_connecting	slab	-168	100	-180
5	rechiseled:acacia_planks_brick_pattern_stairs_connecting	stairs	-165	100	-180
6	rechiseled:acacia_planks_brick_paving_connecting	full	-162	100	-180
7	rechiseled:acacia_planks_brick_paving_slab_connecting	slab	-159	100	-180
8	rechiseled:acacia_planks_brick_paving_stairs_connecting	stairs	-156	100	-180
9	rechiseled:acacia_planks_bricks_connecting	full	-153	100	-180
10	rechiseled:acacia_planks_bricks_slab_connecting	slab	-150	100	-180
11	rechiseled:acacia_planks_bricks_stairs_connecting	stairs	-147	100	-180
12	rechiseled:acacia_planks_crate_connecting	full	-144	100	-180
13	rechiseled:acacia_planks_crate_slab_connecting	slab	-141	100	-180
14	rechiseled:acacia_planks_crate_stairs_connecting	stairs	-138	100	-180
15	rechiseled:acacia_planks_diagonal_stripes_connecting	full	-135	100	-180
16	rechiseled:acacia_planks_diagonal_stripes_slab_connecting	slab	-132	100	-180
17	rechiseled:acacia_planks_diagonal_stripes_stairs_connecting	stairs	-129	100	-180
18	rechiseled:acacia_planks_diagonal_tiles_connecting	full	-126	100	-180
19	rechiseled:acacia_planks_diagonal_tiles_slab_connecting	slab	-123	100	-180
20	rechiseled:acacia_planks_diagonal_tiles_stairs_connecting	stairs	-120	100	-180
21	rechiseled:acacia_planks_dotted_connecting	full	-117	100	-180
22	rechiseled:acacia_planks_dotted_slab_connecting	slab	-114	100	-180
23	rechiseled:acacia_planks_dotted_stairs_connecting	stairs	-111	100	-180
24	rechiseled:acacia_planks_flooring_connecting	full	-108	100	-180
25	rechiseled:acacia_planks_flooring_slab_connecting	slab	-105	100	-180
26	rechiseled:acacia_planks_flooring_stairs_connecting	stairs	-102	100	-180
27	rechiseled:acacia_planks_large_tiles_connecting	full	-99	100	-180
28	rechiseled:acacia_planks_large_tiles_slab_connecting	slab	-96	100	-180
29	rechiseled:acacia_planks_large_tiles_stairs_connecting	stairs	-93	100	-180
30	rechiseled:acacia_planks_pattern_connecting	full	-90	100	-180
31	rechiseled:acacia_planks_pattern_slab_connecting	slab	-87	100	-180
32	rechiseled:acacia_planks_pattern_stairs_connecting	stairs	-84	100	-180
33	rechiseled:acacia_planks_rotated_bricks_connecting	full	-81	100	-180
34	rechiseled:acacia_planks_rotated_bricks_slab_connecting	slab	-78	100	-180
35	rechiseled:acacia_planks_rotated_bricks_stairs_connecting	stairs	-75	100	-180
36	rechiseled:acacia_planks_small_bricks_connecting	full	-72	100	-180
37	rechiseled:acacia_planks_small_bricks_slab_connecting	slab	-69	100	-180
38	rechiseled:acacia_planks_small_bricks_stairs_connecting	stairs	-66	100	-180
39	rechiseled:acacia_planks_small_tiles_connecting	full	-63	100	-180
40	rechiseled:acacia_planks_small_tiles_slab_connecting	slab	-60	100	-180
41	rechiseled:acacia_planks_small_tiles_stairs_connecting	stairs	-57	100	-180
42	rechiseled:acacia_planks_squares_connecting	full	-180	100	-177
43	rechiseled:acacia_planks_squares_slab_connecting	slab	-177	100	-177
44	rechiseled:acacia_planks_squares_stairs_connecting	stairs	-174	100	-177
45	rechiseled:acacia_planks_tiles_connecting	full	-171	100	-177
46	rechiseled:acacia_planks_tiles_slab_connecting	slab	-168	100	-177
47	rechiseled:acacia_planks_tiles_stairs_connecting	stairs	-165	100	-177
48	rechiseled:acacia_planks_wavy_connecting	full	-162	100	-177
49	rechiseled:acacia_planks_wavy_slab_connecting	slab	-159	100	-177
50	rechiseled:acacia_planks_wavy_stairs_connecting	stairs	-156	100	-177
51	rechiseled:acacia_planks_woven_connecting	full	-153	100	-177
52	rechiseled:acacia_planks_woven_slab_connecting	slab	-150	100	-177
53	rechiseled:acacia_planks_woven_stairs_connecting	stairs	-147	100	-177
54	rechiseled:amethyst_block_beams_connecting	full	-144	100	-177
55	rechiseled:amethyst_block_beams_slab_connecting	slab	-141	100	-177
56	rechiseled:amethyst_block_beams_stairs_connecting	stairs	-138	100	-177
57	rechiseled:amethyst_block_bordered_diagonal_tiles_connecting	full	-135	100	-177
58	rechiseled:amethyst_block_bordered_diagonal_tiles_slab_connecting	slab	-132	100	-177
59	rechiseled:amethyst_block_bordered_diagonal_tiles_stairs_connecting	stairs	-129	100	-177
60	rechiseled:amethyst_block_bricks_connecting	full	-126	100	-177
61	rechiseled:amethyst_block_bricks_slab_connecting	slab	-123	100	-177
62	rechiseled:amethyst_block_bricks_stairs_connecting	stairs	-120	100	-177
63	rechiseled:amethyst_block_cut_connecting	full	-117	100	-177
64	rechiseled:amethyst_block_cut_slab_connecting	slab	-114	100	-177
65	rechiseled:amethyst_block_cut_stairs_connecting	stairs	-111	100	-177
66	rechiseled:amethyst_block_edged_connecting	full	-108	100	-177
67	rechiseled:amethyst_block_edged_slab_connecting	slab	-105	100	-177
68	rechiseled:amethyst_block_edged_stairs_connecting	stairs	-102	100	-177
69	rechiseled:amethyst_block_pillar_connecting	axis	-99	100	-177
70	rechiseled:amethyst_block_pillar_slab_connecting	slab	-96	100	-177
71	rechiseled:amethyst_block_pillar_stairs_connecting	stairs	-93	100	-177
72	rechiseled:amethyst_block_polished_connecting	full	-90	100	-177
73	rechiseled:amethyst_block_polished_slab_connecting	slab	-87	100	-177
74	rechiseled:amethyst_block_polished_stairs_connecting	stairs	-84	100	-177
75	rechiseled:amethyst_block_shiny_connecting	full	-81	100	-177
76	rechiseled:amethyst_block_shiny_slab_connecting	slab	-78	100	-177
77	rechiseled:amethyst_block_shiny_stairs_connecting	stairs	-75	100	-177
78	rechiseled:amethyst_block_tiles_connecting	full	-72	100	-177
79	rechiseled:amethyst_block_tiles_slab_connecting	slab	-69	100	-177
80	rechiseled:amethyst_block_tiles_stairs_connecting	stairs	-66	100	-177
81	rechiseled:andesite_brick_pattern_connecting	full	-63	100	-177
82	rechiseled:andesite_brick_pattern_slab_connecting	slab	-60	100	-177
83	rechiseled:andesite_brick_pattern_stairs_connecting	stairs	-57	100	-177
84	rechiseled:andesite_brick_paving_connecting	full	-180	100	-174
85	rechiseled:andesite_brick_paving_slab_connecting	slab	-177	100	-174
86	rechiseled:andesite_brick_paving_stairs_connecting	stairs	-174	100	-174
87	rechiseled:andesite_bricks_connecting	full	-171	100	-174
88	rechiseled:andesite_bricks_slab_connecting	slab	-168	100	-174
89	rechiseled:andesite_bricks_stairs_connecting	stairs	-165	100	-174
90	rechiseled:andesite_diagonal_bricks_connecting	full	-162	100	-174
91	rechiseled:andesite_diagonal_bricks_slab_connecting	slab	-159	100	-174
92	rechiseled:andesite_diagonal_bricks_stairs_connecting	stairs	-156	100	-174
93	rechiseled:andesite_dotted_connecting	full	-153	100	-174
94	rechiseled:andesite_dotted_slab_connecting	slab	-150	100	-174
95	rechiseled:andesite_dotted_stairs_connecting	stairs	-147	100	-174
96	rechiseled:andesite_paving_connecting	full	-144	100	-174
97	rechiseled:andesite_paving_slab_connecting	slab	-141	100	-174
98	rechiseled:andesite_paving_stairs_connecting	stairs	-138	100	-174
99	rechiseled:andesite_polished_connecting	full	-135	100	-174
100	rechiseled:andesite_polished_slab_connecting	slab	-132	100	-174
101	rechiseled:andesite_polished_stairs_connecting	stairs	-129	100	-174
102	rechiseled:andesite_rotated_bricks_connecting	full	-126	100	-174
103	rechiseled:andesite_rotated_bricks_slab_connecting	slab	-123	100	-174
104	rechiseled:andesite_rotated_bricks_stairs_connecting	stairs	-120	100	-174
105	rechiseled:andesite_squares_connecting	full	-117	100	-174
106	rechiseled:andesite_squares_slab_connecting	slab	-114	100	-174
107	rechiseled:andesite_squares_stairs_connecting	stairs	-111	100	-174
108	rechiseled:andesite_tiles_connecting	full	-108	100	-174
109	rechiseled:andesite_tiles_slab_connecting	slab	-105	100	-174
110	rechiseled:andesite_tiles_stairs_connecting	stairs	-102	100	-174
111	rechiseled:andesite_wavy_connecting	full	-99	100	-174
112	rechiseled:andesite_wavy_slab_connecting	slab	-96	100	-174
113	rechiseled:andesite_wavy_stairs_connecting	stairs	-93	100	-174
114	rechiseled:bamboo_planks_beams_connecting	full	-90	100	-174
115	rechiseled:bamboo_planks_beams_slab_connecting	slab	-87	100	-174
116	rechiseled:bamboo_planks_beams_stairs_connecting	stairs	-84	100	-174
117	rechiseled:bamboo_planks_brick_pattern_connecting	full	-81	100	-174
118	rechiseled:bamboo_planks_brick_pattern_slab_connecting	slab	-78	100	-174
119	rechiseled:bamboo_planks_brick_pattern_stairs_connecting	stairs	-75	100	-174
120	rechiseled:bamboo_planks_brick_paving_connecting	full	-72	100	-174
121	rechiseled:bamboo_planks_brick_paving_slab_connecting	slab	-69	100	-174
122	rechiseled:bamboo_planks_brick_paving_stairs_connecting	stairs	-66	100	-174
123	rechiseled:bamboo_planks_bricks_connecting	full	-63	100	-174
124	rechiseled:bamboo_planks_bricks_slab_connecting	slab	-60	100	-174
125	rechiseled:bamboo_planks_bricks_stairs_connecting	stairs	-57	100	-174
126	rechiseled:bamboo_planks_crate_connecting	full	-180	100	-171
127	rechiseled:bamboo_planks_crate_slab_connecting	slab	-177	100	-171
128	rechiseled:bamboo_planks_crate_stairs_connecting	stairs	-174	100	-171
129	rechiseled:bamboo_planks_diagonal_stripes_connecting	full	-171	100	-171
130	rechiseled:bamboo_planks_diagonal_stripes_slab_connecting	slab	-168	100	-171
131	rechiseled:bamboo_planks_diagonal_stripes_stairs_connecting	stairs	-165	100	-171
132	rechiseled:bamboo_planks_diagonal_tiles_connecting	full	-162	100	-171
133	rechiseled:bamboo_planks_diagonal_tiles_slab_connecting	slab	-159	100	-171
134	rechiseled:bamboo_planks_diagonal_tiles_stairs_connecting	stairs	-156	100	-171
135	rechiseled:bamboo_planks_dotted_connecting	full	-153	100	-171
136	rechiseled:bamboo_planks_dotted_slab_connecting	slab	-150	100	-171
137	rechiseled:bamboo_planks_dotted_stairs_connecting	stairs	-147	100	-171
138	rechiseled:bamboo_planks_flooring_connecting	full	-144	100	-171
139	rechiseled:bamboo_planks_flooring_slab_connecting	slab	-141	100	-171
140	rechiseled:bamboo_planks_flooring_stairs_connecting	stairs	-138	100	-171
141	rechiseled:bamboo_planks_large_tiles_connecting	full	-135	100	-171
142	rechiseled:bamboo_planks_large_tiles_slab_connecting	slab	-132	100	-171
143	rechiseled:bamboo_planks_large_tiles_stairs_connecting	stairs	-129	100	-171
144	rechiseled:bamboo_planks_pattern_connecting	full	-126	100	-171
145	rechiseled:bamboo_planks_pattern_slab_connecting	slab	-123	100	-171
146	rechiseled:bamboo_planks_pattern_stairs_connecting	stairs	-120	100	-171
147	rechiseled:bamboo_planks_rotated_bricks_connecting	full	-117	100	-171
148	rechiseled:bamboo_planks_rotated_bricks_slab_connecting	slab	-114	100	-171
149	rechiseled:bamboo_planks_rotated_bricks_stairs_connecting	stairs	-111	100	-171
150	rechiseled:bamboo_planks_small_bricks_connecting	full	-108	100	-171
151	rechiseled:bamboo_planks_small_bricks_slab_connecting	slab	-105	100	-171
152	rechiseled:bamboo_planks_small_bricks_stairs_connecting	stairs	-102	100	-171
153	rechiseled:bamboo_planks_small_tiles_connecting	full	-99	100	-171
154	rechiseled:bamboo_planks_small_tiles_slab_connecting	slab	-96	100	-171
155	rechiseled:bamboo_planks_small_tiles_stairs_connecting	stairs	-93	100	-171
156	rechiseled:bamboo_planks_squares_connecting	full	-90	100	-171
157	rechiseled:bamboo_planks_squares_slab_connecting	slab	-87	100	-171
158	rechiseled:bamboo_planks_squares_stairs_connecting	stairs	-84	100	-171
159	rechiseled:bamboo_planks_tiles_connecting	full	-81	100	-171
160	rechiseled:bamboo_planks_tiles_slab_connecting	slab	-78	100	-171
161	rechiseled:bamboo_planks_tiles_stairs_connecting	stairs	-75	100	-171
162	rechiseled:bamboo_planks_wavy_connecting	full	-72	100	-171
163	rechiseled:bamboo_planks_wavy_slab_connecting	slab	-69	100	-171
164	rechiseled:bamboo_planks_wavy_stairs_connecting	stairs	-66	100	-171
165	rechiseled:bamboo_planks_woven_connecting	full	-63	100	-171
166	rechiseled:bamboo_planks_woven_slab_connecting	slab	-60	100	-171
167	rechiseled:bamboo_planks_woven_stairs_connecting	stairs	-57	100	-171
168	rechiseled:basalt_beams_connecting	full	-180	100	-168
169	rechiseled:basalt_beams_slab_connecting	slab	-177	100	-168
170	rechiseled:basalt_beams_stairs_connecting	stairs	-174	100	-168
171	rechiseled:basalt_bordered_connecting	full	-171	100	-168
172	rechiseled:basalt_bordered_polished_connecting	full	-168	100	-168
173	rechiseled:basalt_bordered_polished_slab_connecting	slab	-165	100	-168
174	rechiseled:basalt_bordered_polished_stairs_connecting	stairs	-162	100	-168
175	rechiseled:basalt_bordered_slab_connecting	slab	-159	100	-168
176	rechiseled:basalt_bordered_stairs_connecting	stairs	-156	100	-168
177	rechiseled:basalt_bricks_connecting	full	-153	100	-168
178	rechiseled:basalt_bricks_slab_connecting	slab	-150	100	-168
179	rechiseled:basalt_bricks_stairs_connecting	stairs	-147	100	-168
180	rechiseled:basalt_diagonal_tiles_connecting	full	-144	100	-168
181	rechiseled:basalt_diagonal_tiles_slab_connecting	slab	-141	100	-168
182	rechiseled:basalt_diagonal_tiles_stairs_connecting	stairs	-138	100	-168
183	rechiseled:basalt_pattern_connecting	full	-135	100	-168
184	rechiseled:basalt_pattern_slab_connecting	slab	-132	100	-168
185	rechiseled:basalt_pattern_stairs_connecting	stairs	-129	100	-168
186	rechiseled:basalt_patterned_connecting	full	-126	100	-168
187	rechiseled:basalt_patterned_slab_connecting	slab	-123	100	-168
188	rechiseled:basalt_patterned_stairs_connecting	stairs	-120	100	-168
189	rechiseled:basalt_tiles_connecting	full	-117	100	-168
190	rechiseled:basalt_tiles_slab_connecting	slab	-114	100	-168
191	rechiseled:basalt_tiles_stairs_connecting	stairs	-111	100	-168
192	rechiseled:birch_planks_beams_connecting	full	-108	100	-168
193	rechiseled:birch_planks_beams_slab_connecting	slab	-105	100	-168
194	rechiseled:birch_planks_beams_stairs_connecting	stairs	-102	100	-168
195	rechiseled:birch_planks_brick_pattern_connecting	full	-99	100	-168
196	rechiseled:birch_planks_brick_pattern_slab_connecting	slab	-96	100	-168
197	rechiseled:birch_planks_brick_pattern_stairs_connecting	stairs	-93	100	-168
198	rechiseled:birch_planks_brick_paving_connecting	full	-90	100	-168
199	rechiseled:birch_planks_brick_paving_slab_connecting	slab	-87	100	-168
200	rechiseled:birch_planks_brick_paving_stairs_connecting	stairs	-84	100	-168
201	rechiseled:birch_planks_bricks_connecting	full	-81	100	-168
202	rechiseled:birch_planks_bricks_slab_connecting	slab	-78	100	-168
203	rechiseled:birch_planks_bricks_stairs_connecting	stairs	-75	100	-168
204	rechiseled:birch_planks_crate_connecting	full	-72	100	-168
205	rechiseled:birch_planks_crate_slab_connecting	slab	-69	100	-168
206	rechiseled:birch_planks_crate_stairs_connecting	stairs	-66	100	-168
207	rechiseled:birch_planks_diagonal_stripes_connecting	full	-63	100	-168
208	rechiseled:birch_planks_diagonal_stripes_slab_connecting	slab	-60	100	-168
209	rechiseled:birch_planks_diagonal_stripes_stairs_connecting	stairs	-57	100	-168
210	rechiseled:birch_planks_diagonal_tiles_connecting	full	-180	100	-165
211	rechiseled:birch_planks_diagonal_tiles_slab_connecting	slab	-177	100	-165
212	rechiseled:birch_planks_diagonal_tiles_stairs_connecting	stairs	-174	100	-165
213	rechiseled:birch_planks_dotted_connecting	full	-171	100	-165
214	rechiseled:birch_planks_dotted_slab_connecting	slab	-168	100	-165
215	rechiseled:birch_planks_dotted_stairs_connecting	stairs	-165	100	-165
216	rechiseled:birch_planks_flooring_connecting	full	-162	100	-165
217	rechiseled:birch_planks_flooring_slab_connecting	slab	-159	100	-165
218	rechiseled:birch_planks_flooring_stairs_connecting	stairs	-156	100	-165
219	rechiseled:birch_planks_large_tiles_connecting	full	-153	100	-165
220	rechiseled:birch_planks_large_tiles_slab_connecting	slab	-150	100	-165
221	rechiseled:birch_planks_large_tiles_stairs_connecting	stairs	-147	100	-165
222	rechiseled:birch_planks_pattern_connecting	full	-144	100	-165
223	rechiseled:birch_planks_pattern_slab_connecting	slab	-141	100	-165
224	rechiseled:birch_planks_pattern_stairs_connecting	stairs	-138	100	-165
225	rechiseled:birch_planks_rotated_bricks_connecting	full	-135	100	-165
226	rechiseled:birch_planks_rotated_bricks_slab_connecting	slab	-132	100	-165
227	rechiseled:birch_planks_rotated_bricks_stairs_connecting	stairs	-129	100	-165
228	rechiseled:birch_planks_small_bricks_connecting	full	-126	100	-165
229	rechiseled:birch_planks_small_bricks_slab_connecting	slab	-123	100	-165
230	rechiseled:birch_planks_small_bricks_stairs_connecting	stairs	-120	100	-165
231	rechiseled:birch_planks_small_tiles_connecting	full	-117	100	-165
232	rechiseled:birch_planks_small_tiles_slab_connecting	slab	-114	100	-165
233	rechiseled:birch_planks_small_tiles_stairs_connecting	stairs	-111	100	-165
234	rechiseled:birch_planks_squares_connecting	full	-108	100	-165
235	rechiseled:birch_planks_squares_slab_connecting	slab	-105	100	-165
236	rechiseled:birch_planks_squares_stairs_connecting	stairs	-102	100	-165
237	rechiseled:birch_planks_tiles_connecting	full	-99	100	-165
238	rechiseled:birch_planks_tiles_slab_connecting	slab	-96	100	-165
239	rechiseled:birch_planks_tiles_stairs_connecting	stairs	-93	100	-165
240	rechiseled:birch_planks_wavy_connecting	full	-90	100	-165
241	rechiseled:birch_planks_wavy_slab_connecting	slab	-87	100	-165
242	rechiseled:birch_planks_wavy_stairs_connecting	stairs	-84	100	-165
243	rechiseled:birch_planks_woven_connecting	full	-81	100	-165
244	rechiseled:birch_planks_woven_slab_connecting	slab	-78	100	-165
245	rechiseled:birch_planks_woven_stairs_connecting	stairs	-75	100	-165
246	rechiseled:blackstone_brick_pattern_connecting	full	-72	100	-165
247	rechiseled:blackstone_brick_pattern_slab_connecting	slab	-69	100	-165
248	rechiseled:blackstone_brick_pattern_stairs_connecting	stairs	-66	100	-165
249	rechiseled:blackstone_brick_paving_connecting	full	-63	100	-165
250	rechiseled:blackstone_brick_paving_slab_connecting	slab	-60	100	-165
251	rechiseled:blackstone_brick_paving_stairs_connecting	stairs	-57	100	-165
252	rechiseled:blackstone_diagonal_bricks_connecting	full	-180	100	-162
253	rechiseled:blackstone_diagonal_bricks_slab_connecting	slab	-177	100	-162
254	rechiseled:blackstone_diagonal_bricks_stairs_connecting	stairs	-174	100	-162
255	rechiseled:blackstone_polished_connecting	full	-171	100	-162
256	rechiseled:blackstone_polished_slab_connecting	slab	-168	100	-162
257	rechiseled:blackstone_polished_stairs_connecting	stairs	-165	100	-162
258	rechiseled:blackstone_rotated_bricks_connecting	full	-162	100	-162
259	rechiseled:blackstone_rotated_bricks_slab_connecting	slab	-159	100	-162
260	rechiseled:blackstone_rotated_bricks_stairs_connecting	stairs	-156	100	-162
261	rechiseled:blackstone_tiles_connecting	full	-153	100	-162
262	rechiseled:blackstone_tiles_slab_connecting	slab	-150	100	-162
263	rechiseled:blackstone_tiles_stairs_connecting	stairs	-147	100	-162
264	rechiseled:blue_ice_bordered_connecting	full	-144	100	-162
265	rechiseled:blue_ice_bordered_slab_connecting	slab	-141	100	-162
266	rechiseled:blue_ice_bordered_stairs_connecting	stairs	-138	100	-162
267	rechiseled:blue_ice_bricks_connecting	full	-135	100	-162
268	rechiseled:blue_ice_bricks_slab_connecting	slab	-132	100	-162
269	rechiseled:blue_ice_bricks_stairs_connecting	stairs	-129	100	-162
270	rechiseled:blue_ice_chiseled_connecting	full	-126	100	-162
271	rechiseled:blue_ice_chiseled_slab_connecting	slab	-123	100	-162
272	rechiseled:blue_ice_chiseled_stairs_connecting	stairs	-120	100	-162
273	rechiseled:blue_ice_patterned_connecting	full	-117	100	-162
274	rechiseled:blue_ice_patterned_slab_connecting	slab	-114	100	-162
275	rechiseled:blue_ice_patterned_stairs_connecting	stairs	-111	100	-162
276	rechiseled:blue_ice_pillar_connecting	axis	-108	100	-162
277	rechiseled:blue_ice_pillar_slab_connecting	slab	-105	100	-162
278	rechiseled:blue_ice_pillar_stairs_connecting	stairs	-102	100	-162
279	rechiseled:blue_ice_slanted_tiles_connecting	full	-99	100	-162
280	rechiseled:blue_ice_slanted_tiles_slab_connecting	slab	-96	100	-162
281	rechiseled:blue_ice_slanted_tiles_stairs_connecting	stairs	-93	100	-162
282	rechiseled:blue_ice_tiles_connecting	full	-90	100	-162
283	rechiseled:blue_ice_tiles_slab_connecting	slab	-87	100	-162
284	rechiseled:blue_ice_tiles_stairs_connecting	stairs	-84	100	-162
285	rechiseled:bone_block_bordered_connecting	full	-81	100	-162
286	rechiseled:bone_block_bordered_slab_connecting	slab	-78	100	-162
287	rechiseled:bone_block_bordered_stairs_connecting	stairs	-75	100	-162
288	rechiseled:bone_block_chiseled_connecting	full	-72	100	-162
289	rechiseled:bone_block_chiseled_slab_connecting	slab	-69	100	-162
290	rechiseled:bone_block_chiseled_stairs_connecting	stairs	-66	100	-162
291	rechiseled:bone_block_connecting_connecting	axis	-63	100	-162
292	rechiseled:bone_block_connecting_slab_connecting	slab	-60	100	-162
293	rechiseled:bone_block_connecting_stairs_connecting	stairs	-57	100	-162
294	rechiseled:bone_block_decorated_bordered_connecting	full	-180	100	-159
295	rechiseled:bone_block_decorated_bordered_slab_connecting	slab	-177	100	-159
296	rechiseled:bone_block_decorated_bordered_stairs_connecting	stairs	-174	100	-159
297	rechiseled:bone_block_inverted_tiles_connecting	full	-171	100	-159
298	rechiseled:bone_block_inverted_tiles_slab_connecting	slab	-168	100	-159
299	rechiseled:bone_block_inverted_tiles_stairs_connecting	stairs	-165	100	-159
300	rechiseled:bone_block_patterned_connecting	full	-162	100	-159
301	rechiseled:bone_block_patterned_slab_connecting	slab	-159	100	-159
302	rechiseled:bone_block_patterned_stairs_connecting	stairs	-156	100	-159
303	rechiseled:bone_block_pillar_connecting	axis	-153	100	-159
304	rechiseled:bone_block_pillar_slab_connecting	slab	-150	100	-159
305	rechiseled:bone_block_pillar_stairs_connecting	stairs	-147	100	-159
306	rechiseled:cherry_planks_beams_connecting	full	-144	100	-159
307	rechiseled:cherry_planks_beams_slab_connecting	slab	-141	100	-159
308	rechiseled:cherry_planks_beams_stairs_connecting	stairs	-138	100	-159
309	rechiseled:cherry_planks_brick_pattern_connecting	full	-135	100	-159
310	rechiseled:cherry_planks_brick_pattern_slab_connecting	slab	-132	100	-159
311	rechiseled:cherry_planks_brick_pattern_stairs_connecting	stairs	-129	100	-159
312	rechiseled:cherry_planks_brick_paving_connecting	full	-126	100	-159
313	rechiseled:cherry_planks_brick_paving_slab_connecting	slab	-123	100	-159
314	rechiseled:cherry_planks_brick_paving_stairs_connecting	stairs	-120	100	-159
315	rechiseled:cherry_planks_bricks_connecting	full	-117	100	-159
316	rechiseled:cherry_planks_bricks_slab_connecting	slab	-114	100	-159
317	rechiseled:cherry_planks_bricks_stairs_connecting	stairs	-111	100	-159
318	rechiseled:cherry_planks_crate_connecting	full	-108	100	-159
319	rechiseled:cherry_planks_crate_slab_connecting	slab	-105	100	-159
320	rechiseled:cherry_planks_crate_stairs_connecting	stairs	-102	100	-159
321	rechiseled:cherry_planks_diagonal_stripes_connecting	full	-99	100	-159
322	rechiseled:cherry_planks_diagonal_stripes_slab_connecting	slab	-96	100	-159
323	rechiseled:cherry_planks_diagonal_stripes_stairs_connecting	stairs	-93	100	-159
324	rechiseled:cherry_planks_diagonal_tiles_connecting	full	-90	100	-159
325	rechiseled:cherry_planks_diagonal_tiles_slab_connecting	slab	-87	100	-159
326	rechiseled:cherry_planks_diagonal_tiles_stairs_connecting	stairs	-84	100	-159
327	rechiseled:cherry_planks_dotted_connecting	full	-81	100	-159
328	rechiseled:cherry_planks_dotted_slab_connecting	slab	-78	100	-159
329	rechiseled:cherry_planks_dotted_stairs_connecting	stairs	-75	100	-159
330	rechiseled:cherry_planks_flooring_connecting	full	-72	100	-159
331	rechiseled:cherry_planks_flooring_slab_connecting	slab	-69	100	-159
332	rechiseled:cherry_planks_flooring_stairs_connecting	stairs	-66	100	-159
333	rechiseled:cherry_planks_large_tiles_connecting	full	-63	100	-159
334	rechiseled:cherry_planks_large_tiles_slab_connecting	slab	-60	100	-159
335	rechiseled:cherry_planks_large_tiles_stairs_connecting	stairs	-57	100	-159
336	rechiseled:cherry_planks_pattern_connecting	full	-180	100	-156
337	rechiseled:cherry_planks_pattern_slab_connecting	slab	-177	100	-156
338	rechiseled:cherry_planks_pattern_stairs_connecting	stairs	-174	100	-156
339	rechiseled:cherry_planks_rotated_bricks_connecting	full	-171	100	-156
340	rechiseled:cherry_planks_rotated_bricks_slab_connecting	slab	-168	100	-156
341	rechiseled:cherry_planks_rotated_bricks_stairs_connecting	stairs	-165	100	-156
342	rechiseled:cherry_planks_small_bricks_connecting	full	-162	100	-156
343	rechiseled:cherry_planks_small_bricks_slab_connecting	slab	-159	100	-156
344	rechiseled:cherry_planks_small_bricks_stairs_connecting	stairs	-156	100	-156
345	rechiseled:cherry_planks_small_tiles_connecting	full	-153	100	-156
346	rechiseled:cherry_planks_small_tiles_slab_connecting	slab	-150	100	-156
347	rechiseled:cherry_planks_small_tiles_stairs_connecting	stairs	-147	100	-156
348	rechiseled:cherry_planks_squares_connecting	full	-144	100	-156
349	rechiseled:cherry_planks_squares_slab_connecting	slab	-141	100	-156
350	rechiseled:cherry_planks_squares_stairs_connecting	stairs	-138	100	-156
351	rechiseled:cherry_planks_tiles_connecting	full	-135	100	-156
352	rechiseled:cherry_planks_tiles_slab_connecting	slab	-132	100	-156
353	rechiseled:cherry_planks_tiles_stairs_connecting	stairs	-129	100	-156
354	rechiseled:cherry_planks_wavy_connecting	full	-126	100	-156
355	rechiseled:cherry_planks_wavy_slab_connecting	slab	-123	100	-156
356	rechiseled:cherry_planks_wavy_stairs_connecting	stairs	-120	100	-156
357	rechiseled:cherry_planks_woven_connecting	full	-117	100	-156
358	rechiseled:cherry_planks_woven_slab_connecting	slab	-114	100	-156
359	rechiseled:cherry_planks_woven_stairs_connecting	stairs	-111	100	-156
360	rechiseled:coal_block_carved_connecting	full	-108	100	-156
361	rechiseled:coal_block_carved_slab_connecting	slab	-105	100	-156
362	rechiseled:coal_block_carved_stairs_connecting	stairs	-102	100	-156
363	rechiseled:coal_block_chiseled_connecting	full	-99	100	-156
364	rechiseled:coal_block_chiseled_slab_connecting	slab	-96	100	-156
365	rechiseled:coal_block_chiseled_stairs_connecting	stairs	-93	100	-156
366	rechiseled:coal_block_circles_connecting	full	-90	100	-156
367	rechiseled:coal_block_circles_slab_connecting	slab	-87	100	-156
368	rechiseled:coal_block_circles_stairs_connecting	stairs	-84	100	-156
369	rechiseled:coal_block_compacted_connecting	full	-81	100	-156
370	rechiseled:coal_block_compacted_slab_connecting	slab	-78	100	-156
371	rechiseled:coal_block_compacted_stairs_connecting	stairs	-75	100	-156
372	rechiseled:coal_block_ovals_connecting	full	-72	100	-156
373	rechiseled:coal_block_ovals_slab_connecting	slab	-69	100	-156
374	rechiseled:coal_block_ovals_stairs_connecting	stairs	-66	100	-156
375	rechiseled:coal_block_pattern_connecting	full	-63	100	-156
376	rechiseled:coal_block_pattern_slab_connecting	slab	-60	100	-156
377	rechiseled:coal_block_pattern_stairs_connecting	stairs	-57	100	-156
378	rechiseled:coal_block_pillar_connecting	axis	-180	100	-153
379	rechiseled:coal_block_pillar_slab_connecting	slab	-177	100	-153
380	rechiseled:coal_block_pillar_stairs_connecting	stairs	-174	100	-153
381	rechiseled:coal_block_rotated_bricks_connecting	full	-171	100	-153
382	rechiseled:coal_block_rotated_bricks_slab_connecting	slab	-168	100	-153
383	rechiseled:coal_block_rotated_bricks_stairs_connecting	stairs	-165	100	-153
384	rechiseled:coal_block_small_tiles_connecting	full	-162	100	-153
385	rechiseled:coal_block_small_tiles_slab_connecting	slab	-159	100	-153
386	rechiseled:coal_block_small_tiles_stairs_connecting	stairs	-156	100	-153
387	rechiseled:coal_block_stripes_connecting	full	-153	100	-153
388	rechiseled:coal_block_stripes_slab_connecting	slab	-150	100	-153
389	rechiseled:coal_block_stripes_stairs_connecting	stairs	-147	100	-153
390	rechiseled:cobbled_deepslate_beams_connecting	full	-144	100	-153
391	rechiseled:cobbled_deepslate_beams_slab_connecting	slab	-141	100	-153
392	rechiseled:cobbled_deepslate_beams_stairs_connecting	stairs	-138	100	-153
393	rechiseled:cobbled_deepslate_brick_pattern_connecting	full	-135	100	-153
394	rechiseled:cobbled_deepslate_brick_pattern_slab_connecting	slab	-132	100	-153
395	rechiseled:cobbled_deepslate_brick_pattern_stairs_connecting	stairs	-129	100	-153
396	rechiseled:cobbled_deepslate_brick_paving_connecting	full	-126	100	-153
397	rechiseled:cobbled_deepslate_brick_paving_slab_connecting	slab	-123	100	-153
398	rechiseled:cobbled_deepslate_brick_paving_stairs_connecting	stairs	-120	100	-153
399	rechiseled:cobbled_deepslate_bricks_connecting	full	-117	100	-153
400	rechiseled:cobbled_deepslate_bricks_slab_connecting	slab	-114	100	-153
401	rechiseled:cobbled_deepslate_bricks_stairs_connecting	stairs	-111	100	-153
402	rechiseled:cobbled_deepslate_large_tiles_connecting	full	-108	100	-153
403	rechiseled:cobbled_deepslate_large_tiles_slab_connecting	slab	-105	100	-153
404	rechiseled:cobbled_deepslate_large_tiles_stairs_connecting	stairs	-102	100	-153
405	rechiseled:cobbled_deepslate_paving_connecting	full	-99	100	-153
406	rechiseled:cobbled_deepslate_paving_slab_connecting	slab	-96	100	-153
407	rechiseled:cobbled_deepslate_paving_stairs_connecting	stairs	-93	100	-153
408	rechiseled:cobbled_deepslate_pillar_connecting	axis	-90	100	-153
409	rechiseled:cobbled_deepslate_pillar_slab_connecting	slab	-87	100	-153
410	rechiseled:cobbled_deepslate_pillar_stairs_connecting	stairs	-84	100	-153
411	rechiseled:cobbled_deepslate_pulverized_connecting	full	-81	100	-153
412	rechiseled:cobbled_deepslate_pulverized_slab_connecting	slab	-78	100	-153
413	rechiseled:cobbled_deepslate_pulverized_stairs_connecting	stairs	-75	100	-153
414	rechiseled:cobbled_deepslate_rotated_bricks_connecting	full	-72	100	-153
415	rechiseled:cobbled_deepslate_rotated_bricks_slab_connecting	slab	-69	100	-153
416	rechiseled:cobbled_deepslate_rotated_bricks_stairs_connecting	stairs	-66	100	-153
417	rechiseled:cobbled_deepslate_small_tiles_connecting	full	-63	100	-153
418	rechiseled:cobbled_deepslate_small_tiles_slab_connecting	slab	-60	100	-153
419	rechiseled:cobbled_deepslate_small_tiles_stairs_connecting	stairs	-57	100	-153
420	rechiseled:cobbled_deepslate_squares_connecting	full	-180	100	-150
421	rechiseled:cobbled_deepslate_squares_slab_connecting	slab	-177	100	-150
422	rechiseled:cobbled_deepslate_squares_stairs_connecting	stairs	-174	100	-150
423	rechiseled:cobbled_deepslate_stripes_connecting	full	-171	100	-150
424	rechiseled:cobbled_deepslate_stripes_slab_connecting	slab	-168	100	-150
425	rechiseled:cobbled_deepslate_stripes_stairs_connecting	stairs	-165	100	-150
426	rechiseled:cobbled_deepslate_tiles_connecting	full	-162	100	-150
427	rechiseled:cobbled_deepslate_tiles_slab_connecting	slab	-159	100	-150
428	rechiseled:cobbled_deepslate_tiles_stairs_connecting	stairs	-156	100	-150
429	rechiseled:cobbled_deepslate_worn_stripes_connecting	full	-153	100	-150
430	rechiseled:cobbled_deepslate_worn_stripes_slab_connecting	slab	-150	100	-150
431	rechiseled:cobbled_deepslate_worn_stripes_stairs_connecting	stairs	-147	100	-150
432	rechiseled:cobblestone_beams_connecting	full	-144	100	-150
433	rechiseled:cobblestone_beams_slab_connecting	slab	-141	100	-150
434	rechiseled:cobblestone_beams_stairs_connecting	stairs	-138	100	-150
435	rechiseled:cobblestone_brick_pattern_connecting	full	-135	100	-150
436	rechiseled:cobblestone_brick_pattern_slab_connecting	slab	-132	100	-150
437	rechiseled:cobblestone_brick_pattern_stairs_connecting	stairs	-129	100	-150
438	rechiseled:cobblestone_brick_paving_connecting	full	-126	100	-150
439	rechiseled:cobblestone_brick_paving_slab_connecting	slab	-123	100	-150
440	rechiseled:cobblestone_brick_paving_stairs_connecting	stairs	-120	100	-150
441	rechiseled:cobblestone_chiseled_border_connecting	full	-117	100	-150
442	rechiseled:cobblestone_chiseled_border_slab_connecting	slab	-114	100	-150
443	rechiseled:cobblestone_chiseled_border_stairs_connecting	stairs	-111	100	-150
444	rechiseled:cobblestone_crosses_connecting	full	-108	100	-150
445	rechiseled:cobblestone_crosses_slab_connecting	slab	-105	100	-150
446	rechiseled:cobblestone_crosses_stairs_connecting	stairs	-102	100	-150
447	rechiseled:cobblestone_dented_connecting	full	-99	100	-150
448	rechiseled:cobblestone_dented_slab_connecting	slab	-96	100	-150
449	rechiseled:cobblestone_dented_stairs_connecting	stairs	-93	100	-150
450	rechiseled:cobblestone_inverted_dented_connecting	full	-90	100	-150
451	rechiseled:cobblestone_inverted_dented_slab_connecting	slab	-87	100	-150
452	rechiseled:cobblestone_inverted_dented_stairs_connecting	stairs	-84	100	-150
453	rechiseled:cobblestone_paving_connecting	full	-81	100	-150
454	rechiseled:cobblestone_paving_slab_connecting	slab	-78	100	-150
455	rechiseled:cobblestone_paving_stairs_connecting	stairs	-75	100	-150
456	rechiseled:cobblestone_pillar_connecting	axis	-72	100	-150
457	rechiseled:cobblestone_pillar_slab_connecting	slab	-69	100	-150
458	rechiseled:cobblestone_pillar_stairs_connecting	stairs	-66	100	-150
459	rechiseled:cobblestone_pulverized_connecting	full	-63	100	-150
460	rechiseled:cobblestone_pulverized_slab_connecting	slab	-60	100	-150
461	rechiseled:cobblestone_pulverized_stairs_connecting	stairs	-57	100	-150
462	rechiseled:cobblestone_rotated_bricks_connecting	full	-180	100	-147
463	rechiseled:cobblestone_rotated_bricks_slab_connecting	slab	-177	100	-147
464	rechiseled:cobblestone_rotated_bricks_stairs_connecting	stairs	-174	100	-147
465	rechiseled:cobblestone_small_tiles_connecting	full	-171	100	-147
466	rechiseled:cobblestone_small_tiles_slab_connecting	slab	-168	100	-147
467	rechiseled:cobblestone_small_tiles_stairs_connecting	stairs	-165	100	-147
468	rechiseled:cobblestone_squares_connecting	full	-162	100	-147
469	rechiseled:cobblestone_squares_slab_connecting	slab	-159	100	-147
470	rechiseled:cobblestone_squares_stairs_connecting	stairs	-156	100	-147
471	rechiseled:cobblestone_stripes_connecting	full	-153	100	-147
472	rechiseled:cobblestone_stripes_slab_connecting	slab	-150	100	-147
473	rechiseled:cobblestone_stripes_stairs_connecting	stairs	-147	100	-147
474	rechiseled:cobblestone_tiles_connecting	full	-144	100	-147
475	rechiseled:cobblestone_tiles_slab_connecting	slab	-141	100	-147
476	rechiseled:cobblestone_tiles_stairs_connecting	stairs	-138	100	-147
477	rechiseled:cobblestone_worn_stripes_connecting	full	-135	100	-147
478	rechiseled:cobblestone_worn_stripes_slab_connecting	slab	-132	100	-147
479	rechiseled:cobblestone_worn_stripes_stairs_connecting	stairs	-129	100	-147
480	rechiseled:copper_block_bars_connecting	full	-126	100	-147
481	rechiseled:copper_block_bars_slab_connecting	slab	-123	100	-147
482	rechiseled:copper_block_bars_stairs_connecting	stairs	-120	100	-147
483	rechiseled:copper_block_circles_connecting	full	-117	100	-147
484	rechiseled:copper_block_circles_slab_connecting	slab	-114	100	-147
485	rechiseled:copper_block_circles_stairs_connecting	stairs	-111	100	-147
486	rechiseled:copper_block_gears_connecting	full	-108	100	-147
487	rechiseled:copper_block_gears_slab_connecting	slab	-105	100	-147
488	rechiseled:copper_block_gears_stairs_connecting	stairs	-102	100	-147
489	rechiseled:copper_block_lines_connecting	full	-99	100	-147
490	rechiseled:copper_block_lines_slab_connecting	slab	-96	100	-147
491	rechiseled:copper_block_lines_stairs_connecting	stairs	-93	100	-147
492	rechiseled:copper_block_pattern_connecting	full	-90	100	-147
493	rechiseled:copper_block_pattern_slab_connecting	slab	-87	100	-147
494	rechiseled:copper_block_pattern_stairs_connecting	stairs	-84	100	-147
495	rechiseled:copper_block_pillar_connecting	axis	-81	100	-147
496	rechiseled:copper_block_pillar_slab_connecting	slab	-78	100	-147
497	rechiseled:copper_block_pillar_stairs_connecting	stairs	-75	100	-147
498	rechiseled:copper_block_polished_connecting	full	-72	100	-147
499	rechiseled:copper_block_polished_slab_connecting	slab	-69	100	-147
500	rechiseled:copper_block_polished_stairs_connecting	stairs	-66	100	-147
501	rechiseled:copper_block_shafts_connecting	full	-63	100	-147
502	rechiseled:copper_block_shafts_slab_connecting	slab	-60	100	-147
503	rechiseled:copper_block_shafts_stairs_connecting	stairs	-57	100	-147
504	rechiseled:copper_block_small_bricks_connecting	full	-180	100	-144
505	rechiseled:copper_block_small_bricks_slab_connecting	slab	-177	100	-144
506	rechiseled:copper_block_small_bricks_stairs_connecting	stairs	-174	100	-144
507	rechiseled:crimson_planks_beams_connecting	full	-171	100	-144
508	rechiseled:crimson_planks_beams_slab_connecting	slab	-168	100	-144
509	rechiseled:crimson_planks_beams_stairs_connecting	stairs	-165	100	-144
510	rechiseled:crimson_planks_brick_pattern_connecting	full	-162	100	-144
511	rechiseled:crimson_planks_brick_pattern_slab_connecting	slab	-159	100	-144
512	rechiseled:crimson_planks_brick_pattern_stairs_connecting	stairs	-156	100	-144
513	rechiseled:crimson_planks_brick_paving_connecting	full	-153	100	-144
514	rechiseled:crimson_planks_brick_paving_slab_connecting	slab	-150	100	-144
515	rechiseled:crimson_planks_brick_paving_stairs_connecting	stairs	-147	100	-144
516	rechiseled:crimson_planks_bricks_connecting	full	-144	100	-144
517	rechiseled:crimson_planks_bricks_slab_connecting	slab	-141	100	-144
518	rechiseled:crimson_planks_bricks_stairs_connecting	stairs	-138	100	-144
519	rechiseled:crimson_planks_crate_connecting	full	-135	100	-144
520	rechiseled:crimson_planks_crate_slab_connecting	slab	-132	100	-144
521	rechiseled:crimson_planks_crate_stairs_connecting	stairs	-129	100	-144
522	rechiseled:crimson_planks_diagonal_stripes_connecting	full	-126	100	-144
523	rechiseled:crimson_planks_diagonal_stripes_slab_connecting	slab	-123	100	-144
524	rechiseled:crimson_planks_diagonal_stripes_stairs_connecting	stairs	-120	100	-144
525	rechiseled:crimson_planks_diagonal_tiles_connecting	full	-117	100	-144
526	rechiseled:crimson_planks_diagonal_tiles_slab_connecting	slab	-114	100	-144
527	rechiseled:crimson_planks_diagonal_tiles_stairs_connecting	stairs	-111	100	-144
528	rechiseled:crimson_planks_dotted_connecting	full	-108	100	-144
529	rechiseled:crimson_planks_dotted_slab_connecting	slab	-105	100	-144
530	rechiseled:crimson_planks_dotted_stairs_connecting	stairs	-102	100	-144
531	rechiseled:crimson_planks_flooring_connecting	full	-99	100	-144
532	rechiseled:crimson_planks_flooring_slab_connecting	slab	-96	100	-144
533	rechiseled:crimson_planks_flooring_stairs_connecting	stairs	-93	100	-144
534	rechiseled:crimson_planks_large_tiles_connecting	full	-90	100	-144
535	rechiseled:crimson_planks_large_tiles_slab_connecting	slab	-87	100	-144
536	rechiseled:crimson_planks_large_tiles_stairs_connecting	stairs	-84	100	-144
537	rechiseled:crimson_planks_pattern_connecting	full	-81	100	-144
538	rechiseled:crimson_planks_pattern_slab_connecting	slab	-78	100	-144
539	rechiseled:crimson_planks_pattern_stairs_connecting	stairs	-75	100	-144
540	rechiseled:crimson_planks_rotated_bricks_connecting	full	-72	100	-144
541	rechiseled:crimson_planks_rotated_bricks_slab_connecting	slab	-69	100	-144
542	rechiseled:crimson_planks_rotated_bricks_stairs_connecting	stairs	-66	100	-144
543	rechiseled:crimson_planks_small_bricks_connecting	full	-63	100	-144
544	rechiseled:crimson_planks_small_bricks_slab_connecting	slab	-60	100	-144
545	rechiseled:crimson_planks_small_bricks_stairs_connecting	stairs	-57	100	-144
546	rechiseled:crimson_planks_small_tiles_connecting	full	-180	100	-141
547	rechiseled:crimson_planks_small_tiles_slab_connecting	slab	-177	100	-141
548	rechiseled:crimson_planks_small_tiles_stairs_connecting	stairs	-174	100	-141
549	rechiseled:crimson_planks_squares_connecting	full	-171	100	-141
550	rechiseled:crimson_planks_squares_slab_connecting	slab	-168	100	-141
551	rechiseled:crimson_planks_squares_stairs_connecting	stairs	-165	100	-141
552	rechiseled:crimson_planks_tiles_connecting	full	-162	100	-141
553	rechiseled:crimson_planks_tiles_slab_connecting	slab	-159	100	-141
554	rechiseled:crimson_planks_tiles_stairs_connecting	stairs	-156	100	-141
555	rechiseled:crimson_planks_wavy_connecting	full	-153	100	-141
556	rechiseled:crimson_planks_wavy_slab_connecting	slab	-150	100	-141
557	rechiseled:crimson_planks_wavy_stairs_connecting	stairs	-147	100	-141
558	rechiseled:crimson_planks_woven_connecting	full	-144	100	-141
559	rechiseled:crimson_planks_woven_slab_connecting	slab	-141	100	-141
560	rechiseled:crimson_planks_woven_stairs_connecting	stairs	-138	100	-141
561	rechiseled:dark_oak_planks_beams_connecting	full	-135	100	-141
562	rechiseled:dark_oak_planks_beams_slab_connecting	slab	-132	100	-141
563	rechiseled:dark_oak_planks_beams_stairs_connecting	stairs	-129	100	-141
564	rechiseled:dark_oak_planks_brick_pattern_connecting	full	-126	100	-141
565	rechiseled:dark_oak_planks_brick_pattern_slab_connecting	slab	-123	100	-141
566	rechiseled:dark_oak_planks_brick_pattern_stairs_connecting	stairs	-120	100	-141
567	rechiseled:dark_oak_planks_brick_paving_connecting	full	-117	100	-141
568	rechiseled:dark_oak_planks_brick_paving_slab_connecting	slab	-114	100	-141
569	rechiseled:dark_oak_planks_brick_paving_stairs_connecting	stairs	-111	100	-141
570	rechiseled:dark_oak_planks_bricks_connecting	full	-108	100	-141
571	rechiseled:dark_oak_planks_bricks_slab_connecting	slab	-105	100	-141
572	rechiseled:dark_oak_planks_bricks_stairs_connecting	stairs	-102	100	-141
573	rechiseled:dark_oak_planks_crate_connecting	full	-99	100	-141
574	rechiseled:dark_oak_planks_crate_slab_connecting	slab	-96	100	-141
575	rechiseled:dark_oak_planks_crate_stairs_connecting	stairs	-93	100	-141
576	rechiseled:dark_oak_planks_diagonal_stripes_connecting	full	-90	100	-141
577	rechiseled:dark_oak_planks_diagonal_stripes_slab_connecting	slab	-87	100	-141
578	rechiseled:dark_oak_planks_diagonal_stripes_stairs_connecting	stairs	-84	100	-141
579	rechiseled:dark_oak_planks_diagonal_tiles_connecting	full	-81	100	-141
580	rechiseled:dark_oak_planks_diagonal_tiles_slab_connecting	slab	-78	100	-141
581	rechiseled:dark_oak_planks_diagonal_tiles_stairs_connecting	stairs	-75	100	-141
582	rechiseled:dark_oak_planks_dotted_connecting	full	-72	100	-141
583	rechiseled:dark_oak_planks_dotted_slab_connecting	slab	-69	100	-141
584	rechiseled:dark_oak_planks_dotted_stairs_connecting	stairs	-66	100	-141
585	rechiseled:dark_oak_planks_flooring_connecting	full	-63	100	-141
586	rechiseled:dark_oak_planks_flooring_slab_connecting	slab	-60	100	-141
587	rechiseled:dark_oak_planks_flooring_stairs_connecting	stairs	-57	100	-141
588	rechiseled:dark_oak_planks_large_tiles_connecting	full	-180	100	-138
589	rechiseled:dark_oak_planks_large_tiles_slab_connecting	slab	-177	100	-138
590	rechiseled:dark_oak_planks_large_tiles_stairs_connecting	stairs	-174	100	-138
591	rechiseled:dark_oak_planks_pattern_connecting	full	-171	100	-138
592	rechiseled:dark_oak_planks_pattern_slab_connecting	slab	-168	100	-138
593	rechiseled:dark_oak_planks_pattern_stairs_connecting	stairs	-165	100	-138
594	rechiseled:dark_oak_planks_rotated_bricks_connecting	full	-162	100	-138
595	rechiseled:dark_oak_planks_rotated_bricks_slab_connecting	slab	-159	100	-138
596	rechiseled:dark_oak_planks_rotated_bricks_stairs_connecting	stairs	-156	100	-138
597	rechiseled:dark_oak_planks_small_bricks_connecting	full	-153	100	-138
598	rechiseled:dark_oak_planks_small_bricks_slab_connecting	slab	-150	100	-138
599	rechiseled:dark_oak_planks_small_bricks_stairs_connecting	stairs	-147	100	-138
600	rechiseled:dark_oak_planks_small_tiles_connecting	full	-144	100	-138
601	rechiseled:dark_oak_planks_small_tiles_slab_connecting	slab	-141	100	-138
602	rechiseled:dark_oak_planks_small_tiles_stairs_connecting	stairs	-138	100	-138
603	rechiseled:dark_oak_planks_squares_connecting	full	-135	100	-138
604	rechiseled:dark_oak_planks_squares_slab_connecting	slab	-132	100	-138
605	rechiseled:dark_oak_planks_squares_stairs_connecting	stairs	-129	100	-138
606	rechiseled:dark_oak_planks_tiles_connecting	full	-126	100	-138
607	rechiseled:dark_oak_planks_tiles_slab_connecting	slab	-123	100	-138
608	rechiseled:dark_oak_planks_tiles_stairs_connecting	stairs	-120	100	-138
609	rechiseled:dark_oak_planks_wavy_connecting	full	-117	100	-138
610	rechiseled:dark_oak_planks_wavy_slab_connecting	slab	-114	100	-138
611	rechiseled:dark_oak_planks_wavy_stairs_connecting	stairs	-111	100	-138
612	rechiseled:dark_oak_planks_woven_connecting	full	-108	100	-138
613	rechiseled:dark_oak_planks_woven_slab_connecting	slab	-105	100	-138
614	rechiseled:dark_oak_planks_woven_stairs_connecting	stairs	-102	100	-138
615	rechiseled:dark_prismarine_beams_connecting	full	-99	100	-138
616	rechiseled:dark_prismarine_beams_slab_connecting	slab	-96	100	-138
617	rechiseled:dark_prismarine_beams_stairs_connecting	stairs	-93	100	-138
618	rechiseled:dark_prismarine_brick_paving_connecting	full	-90	100	-138
619	rechiseled:dark_prismarine_brick_paving_slab_connecting	slab	-87	100	-138
620	rechiseled:dark_prismarine_brick_paving_stairs_connecting	stairs	-84	100	-138
621	rechiseled:dark_prismarine_bricks_connecting	full	-81	100	-138
622	rechiseled:dark_prismarine_bricks_slab_connecting	slab	-78	100	-138
623	rechiseled:dark_prismarine_bricks_stairs_connecting	stairs	-75	100	-138
624	rechiseled:dark_prismarine_dotted_connecting	full	-72	100	-138
625	rechiseled:dark_prismarine_dotted_slab_connecting	slab	-69	100	-138
626	rechiseled:dark_prismarine_dotted_stairs_connecting	stairs	-66	100	-138
627	rechiseled:dark_prismarine_fabric_connecting	full	-63	100	-138
628	rechiseled:dark_prismarine_fabric_slab_connecting	slab	-60	100	-138
629	rechiseled:dark_prismarine_fabric_stairs_connecting	stairs	-57	100	-138
630	rechiseled:dark_prismarine_large_tiles_connecting	full	-180	100	-135
631	rechiseled:dark_prismarine_large_tiles_slab_connecting	slab	-177	100	-135
632	rechiseled:dark_prismarine_large_tiles_stairs_connecting	stairs	-174	100	-135
633	rechiseled:dark_prismarine_rotated_bricks_connecting	full	-171	100	-135
634	rechiseled:dark_prismarine_rotated_bricks_slab_connecting	slab	-168	100	-135
635	rechiseled:dark_prismarine_rotated_bricks_stairs_connecting	stairs	-165	100	-135
636	rechiseled:dark_prismarine_rows_connecting	full	-162	100	-135
637	rechiseled:dark_prismarine_rows_slab_connecting	slab	-159	100	-135
638	rechiseled:dark_prismarine_rows_stairs_connecting	stairs	-156	100	-135
639	rechiseled:dark_prismarine_squares_connecting	full	-153	100	-135
640	rechiseled:dark_prismarine_squares_slab_connecting	slab	-150	100	-135
641	rechiseled:dark_prismarine_squares_stairs_connecting	stairs	-147	100	-135
642	rechiseled:dark_prismarine_tiles_connecting	full	-144	100	-135
643	rechiseled:dark_prismarine_tiles_slab_connecting	slab	-141	100	-135
644	rechiseled:dark_prismarine_tiles_stairs_connecting	stairs	-138	100	-135
645	rechiseled:dark_prismarine_wavy_connecting	full	-135	100	-135
646	rechiseled:dark_prismarine_wavy_slab_connecting	slab	-132	100	-135
647	rechiseled:dark_prismarine_wavy_stairs_connecting	stairs	-129	100	-135
648	rechiseled:dark_prismarine_woven_connecting	full	-126	100	-135
649	rechiseled:dark_prismarine_woven_slab_connecting	slab	-123	100	-135
650	rechiseled:dark_prismarine_woven_stairs_connecting	stairs	-120	100	-135
651	rechiseled:diamond_block_chiseled_connecting	full	-117	100	-135
652	rechiseled:diamond_block_chiseled_cubes_connecting	full	-114	100	-135
653	rechiseled:diamond_block_chiseled_cubes_slab_connecting	slab	-111	100	-135
654	rechiseled:diamond_block_chiseled_cubes_stairs_connecting	stairs	-108	100	-135
655	rechiseled:diamond_block_chiseled_slab_connecting	slab	-105	100	-135
656	rechiseled:diamond_block_chiseled_stairs_connecting	stairs	-102	100	-135
657	rechiseled:diamond_block_connecting_connecting	full	-99	100	-135
658	rechiseled:diamond_block_connecting_slab_connecting	slab	-96	100	-135
659	rechiseled:diamond_block_connecting_stairs_connecting	stairs	-93	100	-135
660	rechiseled:diamond_block_grid_connecting	full	-90	100	-135
661	rechiseled:diamond_block_grid_slab_connecting	slab	-87	100	-135
662	rechiseled:diamond_block_grid_stairs_connecting	stairs	-84	100	-135
663	rechiseled:diamond_block_jewel_block_connecting	full	-81	100	-135
664	rechiseled:diamond_block_jewel_block_slab_connecting	slab	-78	100	-135
665	rechiseled:diamond_block_jewel_block_stairs_connecting	stairs	-75	100	-135
666	rechiseled:diamond_block_polished_connecting	full	-72	100	-135
667	rechiseled:diamond_block_polished_slab_connecting	slab	-69	100	-135
668	rechiseled:diamond_block_polished_stairs_connecting	stairs	-66	100	-135
669	rechiseled:diamond_block_rhombuses_connecting	full	-63	100	-135
670	rechiseled:diamond_block_rhombuses_slab_connecting	slab	-60	100	-135
671	rechiseled:diamond_block_rhombuses_stairs_connecting	stairs	-57	100	-135
672	rechiseled:diamond_block_shiny_bordered_connecting	full	-180	100	-132
673	rechiseled:diamond_block_shiny_bordered_slab_connecting	slab	-177	100	-132
674	rechiseled:diamond_block_shiny_bordered_stairs_connecting	stairs	-174	100	-132
675	rechiseled:diamond_block_small_tiles_connecting	full	-171	100	-132
676	rechiseled:diamond_block_small_tiles_slab_connecting	slab	-168	100	-132
677	rechiseled:diamond_block_small_tiles_stairs_connecting	stairs	-165	100	-132
678	rechiseled:diorite_brick_pattern_connecting	full	-162	100	-132
679	rechiseled:diorite_brick_pattern_slab_connecting	slab	-159	100	-132
680	rechiseled:diorite_brick_pattern_stairs_connecting	stairs	-156	100	-132
681	rechiseled:diorite_brick_paving_connecting	full	-153	100	-132
682	rechiseled:diorite_brick_paving_slab_connecting	slab	-150	100	-132
683	rechiseled:diorite_brick_paving_stairs_connecting	stairs	-147	100	-132
684	rechiseled:diorite_bricks_connecting	full	-144	100	-132
685	rechiseled:diorite_bricks_slab_connecting	slab	-141	100	-132
686	rechiseled:diorite_bricks_stairs_connecting	stairs	-138	100	-132
687	rechiseled:diorite_diagonal_bricks_connecting	full	-135	100	-132
688	rechiseled:diorite_diagonal_bricks_slab_connecting	slab	-132	100	-132
689	rechiseled:diorite_diagonal_bricks_stairs_connecting	stairs	-129	100	-132
690	rechiseled:diorite_dotted_connecting	full	-126	100	-132
691	rechiseled:diorite_dotted_slab_connecting	slab	-123	100	-132
692	rechiseled:diorite_dotted_stairs_connecting	stairs	-120	100	-132
693	rechiseled:diorite_paving_connecting	full	-117	100	-132
694	rechiseled:diorite_paving_slab_connecting	slab	-114	100	-132
695	rechiseled:diorite_paving_stairs_connecting	stairs	-111	100	-132
696	rechiseled:diorite_polished_connecting	full	-108	100	-132
697	rechiseled:diorite_polished_slab_connecting	slab	-105	100	-132
698	rechiseled:diorite_polished_stairs_connecting	stairs	-102	100	-132
699	rechiseled:diorite_rotated_bricks_connecting	full	-99	100	-132
700	rechiseled:diorite_rotated_bricks_slab_connecting	slab	-96	100	-132
701	rechiseled:diorite_rotated_bricks_stairs_connecting	stairs	-93	100	-132
702	rechiseled:diorite_squares_connecting	full	-90	100	-132
703	rechiseled:diorite_squares_slab_connecting	slab	-87	100	-132
704	rechiseled:diorite_squares_stairs_connecting	stairs	-84	100	-132
705	rechiseled:diorite_tiles_connecting	full	-81	100	-132
706	rechiseled:diorite_tiles_slab_connecting	slab	-78	100	-132
707	rechiseled:diorite_tiles_stairs_connecting	stairs	-75	100	-132
708	rechiseled:diorite_wavy_connecting	full	-72	100	-132
709	rechiseled:diorite_wavy_slab_connecting	slab	-69	100	-132
710	rechiseled:diorite_wavy_stairs_connecting	stairs	-66	100	-132
711	rechiseled:dirt_blobs_connecting	full	-63	100	-132
712	rechiseled:dirt_blobs_slab_connecting	slab	-60	100	-132
713	rechiseled:dirt_blobs_stairs_connecting	stairs	-57	100	-132
714	rechiseled:dirt_bricks_connecting	full	-180	100	-129
715	rechiseled:dirt_bricks_slab_connecting	slab	-177	100	-129
716	rechiseled:dirt_bricks_stairs_connecting	stairs	-174	100	-129
717	rechiseled:dirt_chunks_connecting	full	-171	100	-129
718	rechiseled:dirt_chunks_slab_connecting	slab	-168	100	-129
719	rechiseled:dirt_chunks_stairs_connecting	stairs	-165	100	-129
720	rechiseled:dirt_clumps_connecting	full	-162	100	-129
721	rechiseled:dirt_clumps_slab_connecting	slab	-159	100	-129
722	rechiseled:dirt_clumps_stairs_connecting	stairs	-156	100	-129
723	rechiseled:dirt_large_tiles_connecting	full	-153	100	-129
724	rechiseled:dirt_large_tiles_slab_connecting	slab	-150	100	-129
725	rechiseled:dirt_large_tiles_stairs_connecting	stairs	-147	100	-129
726	rechiseled:dirt_small_bricks_connecting	full	-144	100	-129
727	rechiseled:dirt_small_bricks_slab_connecting	slab	-141	100	-129
728	rechiseled:dirt_small_bricks_stairs_connecting	stairs	-138	100	-129
729	rechiseled:dirt_small_tiles_connecting	full	-135	100	-129
730	rechiseled:dirt_small_tiles_slab_connecting	slab	-132	100	-129
731	rechiseled:dirt_small_tiles_stairs_connecting	stairs	-129	100	-129
732	rechiseled:dirt_smooth_clumps_connecting	full	-126	100	-129
733	rechiseled:dirt_smooth_clumps_slab_connecting	slab	-123	100	-129
734	rechiseled:dirt_smooth_clumps_stairs_connecting	stairs	-120	100	-129
735	rechiseled:dirt_soil_connecting	full	-117	100	-129
736	rechiseled:dirt_soil_slab_connecting	slab	-114	100	-129
737	rechiseled:dirt_soil_stairs_connecting	stairs	-111	100	-129
738	rechiseled:dirt_squares_connecting	full	-108	100	-129
739	rechiseled:dirt_squares_slab_connecting	slab	-105	100	-129
740	rechiseled:dirt_squares_stairs_connecting	stairs	-102	100	-129
741	rechiseled:dirt_tiles_connecting	full	-99	100	-129
742	rechiseled:dirt_tiles_slab_connecting	slab	-96	100	-129
743	rechiseled:dirt_tiles_stairs_connecting	stairs	-93	100	-129
744	rechiseled:dirt_tilled_connecting	full	-90	100	-129
745	rechiseled:dirt_tilled_slab_connecting	slab	-87	100	-129
746	rechiseled:dirt_tilled_stairs_connecting	stairs	-84	100	-129
747	rechiseled:emerald_block_bordered_crosses_connecting	full	-81	100	-129
748	rechiseled:emerald_block_bordered_crosses_slab_connecting	slab	-78	100	-129
749	rechiseled:emerald_block_bordered_crosses_stairs_connecting	stairs	-75	100	-129
750	rechiseled:emerald_block_bordered_plating_connecting	full	-72	100	-129
751	rechiseled:emerald_block_bordered_plating_slab_connecting	slab	-69	100	-129
752	rechiseled:emerald_block_bordered_plating_stairs_connecting	stairs	-66	100	-129
753	rechiseled:emerald_block_chiseled_connecting	full	-63	100	-129
754	rechiseled:emerald_block_chiseled_slab_connecting	slab	-60	100	-129
755	rechiseled:emerald_block_chiseled_stairs_connecting	stairs	-57	100	-129
756	rechiseled:emerald_block_clovers_connecting	full	-180	100	-126
757	rechiseled:emerald_block_clovers_slab_connecting	slab	-177	100	-126
758	rechiseled:emerald_block_clovers_stairs_connecting	stairs	-174	100	-126
759	rechiseled:emerald_block_crystal_connecting	full	-171	100	-126
760	rechiseled:emerald_block_crystal_slab_connecting	slab	-168	100	-126
761	rechiseled:emerald_block_crystal_stairs_connecting	stairs	-165	100	-126
762	rechiseled:emerald_block_patterned_connecting	full	-162	100	-126
763	rechiseled:emerald_block_patterned_slab_connecting	slab	-159	100	-126
764	rechiseled:emerald_block_patterned_squares_connecting	full	-156	100	-126
765	rechiseled:emerald_block_patterned_squares_slab_connecting	slab	-153	100	-126
766	rechiseled:emerald_block_patterned_squares_stairs_connecting	stairs	-150	100	-126
767	rechiseled:emerald_block_patterned_stairs_connecting	stairs	-147	100	-126
768	rechiseled:emerald_block_pillar_connecting	axis	-144	100	-126
769	rechiseled:emerald_block_pillar_slab_connecting	slab	-141	100	-126
770	rechiseled:emerald_block_pillar_stairs_connecting	stairs	-138	100	-126
771	rechiseled:emerald_block_polished_connecting	full	-135	100	-126
772	rechiseled:emerald_block_polished_slab_connecting	slab	-132	100	-126
773	rechiseled:emerald_block_polished_stairs_connecting	stairs	-129	100	-126
774	rechiseled:emerald_block_striped_connecting	full	-126	100	-126
775	rechiseled:emerald_block_striped_slab_connecting	slab	-123	100	-126
776	rechiseled:emerald_block_striped_stairs_connecting	stairs	-120	100	-126
777	rechiseled:emerald_block_waxed_connecting	full	-117	100	-126
778	rechiseled:emerald_block_waxed_slab_connecting	slab	-114	100	-126
779	rechiseled:emerald_block_waxed_stairs_connecting	stairs	-111	100	-126
780	rechiseled:end_stone_blobs_connecting	full	-108	100	-126
781	rechiseled:end_stone_blobs_slab_connecting	slab	-105	100	-126
782	rechiseled:end_stone_blobs_stairs_connecting	stairs	-102	100	-126
783	rechiseled:end_stone_brick_pattern_connecting	full	-99	100	-126
784	rechiseled:end_stone_brick_pattern_slab_connecting	slab	-96	100	-126
785	rechiseled:end_stone_brick_pattern_stairs_connecting	stairs	-93	100	-126
786	rechiseled:end_stone_brick_paving_connecting	full	-90	100	-126
787	rechiseled:end_stone_brick_paving_slab_connecting	slab	-87	100	-126
788	rechiseled:end_stone_brick_paving_stairs_connecting	stairs	-84	100	-126
789	rechiseled:end_stone_chiseled_connecting	full	-81	100	-126
790	rechiseled:end_stone_chiseled_slab_connecting	slab	-78	100	-126
791	rechiseled:end_stone_chiseled_stairs_connecting	stairs	-75	100	-126
792	rechiseled:end_stone_crushed_connecting	full	-72	100	-126
793	rechiseled:end_stone_crushed_slab_connecting	slab	-69	100	-126
794	rechiseled:end_stone_crushed_stairs_connecting	stairs	-66	100	-126
795	rechiseled:end_stone_diagonal_bricks_connecting	full	-63	100	-126
796	rechiseled:end_stone_diagonal_bricks_slab_connecting	slab	-60	100	-126
797	rechiseled:end_stone_diagonal_bricks_stairs_connecting	stairs	-57	100	-126
798	rechiseled:end_stone_mesh_connecting	full	-180	100	-123
799	rechiseled:end_stone_mesh_slab_connecting	slab	-177	100	-123
800	rechiseled:end_stone_mesh_stairs_connecting	stairs	-174	100	-123
801	rechiseled:end_stone_paving_connecting	full	-171	100	-123
802	rechiseled:end_stone_paving_slab_connecting	slab	-168	100	-123
803	rechiseled:end_stone_paving_stairs_connecting	stairs	-165	100	-123
804	rechiseled:end_stone_polished_connecting	full	-162	100	-123
805	rechiseled:end_stone_polished_slab_connecting	slab	-159	100	-123
806	rechiseled:end_stone_polished_stairs_connecting	stairs	-156	100	-123
807	rechiseled:end_stone_rotated_bricks_connecting	full	-153	100	-123
808	rechiseled:end_stone_rotated_bricks_slab_connecting	slab	-150	100	-123
809	rechiseled:end_stone_rotated_bricks_stairs_connecting	stairs	-147	100	-123
810	rechiseled:end_stone_scales_connecting	full	-144	100	-123
811	rechiseled:end_stone_scales_slab_connecting	slab	-141	100	-123
812	rechiseled:end_stone_scales_stairs_connecting	stairs	-138	100	-123
813	rechiseled:end_stone_small_tiles_connecting	full	-135	100	-123
814	rechiseled:end_stone_small_tiles_slab_connecting	slab	-132	100	-123
815	rechiseled:end_stone_small_tiles_stairs_connecting	stairs	-129	100	-123
816	rechiseled:end_stone_spiral_pattern_connecting	full	-126	100	-123
817	rechiseled:end_stone_spiral_pattern_slab_connecting	slab	-123	100	-123
818	rechiseled:end_stone_spiral_pattern_stairs_connecting	stairs	-120	100	-123
819	rechiseled:end_stone_squares_connecting	full	-117	100	-123
820	rechiseled:end_stone_squares_slab_connecting	slab	-114	100	-123
821	rechiseled:end_stone_squares_stairs_connecting	stairs	-111	100	-123
822	rechiseled:end_stone_tiles_connecting	full	-108	100	-123
823	rechiseled:end_stone_tiles_slab_connecting	slab	-105	100	-123
824	rechiseled:end_stone_tiles_stairs_connecting	stairs	-102	100	-123
825	rechiseled:glowstone_brick_pattern_connecting	full	-99	100	-123
826	rechiseled:glowstone_brick_pattern_slab_connecting	slab	-96	100	-123
827	rechiseled:glowstone_brick_pattern_stairs_connecting	stairs	-93	100	-123
828	rechiseled:glowstone_brick_paving_connecting	full	-90	100	-123
829	rechiseled:glowstone_brick_paving_slab_connecting	slab	-87	100	-123
830	rechiseled:glowstone_brick_paving_stairs_connecting	stairs	-84	100	-123
831	rechiseled:glowstone_bricks_connecting	full	-81	100	-123
832	rechiseled:glowstone_bricks_slab_connecting	slab	-78	100	-123
833	rechiseled:glowstone_bricks_stairs_connecting	stairs	-75	100	-123
834	rechiseled:glowstone_crushed_connecting	full	-72	100	-123
835	rechiseled:glowstone_crushed_slab_connecting	slab	-69	100	-123
836	rechiseled:glowstone_crushed_stairs_connecting	stairs	-66	100	-123
837	rechiseled:glowstone_large_tiles_connecting	full	-63	100	-123
838	rechiseled:glowstone_large_tiles_slab_connecting	slab	-60	100	-123
839	rechiseled:glowstone_large_tiles_stairs_connecting	stairs	-57	100	-123
840	rechiseled:glowstone_rotated_bricks_connecting	full	-180	100	-120
841	rechiseled:glowstone_rotated_bricks_slab_connecting	slab	-177	100	-120
842	rechiseled:glowstone_rotated_bricks_stairs_connecting	stairs	-174	100	-120
843	rechiseled:glowstone_small_tiles_connecting	full	-171	100	-120
844	rechiseled:glowstone_small_tiles_slab_connecting	slab	-168	100	-120
845	rechiseled:glowstone_small_tiles_stairs_connecting	stairs	-165	100	-120
846	rechiseled:glowstone_smooth_connecting	full	-162	100	-120
847	rechiseled:glowstone_smooth_slab_connecting	slab	-159	100	-120
848	rechiseled:glowstone_smooth_stairs_connecting	stairs	-156	100	-120
849	rechiseled:glowstone_tiles_connecting	full	-153	100	-120
850	rechiseled:glowstone_tiles_slab_connecting	slab	-150	100	-120
851	rechiseled:glowstone_tiles_stairs_connecting	stairs	-147	100	-120
852	rechiseled:gold_block_beams_connecting	full	-144	100	-120
853	rechiseled:gold_block_beams_slab_connecting	slab	-141	100	-120
854	rechiseled:gold_block_beams_stairs_connecting	stairs	-138	100	-120
855	rechiseled:gold_block_bordered_connecting	full	-135	100	-120
856	rechiseled:gold_block_bordered_slab_connecting	slab	-132	100	-120
857	rechiseled:gold_block_bordered_stairs_connecting	stairs	-129	100	-120
858	rechiseled:gold_block_lines_connecting	full	-126	100	-120
859	rechiseled:gold_block_lines_slab_connecting	slab	-123	100	-120
860	rechiseled:gold_block_lines_stairs_connecting	stairs	-120	100	-120
861	rechiseled:gold_block_pattern_connecting	full	-117	100	-120
862	rechiseled:gold_block_pattern_slab_connecting	slab	-114	100	-120
863	rechiseled:gold_block_pattern_stairs_connecting	stairs	-111	100	-120
864	rechiseled:gold_block_polished_connecting	full	-108	100	-120
865	rechiseled:gold_block_polished_slab_connecting	slab	-105	100	-120
866	rechiseled:gold_block_polished_stairs_connecting	stairs	-102	100	-120
867	rechiseled:gold_block_scales_connecting	full	-99	100	-120
868	rechiseled:gold_block_scales_slab_connecting	slab	-96	100	-120
869	rechiseled:gold_block_scales_stairs_connecting	stairs	-93	100	-120
870	rechiseled:gold_block_small_bricks_connecting	full	-90	100	-120
871	rechiseled:gold_block_small_bricks_slab_connecting	slab	-87	100	-120
872	rechiseled:gold_block_small_bricks_stairs_connecting	stairs	-84	100	-120
873	rechiseled:gold_block_small_tiles_connecting	full	-81	100	-120
874	rechiseled:gold_block_small_tiles_slab_connecting	slab	-78	100	-120
875	rechiseled:gold_block_small_tiles_stairs_connecting	stairs	-75	100	-120
876	rechiseled:gold_block_striped_connecting	full	-72	100	-120
877	rechiseled:gold_block_striped_slab_connecting	slab	-69	100	-120
878	rechiseled:gold_block_striped_stairs_connecting	stairs	-66	100	-120
879	rechiseled:gold_block_tiles_connecting	full	-63	100	-120
880	rechiseled:gold_block_tiles_slab_connecting	slab	-60	100	-120
881	rechiseled:gold_block_tiles_stairs_connecting	stairs	-57	100	-120
882	rechiseled:granite_brick_pattern_connecting	full	-180	100	-117
883	rechiseled:granite_brick_pattern_slab_connecting	slab	-177	100	-117
884	rechiseled:granite_brick_pattern_stairs_connecting	stairs	-174	100	-117
885	rechiseled:granite_brick_paving_connecting	full	-171	100	-117
886	rechiseled:granite_brick_paving_slab_connecting	slab	-168	100	-117
887	rechiseled:granite_brick_paving_stairs_connecting	stairs	-165	100	-117
888	rechiseled:granite_bricks_connecting	full	-162	100	-117
889	rechiseled:granite_bricks_slab_connecting	slab	-159	100	-117
890	rechiseled:granite_bricks_stairs_connecting	stairs	-156	100	-117
891	rechiseled:granite_diagonal_bricks_connecting	full	-153	100	-117
892	rechiseled:granite_diagonal_bricks_slab_connecting	slab	-150	100	-117
893	rechiseled:granite_diagonal_bricks_stairs_connecting	stairs	-147	100	-117
894	rechiseled:granite_dotted_connecting	full	-144	100	-117
895	rechiseled:granite_dotted_slab_connecting	slab	-141	100	-117
896	rechiseled:granite_dotted_stairs_connecting	stairs	-138	100	-117
897	rechiseled:granite_paving_connecting	full	-135	100	-117
898	rechiseled:granite_paving_slab_connecting	slab	-132	100	-117
899	rechiseled:granite_paving_stairs_connecting	stairs	-129	100	-117
900	rechiseled:granite_polished_connecting	full	-126	100	-117
901	rechiseled:granite_polished_slab_connecting	slab	-123	100	-117
902	rechiseled:granite_polished_stairs_connecting	stairs	-120	100	-117
903	rechiseled:granite_rotated_bricks_connecting	full	-117	100	-117
904	rechiseled:granite_rotated_bricks_slab_connecting	slab	-114	100	-117
905	rechiseled:granite_rotated_bricks_stairs_connecting	stairs	-111	100	-117
906	rechiseled:granite_squares_connecting	full	-108	100	-117
907	rechiseled:granite_squares_slab_connecting	slab	-105	100	-117
908	rechiseled:granite_squares_stairs_connecting	stairs	-102	100	-117
909	rechiseled:granite_tiles_connecting	full	-99	100	-117
910	rechiseled:granite_tiles_slab_connecting	slab	-96	100	-117
911	rechiseled:granite_tiles_stairs_connecting	stairs	-93	100	-117
912	rechiseled:granite_wavy_connecting	full	-90	100	-117
913	rechiseled:granite_wavy_slab_connecting	slab	-87	100	-117
914	rechiseled:granite_wavy_stairs_connecting	stairs	-84	100	-117
915	rechiseled:iron_block_bordered_connecting	full	-81	100	-117
916	rechiseled:iron_block_bordered_slab_connecting	slab	-78	100	-117
917	rechiseled:iron_block_bordered_stairs_connecting	stairs	-75	100	-117
918	rechiseled:iron_block_chiseled_connecting	full	-72	100	-117
919	rechiseled:iron_block_chiseled_slab_connecting	slab	-69	100	-117
920	rechiseled:iron_block_chiseled_stairs_connecting	stairs	-66	100	-117
921	rechiseled:iron_block_connecting_connecting	full	-63	100	-117
922	rechiseled:iron_block_connecting_slab_connecting	slab	-60	100	-117
923	rechiseled:iron_block_connecting_stairs_connecting	stairs	-57	100	-117
924	rechiseled:iron_block_framed_connecting	full	-180	100	-114
925	rechiseled:iron_block_framed_slab_connecting	slab	-177	100	-114
926	rechiseled:iron_block_framed_stairs_connecting	stairs	-174	100	-114
927	rechiseled:iron_block_gears_connecting	full	-171	100	-114
928	rechiseled:iron_block_gears_slab_connecting	slab	-168	100	-114
929	rechiseled:iron_block_gears_stairs_connecting	stairs	-165	100	-114
930	rechiseled:iron_block_lines_connecting	full	-162	100	-114
931	rechiseled:iron_block_lines_slab_connecting	slab	-159	100	-114
932	rechiseled:iron_block_lines_stairs_connecting	stairs	-156	100	-114
933	rechiseled:iron_block_patterned_connecting	full	-153	100	-114
934	rechiseled:iron_block_patterned_slab_connecting	slab	-150	100	-114
935	rechiseled:iron_block_patterned_stairs_connecting	stairs	-147	100	-114
936	rechiseled:iron_block_pipes_connecting	full	-144	100	-114
937	rechiseled:iron_block_pipes_slab_connecting	slab	-141	100	-114
938	rechiseled:iron_block_pipes_stairs_connecting	stairs	-138	100	-114
939	rechiseled:iron_block_polished_connecting	full	-135	100	-114
940	rechiseled:iron_block_polished_slab_connecting	slab	-132	100	-114
941	rechiseled:iron_block_polished_stairs_connecting	stairs	-129	100	-114
942	rechiseled:iron_block_processed_connecting	full	-126	100	-114
943	rechiseled:iron_block_processed_slab_connecting	slab	-123	100	-114
944	rechiseled:iron_block_processed_stairs_connecting	stairs	-120	100	-114
945	rechiseled:iron_block_small_bricks_connecting	full	-117	100	-114
946	rechiseled:iron_block_small_bricks_slab_connecting	slab	-114	100	-114
947	rechiseled:iron_block_small_bricks_stairs_connecting	stairs	-111	100	-114
948	rechiseled:jungle_planks_beams_connecting	full	-108	100	-114
949	rechiseled:jungle_planks_beams_slab_connecting	slab	-105	100	-114
950	rechiseled:jungle_planks_beams_stairs_connecting	stairs	-102	100	-114
951	rechiseled:jungle_planks_brick_pattern_connecting	full	-99	100	-114
952	rechiseled:jungle_planks_brick_pattern_slab_connecting	slab	-96	100	-114
953	rechiseled:jungle_planks_brick_pattern_stairs_connecting	stairs	-93	100	-114
954	rechiseled:jungle_planks_brick_paving_connecting	full	-90	100	-114
955	rechiseled:jungle_planks_brick_paving_slab_connecting	slab	-87	100	-114
956	rechiseled:jungle_planks_brick_paving_stairs_connecting	stairs	-84	100	-114
957	rechiseled:jungle_planks_bricks_connecting	full	-81	100	-114
958	rechiseled:jungle_planks_bricks_slab_connecting	slab	-78	100	-114
959	rechiseled:jungle_planks_bricks_stairs_connecting	stairs	-75	100	-114
960	rechiseled:jungle_planks_crate_connecting	full	-72	100	-114
961	rechiseled:jungle_planks_crate_slab_connecting	slab	-69	100	-114
962	rechiseled:jungle_planks_crate_stairs_connecting	stairs	-66	100	-114
963	rechiseled:jungle_planks_diagonal_stripes_connecting	full	-63	100	-114
964	rechiseled:jungle_planks_diagonal_stripes_slab_connecting	slab	-60	100	-114
965	rechiseled:jungle_planks_diagonal_stripes_stairs_connecting	stairs	-57	100	-114
966	rechiseled:jungle_planks_diagonal_tiles_connecting	full	-180	100	-111
967	rechiseled:jungle_planks_diagonal_tiles_slab_connecting	slab	-177	100	-111
968	rechiseled:jungle_planks_diagonal_tiles_stairs_connecting	stairs	-174	100	-111
969	rechiseled:jungle_planks_dotted_connecting	full	-171	100	-111
970	rechiseled:jungle_planks_dotted_slab_connecting	slab	-168	100	-111
971	rechiseled:jungle_planks_dotted_stairs_connecting	stairs	-165	100	-111
972	rechiseled:jungle_planks_flooring_connecting	full	-162	100	-111
973	rechiseled:jungle_planks_flooring_slab_connecting	slab	-159	100	-111
974	rechiseled:jungle_planks_flooring_stairs_connecting	stairs	-156	100	-111
975	rechiseled:jungle_planks_large_tiles_connecting	full	-153	100	-111
976	rechiseled:jungle_planks_large_tiles_slab_connecting	slab	-150	100	-111
977	rechiseled:jungle_planks_large_tiles_stairs_connecting	stairs	-147	100	-111
978	rechiseled:jungle_planks_pattern_connecting	full	-144	100	-111
979	rechiseled:jungle_planks_pattern_slab_connecting	slab	-141	100	-111
980	rechiseled:jungle_planks_pattern_stairs_connecting	stairs	-138	100	-111
981	rechiseled:jungle_planks_rotated_bricks_connecting	full	-135	100	-111
982	rechiseled:jungle_planks_rotated_bricks_slab_connecting	slab	-132	100	-111
983	rechiseled:jungle_planks_rotated_bricks_stairs_connecting	stairs	-129	100	-111
984	rechiseled:jungle_planks_small_bricks_connecting	full	-126	100	-111
985	rechiseled:jungle_planks_small_bricks_slab_connecting	slab	-123	100	-111
986	rechiseled:jungle_planks_small_bricks_stairs_connecting	stairs	-120	100	-111
987	rechiseled:jungle_planks_small_tiles_connecting	full	-117	100	-111
988	rechiseled:jungle_planks_small_tiles_slab_connecting	slab	-114	100	-111
989	rechiseled:jungle_planks_small_tiles_stairs_connecting	stairs	-111	100	-111
990	rechiseled:jungle_planks_squares_connecting	full	-108	100	-111
991	rechiseled:jungle_planks_squares_slab_connecting	slab	-105	100	-111
992	rechiseled:jungle_planks_squares_stairs_connecting	stairs	-102	100	-111
993	rechiseled:jungle_planks_tiles_connecting	full	-99	100	-111
994	rechiseled:jungle_planks_tiles_slab_connecting	slab	-96	100	-111
995	rechiseled:jungle_planks_tiles_stairs_connecting	stairs	-93	100	-111
996	rechiseled:jungle_planks_wavy_connecting	full	-90	100	-111
997	rechiseled:jungle_planks_wavy_slab_connecting	slab	-87	100	-111
998	rechiseled:jungle_planks_wavy_stairs_connecting	stairs	-84	100	-111
999	rechiseled:jungle_planks_woven_connecting	full	-81	100	-111
1000	rechiseled:jungle_planks_woven_slab_connecting	slab	-78	100	-111
1001	rechiseled:jungle_planks_woven_stairs_connecting	stairs	-75	100	-111
1002	rechiseled:lapis_block_bordered_connecting	full	-72	100	-111
1003	rechiseled:lapis_block_bordered_slab_connecting	slab	-69	100	-111
1004	rechiseled:lapis_block_bordered_stairs_connecting	stairs	-66	100	-111
1005	rechiseled:lapis_block_chiseled_connecting	full	-63	100	-111
1006	rechiseled:lapis_block_chiseled_slab_connecting	slab	-60	100	-111
1007	rechiseled:lapis_block_chiseled_stairs_connecting	stairs	-57	100	-111
1008	rechiseled:lapis_block_connecting_connecting	full	-180	100	-108
1009	rechiseled:lapis_block_connecting_slab_connecting	slab	-177	100	-108
1010	rechiseled:lapis_block_connecting_stairs_connecting	stairs	-174	100	-108
1011	rechiseled:lapis_block_decorated_connecting	full	-171	100	-108
1012	rechiseled:lapis_block_decorated_slab_connecting	slab	-168	100	-108
1013	rechiseled:lapis_block_decorated_stairs_connecting	stairs	-165	100	-108
1014	rechiseled:lapis_block_glossy_connecting	full	-162	100	-108
1015	rechiseled:lapis_block_glossy_slab_connecting	slab	-159	100	-108
1016	rechiseled:lapis_block_glossy_stairs_connecting	stairs	-156	100	-108
1017	rechiseled:lapis_block_inverted_tiles_connecting	full	-153	100	-108
1018	rechiseled:lapis_block_inverted_tiles_slab_connecting	slab	-150	100	-108
1019	rechiseled:lapis_block_inverted_tiles_stairs_connecting	stairs	-147	100	-108
1020	rechiseled:lapis_block_mosaic_connecting	full	-144	100	-108
1021	rechiseled:lapis_block_mosaic_slab_connecting	slab	-141	100	-108
1022	rechiseled:lapis_block_mosaic_stairs_connecting	stairs	-138	100	-108
1023	rechiseled:lapis_block_pattern_connecting	full	-135	100	-108
1024	rechiseled:lapis_block_pattern_slab_connecting	slab	-132	100	-108
1025	rechiseled:lapis_block_pattern_stairs_connecting	stairs	-129	100	-108
1026	rechiseled:lapis_block_pillar_connecting	axis	-126	100	-108
1027	rechiseled:lapis_block_pillar_slab_connecting	slab	-123	100	-108
1028	rechiseled:lapis_block_pillar_stairs_connecting	stairs	-120	100	-108
1029	rechiseled:lapis_block_polished_connecting	full	-117	100	-108
1030	rechiseled:lapis_block_polished_slab_connecting	slab	-114	100	-108
1031	rechiseled:lapis_block_polished_stairs_connecting	stairs	-111	100	-108
1032	rechiseled:lapis_block_scales_connecting	full	-108	100	-108
1033	rechiseled:lapis_block_scales_slab_connecting	slab	-105	100	-108
1034	rechiseled:lapis_block_scales_stairs_connecting	stairs	-102	100	-108
1035	rechiseled:lapis_block_small_tiles_connecting	full	-99	100	-108
1036	rechiseled:lapis_block_small_tiles_slab_connecting	slab	-96	100	-108
1037	rechiseled:lapis_block_small_tiles_stairs_connecting	stairs	-93	100	-108
1038	rechiseled:lapis_block_stripes_connecting	full	-90	100	-108
1039	rechiseled:lapis_block_stripes_slab_connecting	slab	-87	100	-108
1040	rechiseled:lapis_block_stripes_stairs_connecting	stairs	-84	100	-108
1041	rechiseled:lapis_block_tiles_connecting	full	-81	100	-108
1042	rechiseled:lapis_block_tiles_slab_connecting	slab	-78	100	-108
1043	rechiseled:lapis_block_tiles_stairs_connecting	stairs	-75	100	-108
1044	rechiseled:mangrove_planks_beams_connecting	full	-72	100	-108
1045	rechiseled:mangrove_planks_beams_slab_connecting	slab	-69	100	-108
1046	rechiseled:mangrove_planks_beams_stairs_connecting	stairs	-66	100	-108
1047	rechiseled:mangrove_planks_brick_pattern_connecting	full	-63	100	-108
1048	rechiseled:mangrove_planks_brick_pattern_slab_connecting	slab	-60	100	-108
1049	rechiseled:mangrove_planks_brick_pattern_stairs_connecting	stairs	-57	100	-108
1050	rechiseled:mangrove_planks_brick_paving_connecting	full	-180	100	-105
1051	rechiseled:mangrove_planks_brick_paving_slab_connecting	slab	-177	100	-105
1052	rechiseled:mangrove_planks_brick_paving_stairs_connecting	stairs	-174	100	-105
1053	rechiseled:mangrove_planks_bricks_connecting	full	-171	100	-105
1054	rechiseled:mangrove_planks_bricks_slab_connecting	slab	-168	100	-105
1055	rechiseled:mangrove_planks_bricks_stairs_connecting	stairs	-165	100	-105
1056	rechiseled:mangrove_planks_crate_connecting	full	-162	100	-105
1057	rechiseled:mangrove_planks_crate_slab_connecting	slab	-159	100	-105
1058	rechiseled:mangrove_planks_crate_stairs_connecting	stairs	-156	100	-105
1059	rechiseled:mangrove_planks_diagonal_stripes_connecting	full	-153	100	-105
1060	rechiseled:mangrove_planks_diagonal_stripes_slab_connecting	slab	-150	100	-105
1061	rechiseled:mangrove_planks_diagonal_stripes_stairs_connecting	stairs	-147	100	-105
1062	rechiseled:mangrove_planks_diagonal_tiles_connecting	full	-144	100	-105
1063	rechiseled:mangrove_planks_diagonal_tiles_slab_connecting	slab	-141	100	-105
1064	rechiseled:mangrove_planks_diagonal_tiles_stairs_connecting	stairs	-138	100	-105
1065	rechiseled:mangrove_planks_dotted_connecting	full	-135	100	-105
1066	rechiseled:mangrove_planks_dotted_slab_connecting	slab	-132	100	-105
1067	rechiseled:mangrove_planks_dotted_stairs_connecting	stairs	-129	100	-105
1068	rechiseled:mangrove_planks_flooring_connecting	full	-126	100	-105
1069	rechiseled:mangrove_planks_flooring_slab_connecting	slab	-123	100	-105
1070	rechiseled:mangrove_planks_flooring_stairs_connecting	stairs	-120	100	-105
1071	rechiseled:mangrove_planks_large_tiles_connecting	full	-117	100	-105
1072	rechiseled:mangrove_planks_large_tiles_slab_connecting	slab	-114	100	-105
1073	rechiseled:mangrove_planks_large_tiles_stairs_connecting	stairs	-111	100	-105
1074	rechiseled:mangrove_planks_pattern_connecting	full	-108	100	-105
1075	rechiseled:mangrove_planks_pattern_slab_connecting	slab	-105	100	-105
1076	rechiseled:mangrove_planks_pattern_stairs_connecting	stairs	-102	100	-105
1077	rechiseled:mangrove_planks_rotated_bricks_connecting	full	-99	100	-105
1078	rechiseled:mangrove_planks_rotated_bricks_slab_connecting	slab	-96	100	-105
1079	rechiseled:mangrove_planks_rotated_bricks_stairs_connecting	stairs	-93	100	-105
1080	rechiseled:mangrove_planks_small_bricks_connecting	full	-90	100	-105
1081	rechiseled:mangrove_planks_small_bricks_slab_connecting	slab	-87	100	-105
1082	rechiseled:mangrove_planks_small_bricks_stairs_connecting	stairs	-84	100	-105
1083	rechiseled:mangrove_planks_small_tiles_connecting	full	-81	100	-105
1084	rechiseled:mangrove_planks_small_tiles_slab_connecting	slab	-78	100	-105
1085	rechiseled:mangrove_planks_small_tiles_stairs_connecting	stairs	-75	100	-105
1086	rechiseled:mangrove_planks_squares_connecting	full	-72	100	-105
1087	rechiseled:mangrove_planks_squares_slab_connecting	slab	-69	100	-105
1088	rechiseled:mangrove_planks_squares_stairs_connecting	stairs	-66	100	-105
1089	rechiseled:mangrove_planks_tiles_connecting	full	-63	100	-105
1090	rechiseled:mangrove_planks_tiles_slab_connecting	slab	-60	100	-105
1091	rechiseled:mangrove_planks_tiles_stairs_connecting	stairs	-57	100	-105
1092	rechiseled:mangrove_planks_wavy_connecting	full	-180	100	-102
1093	rechiseled:mangrove_planks_wavy_slab_connecting	slab	-177	100	-102
1094	rechiseled:mangrove_planks_wavy_stairs_connecting	stairs	-174	100	-102
1095	rechiseled:mangrove_planks_woven_connecting	full	-171	100	-102
1096	rechiseled:mangrove_planks_woven_slab_connecting	slab	-168	100	-102
1097	rechiseled:mangrove_planks_woven_stairs_connecting	stairs	-165	100	-102
1098	rechiseled:mossy_cobblestone_beams_connecting	full	-162	100	-102
1099	rechiseled:mossy_cobblestone_beams_slab_connecting	slab	-159	100	-102
1100	rechiseled:mossy_cobblestone_beams_stairs_connecting	stairs	-156	100	-102
1101	rechiseled:mossy_cobblestone_dented_connecting	full	-153	100	-102
1102	rechiseled:mossy_cobblestone_dented_slab_connecting	slab	-150	100	-102
1103	rechiseled:mossy_cobblestone_dented_stairs_connecting	stairs	-147	100	-102
1104	rechiseled:mossy_cobblestone_inverted_dented_connecting	full	-144	100	-102
1105	rechiseled:mossy_cobblestone_inverted_dented_slab_connecting	slab	-141	100	-102
1106	rechiseled:mossy_cobblestone_inverted_dented_stairs_connecting	stairs	-138	100	-102
1107	rechiseled:mossy_cobblestone_paving_connecting	full	-135	100	-102
1108	rechiseled:mossy_cobblestone_paving_slab_connecting	slab	-132	100	-102
1109	rechiseled:mossy_cobblestone_paving_stairs_connecting	stairs	-129	100	-102
1110	rechiseled:mossy_cobblestone_small_tiles_connecting	full	-126	100	-102
1111	rechiseled:mossy_cobblestone_small_tiles_slab_connecting	slab	-123	100	-102
1112	rechiseled:mossy_cobblestone_small_tiles_stairs_connecting	stairs	-120	100	-102
1113	rechiseled:mossy_cobblestone_squares_connecting	full	-117	100	-102
1114	rechiseled:mossy_cobblestone_squares_slab_connecting	slab	-114	100	-102
1115	rechiseled:mossy_cobblestone_squares_stairs_connecting	stairs	-111	100	-102
1116	rechiseled:mossy_cobblestone_stripes_connecting	full	-108	100	-102
1117	rechiseled:mossy_cobblestone_stripes_slab_connecting	slab	-105	100	-102
1118	rechiseled:mossy_cobblestone_stripes_stairs_connecting	stairs	-102	100	-102
1119	rechiseled:mossy_cobblestone_worn_stripes_connecting	full	-99	100	-102
1120	rechiseled:mossy_cobblestone_worn_stripes_slab_connecting	slab	-96	100	-102
1121	rechiseled:mossy_cobblestone_worn_stripes_stairs_connecting	stairs	-93	100	-102
1122	rechiseled:nether_bricks_beams_connecting	full	-90	100	-102
1123	rechiseled:nether_bricks_beams_slab_connecting	slab	-87	100	-102
1124	rechiseled:nether_bricks_beams_stairs_connecting	stairs	-84	100	-102
1125	rechiseled:nether_bricks_brick_pattern_connecting	full	-81	100	-102
1126	rechiseled:nether_bricks_brick_pattern_slab_connecting	slab	-78	100	-102
1127	rechiseled:nether_bricks_brick_pattern_stairs_connecting	stairs	-75	100	-102
1128	rechiseled:nether_bricks_brick_paving_connecting	full	-72	100	-102
1129	rechiseled:nether_bricks_brick_paving_slab_connecting	slab	-69	100	-102
1130	rechiseled:nether_bricks_brick_paving_stairs_connecting	stairs	-66	100	-102
1131	rechiseled:nether_bricks_chiseled_squares_connecting	full	-63	100	-102
1132	rechiseled:nether_bricks_chiseled_squares_slab_connecting	slab	-60	100	-102
1133	rechiseled:nether_bricks_chiseled_squares_stairs_connecting	stairs	-57	100	-102
1134	rechiseled:nether_bricks_diagonal_bricks_connecting	full	-180	100	-99
1135	rechiseled:nether_bricks_diagonal_bricks_slab_connecting	slab	-177	100	-99
1136	rechiseled:nether_bricks_diagonal_bricks_stairs_connecting	stairs	-174	100	-99
1137	rechiseled:nether_bricks_large_bricks_connecting	full	-171	100	-99
1138	rechiseled:nether_bricks_large_bricks_slab_connecting	slab	-168	100	-99
1139	rechiseled:nether_bricks_large_bricks_stairs_connecting	stairs	-165	100	-99
1140	rechiseled:nether_bricks_large_tiles_connecting	full	-162	100	-99
1141	rechiseled:nether_bricks_large_tiles_slab_connecting	slab	-159	100	-99
1142	rechiseled:nether_bricks_large_tiles_stairs_connecting	stairs	-156	100	-99
1143	rechiseled:nether_bricks_rotated_bricks_connecting	full	-153	100	-99
1144	rechiseled:nether_bricks_rotated_bricks_slab_connecting	slab	-150	100	-99
1145	rechiseled:nether_bricks_rotated_bricks_stairs_connecting	stairs	-147	100	-99
1146	rechiseled:nether_bricks_small_tiles_connecting	full	-144	100	-99
1147	rechiseled:nether_bricks_small_tiles_slab_connecting	slab	-141	100	-99
1148	rechiseled:nether_bricks_small_tiles_stairs_connecting	stairs	-138	100	-99
1149	rechiseled:nether_bricks_smooth_connecting	full	-135	100	-99
1150	rechiseled:nether_bricks_smooth_slab_connecting	slab	-132	100	-99
1151	rechiseled:nether_bricks_smooth_stairs_connecting	stairs	-129	100	-99
1152	rechiseled:nether_bricks_squares_connecting	full	-126	100	-99
1153	rechiseled:nether_bricks_squares_slab_connecting	slab	-123	100	-99
1154	rechiseled:nether_bricks_squares_stairs_connecting	stairs	-120	100	-99
1155	rechiseled:nether_bricks_tiles_connecting	full	-117	100	-99
1156	rechiseled:nether_bricks_tiles_slab_connecting	slab	-114	100	-99
1157	rechiseled:nether_bricks_tiles_stairs_connecting	stairs	-111	100	-99
1158	rechiseled:netherite_block_beams_connecting	full	-108	100	-99
1159	rechiseled:netherite_block_beams_slab_connecting	slab	-105	100	-99
1160	rechiseled:netherite_block_beams_stairs_connecting	stairs	-102	100	-99
1161	rechiseled:netherite_block_bricks_connecting	full	-99	100	-99
1162	rechiseled:netherite_block_bricks_slab_connecting	slab	-96	100	-99
1163	rechiseled:netherite_block_bricks_stairs_connecting	stairs	-93	100	-99
1164	rechiseled:netherite_block_chiseled_connecting	full	-90	100	-99
1165	rechiseled:netherite_block_chiseled_slab_connecting	slab	-87	100	-99
1166	rechiseled:netherite_block_chiseled_stairs_connecting	stairs	-84	100	-99
1167	rechiseled:netherite_block_compacted_connecting	full	-81	100	-99
1168	rechiseled:netherite_block_compacted_slab_connecting	slab	-78	100	-99
1169	rechiseled:netherite_block_compacted_stairs_connecting	stairs	-75	100	-99
1170	rechiseled:netherite_block_decorated_connecting	full	-72	100	-99
1171	rechiseled:netherite_block_decorated_slab_connecting	slab	-69	100	-99
1172	rechiseled:netherite_block_decorated_stairs_connecting	stairs	-66	100	-99
1173	rechiseled:netherite_block_diagonal_tiles_connecting	full	-63	100	-99
1174	rechiseled:netherite_block_diagonal_tiles_slab_connecting	slab	-60	100	-99
1175	rechiseled:netherite_block_diagonal_tiles_stairs_connecting	stairs	-57	100	-99
1176	rechiseled:netherite_block_indented_connecting	full	-180	100	-96
1177	rechiseled:netherite_block_indented_slab_connecting	slab	-177	100	-96
1178	rechiseled:netherite_block_indented_stairs_connecting	stairs	-174	100	-96
1179	rechiseled:netherite_block_patterned_connecting	full	-171	100	-96
1180	rechiseled:netherite_block_patterned_slab_connecting	slab	-168	100	-96
1181	rechiseled:netherite_block_patterned_stairs_connecting	stairs	-165	100	-96
1182	rechiseled:netherite_block_pillar_connecting	axis	-162	100	-96
1183	rechiseled:netherite_block_pillar_slab_connecting	slab	-159	100	-96
1184	rechiseled:netherite_block_pillar_stairs_connecting	stairs	-156	100	-96
1185	rechiseled:netherite_block_small_tiles_connecting	full	-153	100	-96
1186	rechiseled:netherite_block_small_tiles_slab_connecting	slab	-150	100	-96
1187	rechiseled:netherite_block_small_tiles_stairs_connecting	stairs	-147	100	-96
1188	rechiseled:netherrack_beams_connecting	full	-144	100	-96
1189	rechiseled:netherrack_beams_slab_connecting	slab	-141	100	-96
1190	rechiseled:netherrack_beams_stairs_connecting	stairs	-138	100	-96
1191	rechiseled:netherrack_brick_pattern_connecting	full	-135	100	-96
1192	rechiseled:netherrack_brick_pattern_slab_connecting	slab	-132	100	-96
1193	rechiseled:netherrack_brick_pattern_stairs_connecting	stairs	-129	100	-96
1194	rechiseled:netherrack_brick_paving_connecting	full	-126	100	-96
1195	rechiseled:netherrack_brick_paving_slab_connecting	slab	-123	100	-96
1196	rechiseled:netherrack_brick_paving_stairs_connecting	stairs	-120	100	-96
1197	rechiseled:netherrack_bricks_connecting	full	-117	100	-96
1198	rechiseled:netherrack_bricks_slab_connecting	slab	-114	100	-96
1199	rechiseled:netherrack_bricks_stairs_connecting	stairs	-111	100	-96
1200	rechiseled:netherrack_dented_connecting	full	-108	100	-96
1201	rechiseled:netherrack_dented_slab_connecting	slab	-105	100	-96
1202	rechiseled:netherrack_dented_stairs_connecting	stairs	-102	100	-96
1203	rechiseled:netherrack_rotated_bricks_connecting	full	-99	100	-96
1204	rechiseled:netherrack_rotated_bricks_slab_connecting	slab	-96	100	-96
1205	rechiseled:netherrack_rotated_bricks_stairs_connecting	stairs	-93	100	-96
1206	rechiseled:netherrack_small_tiles_connecting	full	-90	100	-96
1207	rechiseled:netherrack_small_tiles_slab_connecting	slab	-87	100	-96
1208	rechiseled:netherrack_small_tiles_stairs_connecting	stairs	-84	100	-96
1209	rechiseled:netherrack_stripes_connecting	full	-81	100	-96
1210	rechiseled:netherrack_stripes_slab_connecting	slab	-78	100	-96
1211	rechiseled:netherrack_stripes_stairs_connecting	stairs	-75	100	-96
1212	rechiseled:netherrack_tiles_connecting	full	-72	100	-96
1213	rechiseled:netherrack_tiles_slab_connecting	slab	-69	100	-96
1214	rechiseled:netherrack_tiles_stairs_connecting	stairs	-66	100	-96
1215	rechiseled:oak_planks_beams_connecting	full	-63	100	-96
1216	rechiseled:oak_planks_beams_slab_connecting	slab	-60	100	-96
1217	rechiseled:oak_planks_beams_stairs_connecting	stairs	-57	100	-96
1218	rechiseled:oak_planks_brick_pattern_connecting	full	-180	100	-93
1219	rechiseled:oak_planks_brick_pattern_slab_connecting	slab	-177	100	-93
1220	rechiseled:oak_planks_brick_pattern_stairs_connecting	stairs	-174	100	-93
1221	rechiseled:oak_planks_brick_paving_connecting	full	-171	100	-93
1222	rechiseled:oak_planks_brick_paving_slab_connecting	slab	-168	100	-93
1223	rechiseled:oak_planks_brick_paving_stairs_connecting	stairs	-165	100	-93
1224	rechiseled:oak_planks_bricks_connecting	full	-162	100	-93
1225	rechiseled:oak_planks_bricks_slab_connecting	slab	-159	100	-93
1226	rechiseled:oak_planks_bricks_stairs_connecting	stairs	-156	100	-93
1227	rechiseled:oak_planks_crate_connecting	full	-153	100	-93
1228	rechiseled:oak_planks_crate_slab_connecting	slab	-150	100	-93
1229	rechiseled:oak_planks_crate_stairs_connecting	stairs	-147	100	-93
1230	rechiseled:oak_planks_diagonal_stripes_connecting	full	-144	100	-93
1231	rechiseled:oak_planks_diagonal_stripes_slab_connecting	slab	-141	100	-93
1232	rechiseled:oak_planks_diagonal_stripes_stairs_connecting	stairs	-138	100	-93
1233	rechiseled:oak_planks_diagonal_tiles_connecting	full	-135	100	-93
1234	rechiseled:oak_planks_diagonal_tiles_slab_connecting	slab	-132	100	-93
1235	rechiseled:oak_planks_diagonal_tiles_stairs_connecting	stairs	-129	100	-93
1236	rechiseled:oak_planks_dotted_connecting	full	-126	100	-93
1237	rechiseled:oak_planks_dotted_slab_connecting	slab	-123	100	-93
1238	rechiseled:oak_planks_dotted_stairs_connecting	stairs	-120	100	-93
1239	rechiseled:oak_planks_flooring_connecting	full	-117	100	-93
1240	rechiseled:oak_planks_flooring_slab_connecting	slab	-114	100	-93
1241	rechiseled:oak_planks_flooring_stairs_connecting	stairs	-111	100	-93
1242	rechiseled:oak_planks_large_tiles_connecting	full	-108	100	-93
1243	rechiseled:oak_planks_large_tiles_slab_connecting	slab	-105	100	-93
1244	rechiseled:oak_planks_large_tiles_stairs_connecting	stairs	-102	100	-93
1245	rechiseled:oak_planks_pattern_connecting	full	-99	100	-93
1246	rechiseled:oak_planks_pattern_slab_connecting	slab	-96	100	-93
1247	rechiseled:oak_planks_pattern_stairs_connecting	stairs	-93	100	-93
1248	rechiseled:oak_planks_rotated_bricks_connecting	full	-90	100	-93
1249	rechiseled:oak_planks_rotated_bricks_slab_connecting	slab	-87	100	-93
1250	rechiseled:oak_planks_rotated_bricks_stairs_connecting	stairs	-84	100	-93
1251	rechiseled:oak_planks_small_bricks_connecting	full	-81	100	-93
1252	rechiseled:oak_planks_small_bricks_slab_connecting	slab	-78	100	-93
1253	rechiseled:oak_planks_small_bricks_stairs_connecting	stairs	-75	100	-93
1254	rechiseled:oak_planks_small_tiles_connecting	full	-72	100	-93
1255	rechiseled:oak_planks_small_tiles_slab_connecting	slab	-69	100	-93
1256	rechiseled:oak_planks_small_tiles_stairs_connecting	stairs	-66	100	-93
1257	rechiseled:oak_planks_squares_connecting	full	-63	100	-93
1258	rechiseled:oak_planks_squares_slab_connecting	slab	-60	100	-93
1259	rechiseled:oak_planks_squares_stairs_connecting	stairs	-57	100	-93
1260	rechiseled:oak_planks_tiles_connecting	full	-180	100	-90
1261	rechiseled:oak_planks_tiles_slab_connecting	slab	-177	100	-90
1262	rechiseled:oak_planks_tiles_stairs_connecting	stairs	-174	100	-90
1263	rechiseled:oak_planks_wavy_connecting	full	-171	100	-90
1264	rechiseled:oak_planks_wavy_slab_connecting	slab	-168	100	-90
1265	rechiseled:oak_planks_wavy_stairs_connecting	stairs	-165	100	-90
1266	rechiseled:oak_planks_woven_connecting	full	-162	100	-90
1267	rechiseled:oak_planks_woven_slab_connecting	slab	-159	100	-90
1268	rechiseled:oak_planks_woven_stairs_connecting	stairs	-156	100	-90
1269	rechiseled:obsidian_bordered_connecting	full	-153	100	-90
1270	rechiseled:obsidian_bordered_slab_connecting	slab	-150	100	-90
1271	rechiseled:obsidian_bordered_stairs_connecting	stairs	-147	100	-90
1272	rechiseled:obsidian_brick_pattern_connecting	full	-144	100	-90
1273	rechiseled:obsidian_brick_pattern_slab_connecting	slab	-141	100	-90
1274	rechiseled:obsidian_brick_pattern_stairs_connecting	stairs	-138	100	-90
1275	rechiseled:obsidian_brick_paving_connecting	full	-135	100	-90
1276	rechiseled:obsidian_brick_paving_slab_connecting	slab	-132	100	-90
1277	rechiseled:obsidian_brick_paving_stairs_connecting	stairs	-129	100	-90
1278	rechiseled:obsidian_bricks_connecting	full	-126	100	-90
1279	rechiseled:obsidian_bricks_slab_connecting	slab	-123	100	-90
1280	rechiseled:obsidian_bricks_stairs_connecting	stairs	-120	100	-90
1281	rechiseled:obsidian_chiseled_circles_connecting	full	-117	100	-90
1282	rechiseled:obsidian_chiseled_circles_slab_connecting	slab	-114	100	-90
1283	rechiseled:obsidian_chiseled_circles_stairs_connecting	stairs	-111	100	-90
1284	rechiseled:obsidian_chiseled_connecting	full	-108	100	-90
1285	rechiseled:obsidian_chiseled_slab_connecting	slab	-105	100	-90
1286	rechiseled:obsidian_chiseled_stairs_connecting	stairs	-102	100	-90
1287	rechiseled:obsidian_dark_connecting	full	-99	100	-90
1288	rechiseled:obsidian_dark_slab_connecting	slab	-96	100	-90
1289	rechiseled:obsidian_dark_stairs_connecting	stairs	-93	100	-90
1290	rechiseled:obsidian_pillars_connecting	full	-90	100	-90
1291	rechiseled:obsidian_pillars_slab_connecting	slab	-87	100	-90
1292	rechiseled:obsidian_pillars_stairs_connecting	stairs	-84	100	-90
1293	rechiseled:obsidian_rotated_bricks_connecting	full	-81	100	-90
1294	rechiseled:obsidian_rotated_bricks_slab_connecting	slab	-78	100	-90
1295	rechiseled:obsidian_rotated_bricks_stairs_connecting	stairs	-75	100	-90
1296	rechiseled:obsidian_spots_connecting	full	-72	100	-90
1297	rechiseled:obsidian_spots_slab_connecting	slab	-69	100	-90
1298	rechiseled:obsidian_spots_stairs_connecting	stairs	-66	100	-90
1299	rechiseled:obsidian_squares_connecting	full	-63	100	-90
1300	rechiseled:obsidian_squares_slab_connecting	slab	-60	100	-90
1301	rechiseled:obsidian_squares_stairs_connecting	stairs	-57	100	-90
1302	rechiseled:obsidian_stripes_connecting	full	-180	100	-87
1303	rechiseled:obsidian_stripes_slab_connecting	slab	-177	100	-87
1304	rechiseled:obsidian_stripes_stairs_connecting	stairs	-174	100	-87
1305	rechiseled:obsidian_tiles_connecting	full	-171	100	-87
1306	rechiseled:obsidian_tiles_slab_connecting	slab	-168	100	-87
1307	rechiseled:obsidian_tiles_stairs_connecting	stairs	-165	100	-87
1308	rechiseled:prismarine_bricks_beams_connecting	full	-162	100	-87
1309	rechiseled:prismarine_bricks_beams_slab_connecting	slab	-159	100	-87
1310	rechiseled:prismarine_bricks_beams_stairs_connecting	stairs	-156	100	-87
1311	rechiseled:prismarine_bricks_brick_pattern_connecting	full	-153	100	-87
1312	rechiseled:prismarine_bricks_brick_pattern_slab_connecting	slab	-150	100	-87
1313	rechiseled:prismarine_bricks_brick_pattern_stairs_connecting	stairs	-147	100	-87
1314	rechiseled:prismarine_bricks_brick_paving_connecting	full	-144	100	-87
1315	rechiseled:prismarine_bricks_brick_paving_slab_connecting	slab	-141	100	-87
1316	rechiseled:prismarine_bricks_brick_paving_stairs_connecting	stairs	-138	100	-87
1317	rechiseled:prismarine_bricks_bricks_connecting	full	-135	100	-87
1318	rechiseled:prismarine_bricks_bricks_slab_connecting	slab	-132	100	-87
1319	rechiseled:prismarine_bricks_bricks_stairs_connecting	stairs	-129	100	-87
1320	rechiseled:prismarine_bricks_chiseled_circles_connecting	full	-126	100	-87
1321	rechiseled:prismarine_bricks_chiseled_circles_slab_connecting	slab	-123	100	-87
1322	rechiseled:prismarine_bricks_chiseled_circles_stairs_connecting	stairs	-120	100	-87
1323	rechiseled:prismarine_bricks_chiseled_squares_connecting	full	-117	100	-87
1324	rechiseled:prismarine_bricks_chiseled_squares_slab_connecting	slab	-114	100	-87
1325	rechiseled:prismarine_bricks_chiseled_squares_stairs_connecting	stairs	-111	100	-87
1326	rechiseled:prismarine_bricks_diagonal_bricks_connecting	full	-108	100	-87
1327	rechiseled:prismarine_bricks_diagonal_bricks_slab_connecting	slab	-105	100	-87
1328	rechiseled:prismarine_bricks_diagonal_bricks_stairs_connecting	stairs	-102	100	-87
1329	rechiseled:prismarine_bricks_diagonal_tiles_connecting	full	-99	100	-87
1330	rechiseled:prismarine_bricks_diagonal_tiles_slab_connecting	slab	-96	100	-87
1331	rechiseled:prismarine_bricks_diagonal_tiles_stairs_connecting	stairs	-93	100	-87
1332	rechiseled:prismarine_bricks_dotted_connecting	full	-90	100	-87
1333	rechiseled:prismarine_bricks_dotted_slab_connecting	slab	-87	100	-87
1334	rechiseled:prismarine_bricks_dotted_stairs_connecting	stairs	-84	100	-87
1335	rechiseled:prismarine_bricks_pillars_connecting	full	-81	100	-87
1336	rechiseled:prismarine_bricks_pillars_slab_connecting	slab	-78	100	-87
1337	rechiseled:prismarine_bricks_pillars_stairs_connecting	stairs	-75	100	-87
1338	rechiseled:prismarine_bricks_polished_connecting	full	-72	100	-87
1339	rechiseled:prismarine_bricks_polished_slab_connecting	slab	-69	100	-87
1340	rechiseled:prismarine_bricks_polished_stairs_connecting	stairs	-66	100	-87
1341	rechiseled:prismarine_bricks_rotated_bricks_connecting	full	-63	100	-87
1342	rechiseled:prismarine_bricks_rotated_bricks_slab_connecting	slab	-60	100	-87
1343	rechiseled:prismarine_bricks_rotated_bricks_stairs_connecting	stairs	-57	100	-87
1344	rechiseled:prismarine_bricks_rows_connecting	full	-180	100	-84
1345	rechiseled:prismarine_bricks_rows_slab_connecting	slab	-177	100	-84
1346	rechiseled:prismarine_bricks_rows_stairs_connecting	stairs	-174	100	-84
1347	rechiseled:prismarine_bricks_small_tiles_connecting	full	-171	100	-84
1348	rechiseled:prismarine_bricks_small_tiles_slab_connecting	slab	-168	100	-84
1349	rechiseled:prismarine_bricks_small_tiles_stairs_connecting	stairs	-165	100	-84
1350	rechiseled:prismarine_bricks_squares_connecting	full	-162	100	-84
1351	rechiseled:prismarine_bricks_squares_slab_connecting	slab	-159	100	-84
1352	rechiseled:prismarine_bricks_squares_stairs_connecting	stairs	-156	100	-84
1353	rechiseled:prismarine_bricks_tiles_connecting	full	-153	100	-84
1354	rechiseled:prismarine_bricks_tiles_slab_connecting	slab	-150	100	-84
1355	rechiseled:prismarine_bricks_tiles_stairs_connecting	stairs	-147	100	-84
1356	rechiseled:prismarine_bricks_wavy_connecting	full	-144	100	-84
1357	rechiseled:prismarine_bricks_wavy_slab_connecting	slab	-141	100	-84
1358	rechiseled:prismarine_bricks_wavy_stairs_connecting	stairs	-138	100	-84
1359	rechiseled:prismarine_bricks_woven_connecting	full	-135	100	-84
1360	rechiseled:prismarine_bricks_woven_slab_connecting	slab	-132	100	-84
1361	rechiseled:prismarine_bricks_woven_stairs_connecting	stairs	-129	100	-84
1362	rechiseled:purpur_brick_pattern_connecting	full	-126	100	-84
1363	rechiseled:purpur_brick_pattern_slab_connecting	slab	-123	100	-84
1364	rechiseled:purpur_brick_pattern_stairs_connecting	stairs	-120	100	-84
1365	rechiseled:purpur_brick_paving_connecting	full	-117	100	-84
1366	rechiseled:purpur_brick_paving_slab_connecting	slab	-114	100	-84
1367	rechiseled:purpur_brick_paving_stairs_connecting	stairs	-111	100	-84
1368	rechiseled:purpur_bricks_connecting	full	-108	100	-84
1369	rechiseled:purpur_bricks_slab_connecting	slab	-105	100	-84
1370	rechiseled:purpur_bricks_stairs_connecting	stairs	-102	100	-84
1371	rechiseled:purpur_diagonal_bricks_connecting	full	-99	100	-84
1372	rechiseled:purpur_diagonal_bricks_slab_connecting	slab	-96	100	-84
1373	rechiseled:purpur_diagonal_bricks_stairs_connecting	stairs	-93	100	-84
1374	rechiseled:purpur_diagonal_tiles_connecting	full	-90	100	-84
1375	rechiseled:purpur_diagonal_tiles_slab_connecting	slab	-87	100	-84
1376	rechiseled:purpur_diagonal_tiles_stairs_connecting	stairs	-84	100	-84
1377	rechiseled:purpur_dotted_connecting	full	-81	100	-84
1378	rechiseled:purpur_dotted_slab_connecting	slab	-78	100	-84
1379	rechiseled:purpur_dotted_stairs_connecting	stairs	-75	100	-84
1380	rechiseled:purpur_fabric_connecting	full	-72	100	-84
1381	rechiseled:purpur_fabric_slab_connecting	slab	-69	100	-84
1382	rechiseled:purpur_fabric_stairs_connecting	stairs	-66	100	-84
1383	rechiseled:purpur_jagged_pattern_connecting	full	-63	100	-84
1384	rechiseled:purpur_jagged_pattern_slab_connecting	slab	-60	100	-84
1385	rechiseled:purpur_jagged_pattern_stairs_connecting	stairs	-57	100	-84
1386	rechiseled:purpur_large_tiles_connecting	full	-180	100	-81
1387	rechiseled:purpur_large_tiles_slab_connecting	slab	-177	100	-81
1388	rechiseled:purpur_large_tiles_stairs_connecting	stairs	-174	100	-81
1389	rechiseled:purpur_organic_pattern_connecting	full	-171	100	-81
1390	rechiseled:purpur_organic_pattern_slab_connecting	slab	-168	100	-81
1391	rechiseled:purpur_organic_pattern_stairs_connecting	stairs	-165	100	-81
1392	rechiseled:purpur_pillar_connecting	full	-162	100	-81
1393	rechiseled:purpur_pillar_slab_connecting	slab	-159	100	-81
1394	rechiseled:purpur_pillar_stairs_connecting	stairs	-156	100	-81
1395	rechiseled:purpur_rotated_bricks_connecting	full	-153	100	-81
1396	rechiseled:purpur_rotated_bricks_slab_connecting	slab	-150	100	-81
1397	rechiseled:purpur_rotated_bricks_stairs_connecting	stairs	-147	100	-81
1398	rechiseled:purpur_slanted_tiles_connecting	full	-144	100	-81
1399	rechiseled:purpur_slanted_tiles_slab_connecting	slab	-141	100	-81
1400	rechiseled:purpur_slanted_tiles_stairs_connecting	stairs	-138	100	-81
1401	rechiseled:purpur_small_tiles_connecting	full	-135	100	-81
1402	rechiseled:purpur_small_tiles_slab_connecting	slab	-132	100	-81
1403	rechiseled:purpur_small_tiles_stairs_connecting	stairs	-129	100	-81
1404	rechiseled:purpur_spiral_pattern_connecting	full	-126	100	-81
1405	rechiseled:purpur_spiral_pattern_slab_connecting	slab	-123	100	-81
1406	rechiseled:purpur_spiral_pattern_stairs_connecting	stairs	-120	100	-81
1407	rechiseled:purpur_squares_connecting	full	-117	100	-81
1408	rechiseled:purpur_squares_slab_connecting	slab	-114	100	-81
1409	rechiseled:purpur_squares_stairs_connecting	stairs	-111	100	-81
1410	rechiseled:purpur_tiles_connecting	full	-108	100	-81
1411	rechiseled:purpur_tiles_slab_connecting	slab	-105	100	-81
1412	rechiseled:purpur_tiles_stairs_connecting	stairs	-102	100	-81
1413	rechiseled:purpur_woven_connecting	full	-99	100	-81
1414	rechiseled:purpur_woven_slab_connecting	slab	-96	100	-81
1415	rechiseled:purpur_woven_stairs_connecting	stairs	-93	100	-81
1416	rechiseled:quartz_block_bordered_connecting	full	-90	100	-81
1417	rechiseled:quartz_block_bordered_slab_connecting	slab	-87	100	-81
1418	rechiseled:quartz_block_bordered_stairs_connecting	stairs	-84	100	-81
1419	rechiseled:quartz_block_brick_paving_connecting	full	-81	100	-81
1420	rechiseled:quartz_block_brick_paving_slab_connecting	slab	-78	100	-81
1421	rechiseled:quartz_block_brick_paving_stairs_connecting	stairs	-75	100	-81
1422	rechiseled:quartz_block_chiseled_pillar_connecting	full	-72	100	-81
1423	rechiseled:quartz_block_chiseled_pillar_slab_connecting	slab	-69	100	-81
1424	rechiseled:quartz_block_chiseled_pillar_stairs_connecting	stairs	-66	100	-81
1425	rechiseled:quartz_block_connecting_connecting	full	-63	100	-81
1426	rechiseled:quartz_block_connecting_slab_connecting	slab	-60	100	-81
1427	rechiseled:quartz_block_connecting_stairs_connecting	stairs	-57	100	-81
1428	rechiseled:quartz_block_crosses_connecting	full	-180	100	-78
1429	rechiseled:quartz_block_crosses_slab_connecting	slab	-177	100	-78
1430	rechiseled:quartz_block_crosses_stairs_connecting	stairs	-174	100	-78
1431	rechiseled:quartz_block_diagonal_tiles_connecting	full	-171	100	-78
1432	rechiseled:quartz_block_diagonal_tiles_slab_connecting	slab	-168	100	-78
1433	rechiseled:quartz_block_diagonal_tiles_stairs_connecting	stairs	-165	100	-78
1434	rechiseled:quartz_block_pattern_connecting	full	-162	100	-78
1435	rechiseled:quartz_block_pattern_slab_connecting	slab	-159	100	-78
1436	rechiseled:quartz_block_pattern_stairs_connecting	stairs	-156	100	-78
1437	rechiseled:quartz_block_rotated_bricks_connecting	full	-153	100	-78
1438	rechiseled:quartz_block_rotated_bricks_slab_connecting	slab	-150	100	-78
1439	rechiseled:quartz_block_rotated_bricks_stairs_connecting	stairs	-147	100	-78
1440	rechiseled:quartz_block_rows_connecting	full	-144	100	-78
1441	rechiseled:quartz_block_rows_slab_connecting	slab	-141	100	-78
1442	rechiseled:quartz_block_rows_stairs_connecting	stairs	-138	100	-78
1443	rechiseled:quartz_block_scales_connecting	full	-135	100	-78
1444	rechiseled:quartz_block_scales_slab_connecting	slab	-132	100	-78
1445	rechiseled:quartz_block_scales_stairs_connecting	stairs	-129	100	-78
1446	rechiseled:quartz_block_small_tiles_connecting	full	-126	100	-78
1447	rechiseled:quartz_block_small_tiles_slab_connecting	slab	-123	100	-78
1448	rechiseled:quartz_block_small_tiles_stairs_connecting	stairs	-120	100	-78
1449	rechiseled:quartz_block_squares_connecting	full	-117	100	-78
1450	rechiseled:quartz_block_squares_slab_connecting	slab	-114	100	-78
1451	rechiseled:quartz_block_squares_stairs_connecting	stairs	-111	100	-78
1452	rechiseled:quartz_block_stripes_connecting	full	-108	100	-78
1453	rechiseled:quartz_block_stripes_slab_connecting	slab	-105	100	-78
1454	rechiseled:quartz_block_stripes_stairs_connecting	stairs	-102	100	-78
1455	rechiseled:quartz_block_tiles_connecting	full	-99	100	-78
1456	rechiseled:quartz_block_tiles_slab_connecting	slab	-96	100	-78
1457	rechiseled:quartz_block_tiles_stairs_connecting	stairs	-93	100	-78
1458	rechiseled:red_nether_bricks_beams_connecting	full	-90	100	-78
1459	rechiseled:red_nether_bricks_beams_slab_connecting	slab	-87	100	-78
1460	rechiseled:red_nether_bricks_beams_stairs_connecting	stairs	-84	100	-78
1461	rechiseled:red_nether_bricks_brick_pattern_connecting	full	-81	100	-78
1462	rechiseled:red_nether_bricks_brick_pattern_slab_connecting	slab	-78	100	-78
1463	rechiseled:red_nether_bricks_brick_pattern_stairs_connecting	stairs	-75	100	-78
1464	rechiseled:red_nether_bricks_brick_paving_connecting	full	-72	100	-78
1465	rechiseled:red_nether_bricks_brick_paving_slab_connecting	slab	-69	100	-78
1466	rechiseled:red_nether_bricks_brick_paving_stairs_connecting	stairs	-66	100	-78
1467	rechiseled:red_nether_bricks_chiseled_squares_connecting	full	-63	100	-78
1468	rechiseled:red_nether_bricks_chiseled_squares_slab_connecting	slab	-60	100	-78
1469	rechiseled:red_nether_bricks_chiseled_squares_stairs_connecting	stairs	-57	100	-78
1470	rechiseled:red_nether_bricks_diagonal_bricks_connecting	full	-180	100	-75
1471	rechiseled:red_nether_bricks_diagonal_bricks_slab_connecting	slab	-177	100	-75
1472	rechiseled:red_nether_bricks_diagonal_bricks_stairs_connecting	stairs	-174	100	-75
1473	rechiseled:red_nether_bricks_large_bricks_connecting	full	-171	100	-75
1474	rechiseled:red_nether_bricks_large_bricks_slab_connecting	slab	-168	100	-75
1475	rechiseled:red_nether_bricks_large_bricks_stairs_connecting	stairs	-165	100	-75
1476	rechiseled:red_nether_bricks_large_tiles_connecting	full	-162	100	-75
1477	rechiseled:red_nether_bricks_large_tiles_slab_connecting	slab	-159	100	-75
1478	rechiseled:red_nether_bricks_large_tiles_stairs_connecting	stairs	-156	100	-75
1479	rechiseled:red_nether_bricks_rotated_bricks_connecting	full	-153	100	-75
1480	rechiseled:red_nether_bricks_rotated_bricks_slab_connecting	slab	-150	100	-75
1481	rechiseled:red_nether_bricks_rotated_bricks_stairs_connecting	stairs	-147	100	-75
1482	rechiseled:red_nether_bricks_small_tiles_connecting	full	-144	100	-75
1483	rechiseled:red_nether_bricks_small_tiles_slab_connecting	slab	-141	100	-75
1484	rechiseled:red_nether_bricks_small_tiles_stairs_connecting	stairs	-138	100	-75
1485	rechiseled:red_nether_bricks_smooth_connecting	full	-135	100	-75
1486	rechiseled:red_nether_bricks_smooth_slab_connecting	slab	-132	100	-75
1487	rechiseled:red_nether_bricks_smooth_stairs_connecting	stairs	-129	100	-75
1488	rechiseled:red_nether_bricks_squares_connecting	full	-126	100	-75
1489	rechiseled:red_nether_bricks_squares_slab_connecting	slab	-123	100	-75
1490	rechiseled:red_nether_bricks_squares_stairs_connecting	stairs	-120	100	-75
1491	rechiseled:red_nether_bricks_tiles_connecting	full	-117	100	-75
1492	rechiseled:red_nether_bricks_tiles_slab_connecting	slab	-114	100	-75
1493	rechiseled:red_nether_bricks_tiles_stairs_connecting	stairs	-111	100	-75
1494	rechiseled:red_sandstone_brick_pattern_connecting	full	-108	100	-75
1495	rechiseled:red_sandstone_brick_pattern_slab_connecting	slab	-105	100	-75
1496	rechiseled:red_sandstone_brick_pattern_stairs_connecting	stairs	-102	100	-75
1497	rechiseled:red_sandstone_brick_paving_connecting	full	-99	100	-75
1498	rechiseled:red_sandstone_brick_paving_slab_connecting	slab	-96	100	-75
1499	rechiseled:red_sandstone_brick_paving_stairs_connecting	stairs	-93	100	-75
1500	rechiseled:red_sandstone_bricks_connecting	full	-90	100	-75
1501	rechiseled:red_sandstone_bricks_slab_connecting	slab	-87	100	-75
1502	rechiseled:red_sandstone_bricks_stairs_connecting	stairs	-84	100	-75
1503	rechiseled:red_sandstone_diagonal_bricks_connecting	full	-81	100	-75
1504	rechiseled:red_sandstone_diagonal_bricks_slab_connecting	slab	-78	100	-75
1505	rechiseled:red_sandstone_diagonal_bricks_stairs_connecting	stairs	-75	100	-75
1506	rechiseled:red_sandstone_large_tiles_connecting	full	-72	100	-75
1507	rechiseled:red_sandstone_large_tiles_slab_connecting	slab	-69	100	-75
1508	rechiseled:red_sandstone_large_tiles_stairs_connecting	stairs	-66	100	-75
1509	rechiseled:red_sandstone_polished_connecting	full	-63	100	-75
1510	rechiseled:red_sandstone_polished_slab_connecting	slab	-60	100	-75
1511	rechiseled:red_sandstone_polished_stairs_connecting	stairs	-57	100	-75
1512	rechiseled:red_sandstone_rotated_bricks_connecting	full	-180	100	-72
1513	rechiseled:red_sandstone_rotated_bricks_slab_connecting	slab	-177	100	-72
1514	rechiseled:red_sandstone_rotated_bricks_stairs_connecting	stairs	-174	100	-72
1515	rechiseled:red_sandstone_tiles_connecting	full	-171	100	-72
1516	rechiseled:red_sandstone_tiles_slab_connecting	slab	-168	100	-72
1517	rechiseled:red_sandstone_tiles_stairs_connecting	stairs	-165	100	-72
1518	rechiseled:redstone_block_bordered_connecting	full	-162	100	-72
1519	rechiseled:redstone_block_bordered_slab_connecting	slab	-159	100	-72
1520	rechiseled:redstone_block_bordered_stairs_connecting	stairs	-156	100	-72
1521	rechiseled:redstone_block_bricks_connecting	full	-153	100	-72
1522	rechiseled:redstone_block_bricks_slab_connecting	slab	-150	100	-72
1523	rechiseled:redstone_block_bricks_stairs_connecting	stairs	-147	100	-72
1524	rechiseled:redstone_block_chiseled_clovers_connecting	full	-144	100	-72
1525	rechiseled:redstone_block_chiseled_clovers_slab_connecting	slab	-141	100	-72
1526	rechiseled:redstone_block_chiseled_clovers_stairs_connecting	stairs	-138	100	-72
1527	rechiseled:redstone_block_circles_connecting	full	-135	100	-72
1528	rechiseled:redstone_block_circles_slab_connecting	slab	-132	100	-72
1529	rechiseled:redstone_block_circles_stairs_connecting	stairs	-129	100	-72
1530	rechiseled:redstone_block_compressed_connecting	full	-126	100	-72
1531	rechiseled:redstone_block_compressed_slab_connecting	slab	-123	100	-72
1532	rechiseled:redstone_block_compressed_stairs_connecting	stairs	-120	100	-72
1533	rechiseled:redstone_block_diagonal_tiles_connecting	full	-117	100	-72
1534	rechiseled:redstone_block_diagonal_tiles_slab_connecting	slab	-114	100	-72
1535	rechiseled:redstone_block_diagonal_tiles_stairs_connecting	stairs	-111	100	-72
1536	rechiseled:redstone_block_patterned_connecting	full	-108	100	-72
1537	rechiseled:redstone_block_patterned_slab_connecting	slab	-105	100	-72
1538	rechiseled:redstone_block_patterned_stairs_connecting	stairs	-102	100	-72
1539	rechiseled:redstone_block_paving_connecting	full	-99	100	-72
1540	rechiseled:redstone_block_paving_slab_connecting	slab	-96	100	-72
1541	rechiseled:redstone_block_paving_stairs_connecting	stairs	-93	100	-72
1542	rechiseled:redstone_block_pillar_connecting	axis	-90	100	-72
1543	rechiseled:redstone_block_pillar_slab_connecting	slab	-87	100	-72
1544	rechiseled:redstone_block_pillar_stairs_connecting	stairs	-84	100	-72
1545	rechiseled:redstone_block_polished_connecting	full	-81	100	-72
1546	rechiseled:redstone_block_polished_slab_connecting	slab	-78	100	-72
1547	rechiseled:redstone_block_polished_stairs_connecting	stairs	-75	100	-72
1548	rechiseled:redstone_block_scales_connecting	full	-72	100	-72
1549	rechiseled:redstone_block_scales_slab_connecting	slab	-69	100	-72
1550	rechiseled:redstone_block_scales_stairs_connecting	stairs	-66	100	-72
1551	rechiseled:redstone_block_small_tiles_connecting	full	-63	100	-72
1552	rechiseled:redstone_block_small_tiles_slab_connecting	slab	-60	100	-72
1553	rechiseled:redstone_block_small_tiles_stairs_connecting	stairs	-57	100	-72
1554	rechiseled:sandstone_brick_pattern_connecting	full	-180	100	-69
1555	rechiseled:sandstone_brick_pattern_slab_connecting	slab	-177	100	-69
1556	rechiseled:sandstone_brick_pattern_stairs_connecting	stairs	-174	100	-69
1557	rechiseled:sandstone_brick_paving_connecting	full	-171	100	-69
1558	rechiseled:sandstone_brick_paving_slab_connecting	slab	-168	100	-69
1559	rechiseled:sandstone_brick_paving_stairs_connecting	stairs	-165	100	-69
1560	rechiseled:sandstone_bricks_connecting	full	-162	100	-69
1561	rechiseled:sandstone_bricks_slab_connecting	slab	-159	100	-69
1562	rechiseled:sandstone_bricks_stairs_connecting	stairs	-156	100	-69
1563	rechiseled:sandstone_diagonal_bricks_connecting	full	-153	100	-69
1564	rechiseled:sandstone_diagonal_bricks_slab_connecting	slab	-150	100	-69
1565	rechiseled:sandstone_diagonal_bricks_stairs_connecting	stairs	-147	100	-69
1566	rechiseled:sandstone_large_tiles_connecting	full	-144	100	-69
1567	rechiseled:sandstone_large_tiles_slab_connecting	slab	-141	100	-69
1568	rechiseled:sandstone_large_tiles_stairs_connecting	stairs	-138	100	-69
1569	rechiseled:sandstone_polished_connecting	full	-135	100	-69
1570	rechiseled:sandstone_polished_slab_connecting	slab	-132	100	-69
1571	rechiseled:sandstone_polished_stairs_connecting	stairs	-129	100	-69
1572	rechiseled:sandstone_rotated_bricks_connecting	full	-126	100	-69
1573	rechiseled:sandstone_rotated_bricks_slab_connecting	slab	-123	100	-69
1574	rechiseled:sandstone_rotated_bricks_stairs_connecting	stairs	-120	100	-69
1575	rechiseled:sandstone_tiles_connecting	full	-117	100	-69
1576	rechiseled:sandstone_tiles_slab_connecting	slab	-114	100	-69
1577	rechiseled:sandstone_tiles_stairs_connecting	stairs	-111	100	-69
1578	rechiseled:spruce_planks_beams_connecting	full	-108	100	-69
1579	rechiseled:spruce_planks_beams_slab_connecting	slab	-105	100	-69
1580	rechiseled:spruce_planks_beams_stairs_connecting	stairs	-102	100	-69
1581	rechiseled:spruce_planks_brick_pattern_connecting	full	-99	100	-69
1582	rechiseled:spruce_planks_brick_pattern_slab_connecting	slab	-96	100	-69
1583	rechiseled:spruce_planks_brick_pattern_stairs_connecting	stairs	-93	100	-69
1584	rechiseled:spruce_planks_brick_paving_connecting	full	-90	100	-69
1585	rechiseled:spruce_planks_brick_paving_slab_connecting	slab	-87	100	-69
1586	rechiseled:spruce_planks_brick_paving_stairs_connecting	stairs	-84	100	-69
1587	rechiseled:spruce_planks_bricks_connecting	full	-81	100	-69
1588	rechiseled:spruce_planks_bricks_slab_connecting	slab	-78	100	-69
1589	rechiseled:spruce_planks_bricks_stairs_connecting	stairs	-75	100	-69
1590	rechiseled:spruce_planks_crate_connecting	full	-72	100	-69
1591	rechiseled:spruce_planks_crate_slab_connecting	slab	-69	100	-69
1592	rechiseled:spruce_planks_crate_stairs_connecting	stairs	-66	100	-69
1593	rechiseled:spruce_planks_diagonal_stripes_connecting	full	-63	100	-69
1594	rechiseled:spruce_planks_diagonal_stripes_slab_connecting	slab	-60	100	-69
1595	rechiseled:spruce_planks_diagonal_stripes_stairs_connecting	stairs	-57	100	-69
1596	rechiseled:spruce_planks_diagonal_tiles_connecting	full	-180	100	-66
1597	rechiseled:spruce_planks_diagonal_tiles_slab_connecting	slab	-177	100	-66
1598	rechiseled:spruce_planks_diagonal_tiles_stairs_connecting	stairs	-174	100	-66
1599	rechiseled:spruce_planks_dotted_connecting	full	-171	100	-66
1600	rechiseled:spruce_planks_dotted_slab_connecting	slab	-168	100	-66
1601	rechiseled:spruce_planks_dotted_stairs_connecting	stairs	-165	100	-66
1602	rechiseled:spruce_planks_flooring_connecting	full	-162	100	-66
1603	rechiseled:spruce_planks_flooring_slab_connecting	slab	-159	100	-66
1604	rechiseled:spruce_planks_flooring_stairs_connecting	stairs	-156	100	-66
1605	rechiseled:spruce_planks_large_tiles_connecting	full	-153	100	-66
1606	rechiseled:spruce_planks_large_tiles_slab_connecting	slab	-150	100	-66
1607	rechiseled:spruce_planks_large_tiles_stairs_connecting	stairs	-147	100	-66
1608	rechiseled:spruce_planks_pattern_connecting	full	-144	100	-66
1609	rechiseled:spruce_planks_pattern_slab_connecting	slab	-141	100	-66
1610	rechiseled:spruce_planks_pattern_stairs_connecting	stairs	-138	100	-66
1611	rechiseled:spruce_planks_rotated_bricks_connecting	full	-135	100	-66
1612	rechiseled:spruce_planks_rotated_bricks_slab_connecting	slab	-132	100	-66
1613	rechiseled:spruce_planks_rotated_bricks_stairs_connecting	stairs	-129	100	-66
1614	rechiseled:spruce_planks_small_bricks_connecting	full	-126	100	-66
1615	rechiseled:spruce_planks_small_bricks_slab_connecting	slab	-123	100	-66
1616	rechiseled:spruce_planks_small_bricks_stairs_connecting	stairs	-120	100	-66
1617	rechiseled:spruce_planks_small_tiles_connecting	full	-117	100	-66
1618	rechiseled:spruce_planks_small_tiles_slab_connecting	slab	-114	100	-66
1619	rechiseled:spruce_planks_small_tiles_stairs_connecting	stairs	-111	100	-66
1620	rechiseled:spruce_planks_squares_connecting	full	-108	100	-66
1621	rechiseled:spruce_planks_squares_slab_connecting	slab	-105	100	-66
1622	rechiseled:spruce_planks_squares_stairs_connecting	stairs	-102	100	-66
1623	rechiseled:spruce_planks_tiles_connecting	full	-99	100	-66
1624	rechiseled:spruce_planks_tiles_slab_connecting	slab	-96	100	-66
1625	rechiseled:spruce_planks_tiles_stairs_connecting	stairs	-93	100	-66
1626	rechiseled:spruce_planks_wavy_connecting	full	-90	100	-66
1627	rechiseled:spruce_planks_wavy_slab_connecting	slab	-87	100	-66
1628	rechiseled:spruce_planks_wavy_stairs_connecting	stairs	-84	100	-66
1629	rechiseled:spruce_planks_woven_connecting	full	-81	100	-66
1630	rechiseled:spruce_planks_woven_slab_connecting	slab	-78	100	-66
1631	rechiseled:spruce_planks_woven_stairs_connecting	stairs	-75	100	-66
1632	rechiseled:stone_big_tiles_connecting	full	-72	100	-66
1633	rechiseled:stone_big_tiles_slab_connecting	slab	-69	100	-66
1634	rechiseled:stone_big_tiles_stairs_connecting	stairs	-66	100	-66
1635	rechiseled:stone_bordered_connecting	full	-63	100	-66
1636	rechiseled:stone_bordered_slab_connecting	slab	-60	100	-66
1637	rechiseled:stone_bordered_stairs_connecting	stairs	-57	100	-66
1638	rechiseled:stone_brick_pattern_connecting	full	-180	100	-63
1639	rechiseled:stone_brick_pattern_slab_connecting	slab	-177	100	-63
1640	rechiseled:stone_brick_pattern_stairs_connecting	stairs	-174	100	-63
1641	rechiseled:stone_brick_paving_connecting	full	-171	100	-63
1642	rechiseled:stone_brick_paving_slab_connecting	slab	-168	100	-63
1643	rechiseled:stone_brick_paving_stairs_connecting	stairs	-165	100	-63
1644	rechiseled:stone_chiseled_bricks_connecting	full	-162	100	-63
1645	rechiseled:stone_chiseled_bricks_slab_connecting	slab	-159	100	-63
1646	rechiseled:stone_chiseled_bricks_stairs_connecting	stairs	-156	100	-63
1647	rechiseled:stone_crushed_connecting	full	-153	100	-63
1648	rechiseled:stone_crushed_slab_connecting	slab	-150	100	-63
1649	rechiseled:stone_crushed_stairs_connecting	stairs	-147	100	-63
1650	rechiseled:stone_diagonal_bricks_connecting	full	-144	100	-63
1651	rechiseled:stone_diagonal_bricks_slab_connecting	slab	-141	100	-63
1652	rechiseled:stone_diagonal_bricks_stairs_connecting	stairs	-138	100	-63
1653	rechiseled:stone_path_connecting	full	-135	100	-63
1654	rechiseled:stone_path_slab_connecting	slab	-132	100	-63
1655	rechiseled:stone_path_stairs_connecting	stairs	-129	100	-63
1656	rechiseled:stone_rotated_bricks_connecting	full	-126	100	-63
1657	rechiseled:stone_rotated_bricks_slab_connecting	slab	-123	100	-63
1658	rechiseled:stone_rotated_bricks_stairs_connecting	stairs	-120	100	-63
1659	rechiseled:stone_small_bricks_connecting	full	-117	100	-63
1660	rechiseled:stone_small_bricks_slab_connecting	slab	-114	100	-63
1661	rechiseled:stone_small_bricks_stairs_connecting	stairs	-111	100	-63
1662	rechiseled:stone_small_tiles_connecting	full	-108	100	-63
1663	rechiseled:stone_small_tiles_slab_connecting	slab	-105	100	-63
1664	rechiseled:stone_small_tiles_stairs_connecting	stairs	-102	100	-63
1665	rechiseled:stone_smooth_brick_paving_connecting	full	-99	100	-63
1666	rechiseled:stone_smooth_brick_paving_slab_connecting	slab	-96	100	-63
1667	rechiseled:stone_smooth_brick_paving_stairs_connecting	stairs	-93	100	-63
1668	rechiseled:stone_smooth_connecting	full	-90	100	-63
1669	rechiseled:stone_smooth_large_tiles_connecting	full	-87	100	-63
1670	rechiseled:stone_smooth_large_tiles_slab_connecting	slab	-84	100	-63
1671	rechiseled:stone_smooth_large_tiles_stairs_connecting	stairs	-81	100	-63
1672	rechiseled:stone_smooth_rotated_bricks_connecting	full	-78	100	-63
1673	rechiseled:stone_smooth_rotated_bricks_slab_connecting	slab	-75	100	-63
1674	rechiseled:stone_smooth_rotated_bricks_stairs_connecting	stairs	-72	100	-63
1675	rechiseled:stone_smooth_slab_connecting	slab	-69	100	-63
1676	rechiseled:stone_smooth_stairs_connecting	stairs	-66	100	-63
1677	rechiseled:stone_smooth_tiles_connecting	full	-63	100	-63
1678	rechiseled:stone_smooth_tiles_slab_connecting	slab	-60	100	-63
1679	rechiseled:stone_smooth_tiles_stairs_connecting	stairs	-57	100	-63
1680	rechiseled:stone_squares_connecting	full	-180	100	-60
1681	rechiseled:stone_squares_slab_connecting	slab	-177	100	-60
1682	rechiseled:stone_squares_stairs_connecting	stairs	-174	100	-60
1683	rechiseled:stone_tiles_connecting	full	-171	100	-60
1684	rechiseled:stone_tiles_slab_connecting	slab	-168	100	-60
1685	rechiseled:stone_tiles_stairs_connecting	stairs	-165	100	-60
1686	rechiseled:stone_waves_connecting	full	-162	100	-60
1687	rechiseled:stone_waves_slab_connecting	slab	-159	100	-60
1688	rechiseled:stone_waves_stairs_connecting	stairs	-156	100	-60
1689	rechiseled:warped_planks_beams_connecting	full	-153	100	-60
1690	rechiseled:warped_planks_beams_slab_connecting	slab	-150	100	-60
1691	rechiseled:warped_planks_beams_stairs_connecting	stairs	-147	100	-60
1692	rechiseled:warped_planks_brick_pattern_connecting	full	-144	100	-60
1693	rechiseled:warped_planks_brick_pattern_slab_connecting	slab	-141	100	-60
1694	rechiseled:warped_planks_brick_pattern_stairs_connecting	stairs	-138	100	-60
1695	rechiseled:warped_planks_brick_paving_connecting	full	-135	100	-60
1696	rechiseled:warped_planks_brick_paving_slab_connecting	slab	-132	100	-60
1697	rechiseled:warped_planks_brick_paving_stairs_connecting	stairs	-129	100	-60
1698	rechiseled:warped_planks_bricks_connecting	full	-126	100	-60
1699	rechiseled:warped_planks_bricks_slab_connecting	slab	-123	100	-60
1700	rechiseled:warped_planks_bricks_stairs_connecting	stairs	-120	100	-60
1701	rechiseled:warped_planks_crate_connecting	full	-117	100	-60
1702	rechiseled:warped_planks_crate_slab_connecting	slab	-114	100	-60
1703	rechiseled:warped_planks_crate_stairs_connecting	stairs	-111	100	-60
1704	rechiseled:warped_planks_diagonal_stripes_connecting	full	-108	100	-60
1705	rechiseled:warped_planks_diagonal_stripes_slab_connecting	slab	-105	100	-60
1706	rechiseled:warped_planks_diagonal_stripes_stairs_connecting	stairs	-102	100	-60
1707	rechiseled:warped_planks_diagonal_tiles_connecting	full	-99	100	-60
1708	rechiseled:warped_planks_diagonal_tiles_slab_connecting	slab	-96	100	-60
1709	rechiseled:warped_planks_diagonal_tiles_stairs_connecting	stairs	-93	100	-60
1710	rechiseled:warped_planks_dotted_connecting	full	-90	100	-60
1711	rechiseled:warped_planks_dotted_slab_connecting	slab	-87	100	-60
1712	rechiseled:warped_planks_dotted_stairs_connecting	stairs	-84	100	-60
1713	rechiseled:warped_planks_flooring_connecting	full	-81	100	-60
1714	rechiseled:warped_planks_flooring_slab_connecting	slab	-78	100	-60
1715	rechiseled:warped_planks_flooring_stairs_connecting	stairs	-75	100	-60
1716	rechiseled:warped_planks_large_tiles_connecting	full	-72	100	-60
1717	rechiseled:warped_planks_large_tiles_slab_connecting	slab	-69	100	-60
1718	rechiseled:warped_planks_large_tiles_stairs_connecting	stairs	-66	100	-60
1719	rechiseled:warped_planks_pattern_connecting	full	-63	100	-60
1720	rechiseled:warped_planks_pattern_slab_connecting	slab	-60	100	-60
1721	rechiseled:warped_planks_pattern_stairs_connecting	stairs	-57	100	-60
1722	rechiseled:warped_planks_rotated_bricks_connecting	full	-180	100	-57
1723	rechiseled:warped_planks_rotated_bricks_slab_connecting	slab	-177	100	-57
1724	rechiseled:warped_planks_rotated_bricks_stairs_connecting	stairs	-174	100	-57
1725	rechiseled:warped_planks_small_bricks_connecting	full	-171	100	-57
1726	rechiseled:warped_planks_small_bricks_slab_connecting	slab	-168	100	-57
1727	rechiseled:warped_planks_small_bricks_stairs_connecting	stairs	-165	100	-57
1728	rechiseled:warped_planks_small_tiles_connecting	full	-162	100	-57
1729	rechiseled:warped_planks_small_tiles_slab_connecting	slab	-159	100	-57
1730	rechiseled:warped_planks_small_tiles_stairs_connecting	stairs	-156	100	-57
1731	rechiseled:warped_planks_squares_connecting	full	-153	100	-57
1732	rechiseled:warped_planks_squares_slab_connecting	slab	-150	100	-57
1733	rechiseled:warped_planks_squares_stairs_connecting	stairs	-147	100	-57
1734	rechiseled:warped_planks_tiles_connecting	full	-144	100	-57
1735	rechiseled:warped_planks_tiles_slab_connecting	slab	-141	100	-57
1736	rechiseled:warped_planks_tiles_stairs_connecting	stairs	-138	100	-57
1737	rechiseled:warped_planks_wavy_connecting	full	-135	100	-57
1738	rechiseled:warped_planks_wavy_slab_connecting	slab	-132	100	-57
1739	rechiseled:warped_planks_wavy_stairs_connecting	stairs	-129	100	-57
1740	rechiseled:warped_planks_woven_connecting	full	-126	100	-57
1741	rechiseled:warped_planks_woven_slab_connecting	slab	-123	100	-57
1742	rechiseled:warped_planks_woven_stairs_connecting	stairs	-120	100	-57
