rechiseled:acacia_planks_beams_connecting	full	1	f916c75bea9172b28a91d2dac2772c1f53af6964fb32e1fbeb3ac0e9f8464cef	b6209f2645d64d2a4a7fb6268f504ea59a3875b3f31f7915bd7a2ffedd6268a0
rechiseled:acacia_planks_beams_slab_connecting	slab	6	c60a7b1e28d5f54d3d1ba29288e71edc38fb8e77a97fff0045045a27f4d4fb41	c7aa59d2d1d7d6b31f18ad737a6ef5fba502800a7ac0c7fa5b7cc024385bb384
rechiseled:acacia_planks_beams_stairs_connecting	stairs	80	3040c85a579c9c86b8d1ca91d48d8422df1ffb85aad25864b4ac7cba4d2608e4	32f1bc7c832b760d5dc433b1900a14535f32024afb24fe651a6bc3e5e70f5daa
rechiseled:acacia_planks_brick_pattern_connecting	full	1	7189d082c1a07f9016c455f3c13ac5695a9c53aad45cc403c1da9f005fb54b7f	210218da4ed684b4fb9b139d275cf9fb873931b1f06d3c119e92ce8abaf69672
rechiseled:acacia_planks_brick_pattern_slab_connecting	slab	6	5f0a36625c2cb6efca9693a8dc8252559f4b4ada286bae1a1b5aa36af13963e4	999df06e4b015fd2c57d9f7c149b887d6b1ea2924a8b86b5820b75d7bd9693b3
rechiseled:acacia_planks_brick_pattern_stairs_connecting	stairs	80	cd84c7d86bec2f2bb8e31e2f11aaeb65d264d5b259ca382aba7a6571c06c2eb3	33fc16caee77ce664e734b699dd6d682e7f8adb362dfd540267c9c091ce6a0e6
rechiseled:acacia_planks_brick_paving_connecting	full	1	a3dd9039c4772ceafb30d06aaf9c09832cb572bcf3b9b88adf8ebbfe626e8fa0	104e11a28ef5131bb7accb20aff60129caf7ef2324fbcb31029da0d34d7ead16
rechiseled:acacia_planks_brick_paving_slab_connecting	slab	6	dd5c5c6ca0832faf22ad08a8c7e89844401191900466be7a658cbdd433896f63	d358433163ad41ddd235f3f626f6997adeffac13fc63a4d41cde023c7e571410
rechiseled:acacia_planks_brick_paving_stairs_connecting	stairs	80	a7534dfb3cb9ed084bd0ad3b0375ba3e6c08b3e88b17bde7a0cad8edefcf07e8	a983eb9535db5a5a3344b7447e8307129a9ae00f183cbf841c14dccd013e1688
rechiseled:acacia_planks_bricks_connecting	full	1	d0a0804876d16c37fb52a45e5677ae0d4048e8781f58a1d8bb133851c9ec0a51	0da733d7eb5961834bf5897d70baac52971cbf0519851ac8088e8c4fab7adcf5
rechiseled:acacia_planks_bricks_slab_connecting	slab	6	dfb607f6d5c281bd2fc53677d13b7c30d536ef083e3c8de45b0c1eb7e523931b	f83fc0ce027a91d9bbd9b2d6bb1b888ba75e29bb511d7b3f4079a9720b35b669
rechiseled:acacia_planks_bricks_stairs_connecting	stairs	80	5310e5162426a92989f66044e1ea6d71fca45f493b75c18208f63fb825213ef9	452b49df128bc8cd2b85659a9710614c1ea0e7400b48898586f2d5680b9562b4
rechiseled:acacia_planks_crate_connecting	full	1	8b1e3a5e2e738b962770c7214eb3094f6a49834114602f66dacb427f24d103d3	12abf4183849701fdf796c49baca0065dd5eec54e5b84f14402d0c4d01b2f8ff
rechiseled:acacia_planks_crate_slab_connecting	slab	6	4ae4700052bce757e8bcafaf5a34986745b1af91af2304e828f30ea788c04561	dfc7286e8c46255f1ff995c2d7859e97e13b8cf6c13e5ef281361d13304e50f0
rechiseled:acacia_planks_crate_stairs_connecting	stairs	80	f8459861d248d675db758a45d00a596627d5d98bf2d93157ae644d2b7a94fce1	d3e1baa056570fd44eadf78326e6c1ab4815c70a2d9abfaf2b035e18c6f2d01d
rechiseled:acacia_planks_diagonal_stripes_connecting	full	1	b55b03788daf98ca36c9efa892b77747f3550cc28c37227f58968817fa988719	36fec43f6e378d9c70dec4f4787722ef010b9471440de19696c88e80faff6b67
rechiseled:acacia_planks_diagonal_stripes_slab_connecting	slab	6	61c4ff7da76aa925018f0f9625c475acd937974a19377f7dd3e0e853dd565ad1	36c9c8d942d3a9913e6cf5599a36b1bc55a2e294f96e58f1baa548931df9c71b
rechiseled:acacia_planks_diagonal_stripes_stairs_connecting	stairs	80	f9c50b156843262c582df52d37b60e3eb9754c8ac1b11ef6c55881fceccce3c3	7b44f77bac74aa9d951ae0b5ad550b0412296d4ae07f033e6ed2321ad28f640e
rechiseled:acacia_planks_diagonal_tiles_connecting	full	1	a5662e9d6e45b59aae5eb6d0872fe68a3dd7c2657c1e2ba91ef7721174cd767c	7c578989c209c5c2c0ce2455e738067f6bb3045e8cb14146463c590d3a41bd22
rechiseled:acacia_planks_diagonal_tiles_slab_connecting	slab	6	6d525c3b333a3dbafcb81bf57b0a42a2521307d7f4b6b9b71b2c240332032a0b	d2e135882e050ec1e010fb25ea4b7abde986a9811f8f94a17ecd37925609aaac
rechiseled:acacia_planks_diagonal_tiles_stairs_connecting	stairs	80	85c94aa79bf2ee5289546b4e5fb18033d1192e53e07e47dd0024f177f982e578	c5ff211f79fe7b788d4588b3400e66098805e43dc57159f049669ce5120aca13
rechiseled:acacia_planks_dotted_connecting	full	1	6b8d22563ef989b8ec4e6f3aa51cb5c02769c699b9ccbdd90574f6e8c1f0cb1f	f776253b29f1b2569c49652f5493d5877086188d9cae7bd76dbc3731433ecd94
rechiseled:acacia_planks_dotted_slab_connecting	slab	6	179b12782022da989365f9d338ba3c4ddfbd90989eaffc6c2bb424e2d81fa388	f6ebb416c8518bf7752005639e659aacd2f43e1fdcaf611bdef5b5ba18a439be
rechiseled:acacia_planks_dotted_stairs_connecting	stairs	80	7842cbc5284e8c240b037792011587da3fc3b5c20afc73366b89146a7a8bce4c	1672a692eaf586628b0d3c2ef40f000899b0eb12661bf99fd099407dcf3bafd5
rechiseled:acacia_planks_flooring_connecting	full	1	49c2181668cd0ccd73a7aad99e310dcadcdf55d32e70f29846e52860cedb4180	1cf34967cb5556fbc862e147e055e7af8fb005129c217f8620b23e42d66593f8
rechiseled:acacia_planks_flooring_slab_connecting	slab	6	3bce4a7075e284e66e114c66e4409ad51bc82c616acd1cb9ae600f34bcbe666f	f9776c8926b441ddd07c48f31155b81eb2a8b75ff2497336bafba5fa46f47d6a
rechiseled:acacia_planks_flooring_stairs_connecting	stairs	80	2372594e3dd867ab501f4885ecefe51359f090f73c5785034ea3e143d2b9f417	09a379ef36d3a83b799bf3371d931286c2dd6a741bd36914e01eab669d962370
rechiseled:acacia_planks_large_tiles_connecting	full	1	e57c92202bc05253ba301dbe1d79e4c8185a881d0bd698435c9ab23de8a55015	39b7ccde4a2246e859ba97ccd52e0a62a4775c162556d6a2a9de05487f7c24f4
rechiseled:acacia_planks_large_tiles_slab_connecting	slab	6	b138e47480489a416406f62d57cc68496305eb1c25f6d84d1e486cc5a9ef7b5f	519f05632c38b3bc2c071bd955a5b2c411ed4bfdbe457e17dbf550253be48b25
rechiseled:acacia_planks_large_tiles_stairs_connecting	stairs	80	7185162cb9f3225098fe0a617d9307f793e26255c9db23a90f243e27a3284a7c	77fd355cbc4a30995312567fba5ace4a01bdebcbbda032f8a1adf8699280eb97
rechiseled:acacia_planks_pattern_connecting	full	1	394b8ba2d141de49b7ced0b9c4db579121e4b889b5bdfa70f006075eb1876760	fbfd50efbb435424464ab69ebd54bcf8e83ceb459a29d67f7b7f34cf78bdad83
rechiseled:acacia_planks_pattern_slab_connecting	slab	6	3e3b13d2359dbc4d284f8084b31c0a189c8bf0d2005e0a95cd1d9514156b4148	2d5b3caab7dbc91c99ad5259a5dd56aef40d08e4370c179c19c6195199889b27
rechiseled:acacia_planks_pattern_stairs_connecting	stairs	80	e1b09548799157ee5dde8a998cc53456c043eaa387e46a2cac7ad5f28cac6097	df87cc4ea901411a3d6b0b78b45669723280d2d82c2967ef78a45c537e2e6108
rechiseled:acacia_planks_rotated_bricks_connecting	full	1	2b771be7d74277b200ed98791db5b201a2dd74ef2e39f3a57dec11d8ddeb701d	e50660b7dd83681cfbb87e7938b6ebfb798b7e81260cee926056e61c3b8ffa25
rechiseled:acacia_planks_rotated_bricks_slab_connecting	slab	6	c435e91d2a87ac61c036c6205cb66e2a8e4b2f3050144577b81c81145f30923d	4f5fab5b89ee212e29c25a2bfed8af5ee65377d9ec8929af51e12ea552d5196b
rechiseled:acacia_planks_rotated_bricks_stairs_connecting	stairs	80	bc9400403ef7dde4369f640b11a0d0da23837b827feef6ab00fbb650b4e74bcd	5e57eb48f2e49a432b23bef861961e7b8b23b0350eb527766d9affe7081eaa1d
rechiseled:acacia_planks_small_bricks_connecting	full	1	0ee2d5416da52fe2b345f125b6a05c81384ef06173d5af4049bc919e6a90cfa5	a90d7ed20107f3e7b2b45316eab17401b9cb9375aed14c5cfc4a69eb3fd5d737
rechiseled:acacia_planks_small_bricks_slab_connecting	slab	6	a2dcc36126d0591442435eff9a718b00234bdabf9eb0b36373f767e146c3fce3	f03f1b61d894a91a2b47934add905c50929bdc2d4546270d6b54951085c3e0b6
rechiseled:acacia_planks_small_bricks_stairs_connecting	stairs	80	16655a121934ae2f1dba9c18ed29eea2e345d6a7cfeb1451c690256843ec9352	60314fec2e8172dd5f46396138db8cad394e3711c2acd72f8d960c9a9fb98c05
rechiseled:acacia_planks_small_tiles_connecting	full	1	58233990f575d59ebe2fd692384a7e8a4c33acd21440d492d53fcecf846db00e	80c6d4487b1a115f5764549fd0098a170d1a9e1816ea56f08e0c2815e463d0b0
rechiseled:acacia_planks_small_tiles_slab_connecting	slab	6	2641d6f0ad5866a20c3533545028ae92740a0c1c41e47fceeca1fcd8a5bfc2b6	fb56e7255eea19623fbc33d2f2fa0af0d5146c04ed511dcc201fb4fbb9166598
rechiseled:acacia_planks_small_tiles_stairs_connecting	stairs	80	09a041a935c9ba150182807effa56b3eb4dc8e2969974199b090e0be8aaf0276	b4fb485b7293d003eb50ffa0f9eda6c9d892504c70f21c90cf9281e64d57fa5b
rechiseled:acacia_planks_squares_connecting	full	1	615fc783cf3d8ce91af3df980225837e38902be108552b2df09f6d814f514cdf	b751b01c4f36fe47872c60e9225f7add7a009ffe771488e080529de30fb2324d
rechiseled:acacia_planks_squares_slab_connecting	slab	6	8f479c8b736152bad15399ee9adc2ea71c9c15269f1d52bdd467b89180865c70	52603565865799d65081606c9eb429d8859b8e32f2a9c2c666d9885df1441504
rechiseled:acacia_planks_squares_stairs_connecting	stairs	80	a552c214b9e96d573e725daea0dc7ca64469be4f67a6b6123d08fa37d429ad8d	454d3bc934525f23b070f60ebde437084a6a81df25c80311603d33d97eeda049
rechiseled:acacia_planks_tiles_connecting	full	1	4e282cd96a86ce875063ce4b13c10e7963b92e0a10a550c00d83857ab540918c	594a0a637b9b41d3e57a241f944fc28155c0c62cea9ba7b32d24f6115e677b2e
rechiseled:acacia_planks_tiles_slab_connecting	slab	6	0553c29d2ed1ddc08fd464b354d9f4da49729d1718d929863dea0807ca7e17a9	7e3fb12ffd32d9da1e52088b4ec9ce565ef505c7ee42e24189a4016ae4a7ae1f
rechiseled:acacia_planks_tiles_stairs_connecting	stairs	80	a7db97a7417dcdd4b8c59136cc3396717d05110228b769d4955edb97ce7061c8	5c485b97502b9126717c35a2443f7068248992221017265be2bb677ca3e9340d
rechiseled:acacia_planks_wavy_connecting	full	1	7a6507765f49053d767a3193b9c6085650ddf371a6f430b2a5e256679e781c13	58b042563dffb9abbef2b94ae2b968f4818ad9b3d6868063436ad80072cae997
rechiseled:acacia_planks_wavy_slab_connecting	slab	6	d4ea07c2d2984f673d0cccfd7f4f34b3515b61d34845f63bec6d879142568a53	86220ffb4e37d6e64217a914e7ea82e1f644e809e8fb880c73290309f7f002e2
rechiseled:acacia_planks_wavy_stairs_connecting	stairs	80	53f5d2556441aa075216490efff733fa3e83842d90283067b312cb61cd6e7a13	192be1c820115f2e84562b40ecc4171191a50d8b68fc05b7b9b00017ec4f9e97
rechiseled:acacia_planks_woven_connecting	full	1	799179786c897032ce2822fefb6a709924904a90039dae4a9412734c8c0c6464	dc61a406333192fa247e84488999b5ae0c861e2c10690cd0aa19b691d26dc263
rechiseled:acacia_planks_woven_slab_connecting	slab	6	620874d2bdf7a17b9ef54221a12820e0f682c518aa7b8933469f8940dd6058fd	51240eb58a6975f9ff5863d4fd4969290e603593580777cf742bb4d274381d0a
rechiseled:acacia_planks_woven_stairs_connecting	stairs	80	41d471a4e5491c58f455c4595fad2a7b3df06f981da9037a5c223848beefce1a	31c20c262fe5c40aa96babd746551b57cbdfd8913caf94bd6325dbccbfa2d17a
rechiseled:amethyst_block_beams_connecting	full	1	7d148a25f353e8992fcaf03ad3c95d2fe42853e4a3dbeb0c1da9a6674dc98b0b	20da044f67e5966f4f3a49007623da5022e325c1dcc2d2a40de714ce399da91c
rechiseled:amethyst_block_beams_slab_connecting	slab	6	694d8de86754f19d4d7892bebaf68345be286401968c5de3ce02c5aa547d8e0a	927899efee63f56f5a1dbe242b66ace60dd19079623627c2104268657e08b756
rechiseled:amethyst_block_beams_stairs_connecting	stairs	80	39768b80d5943ec8e8eb87fa6f8104936e5f88c25defd1ed8334b73777444c6c	a79f92c5a98db2f81b864aba88fbf30b5be72d521308035cdb21028891b8014c
rechiseled:amethyst_block_bordered_diagonal_tiles_connecting	full	1	2167ef5ce01f8bd0c3f7f8dd4435deaf7585b18ba530db136137ee4c9e62319e	14ed72a1f27611e6b1895af96cce3348a1641c08d271ad42c03161dd9c87c0c8
rechiseled:amethyst_block_bordered_diagonal_tiles_slab_connecting	slab	6	b005113759624ec9a52f82563b33d73707d8b5a15ab8f3ff47a24db0df551c5d	f6207cc4c95d288f1fe7e8ca14c3273480d20fce018679a53c5f208a9b2e51bf
rechiseled:amethyst_block_bordered_diagonal_tiles_stairs_connecting	stairs	80	7f2aa71ed9c476df85284474732fb2ff29ee32c8c30e0a327d387b72e2199175	0e868c57fce29122c9c1e0f24a970278524974986779c36253ded196315ad661
rechiseled:amethyst_block_bricks_connecting	full	1	fa76178fb9a38fb4061879a73bf0d2947159222640f5e746b64c3dd3b485a7fb	5f0cdd718e652a0e5121cf81e9fd7cd7a7d35ac101443ac34b31e06f611634ed
rechiseled:amethyst_block_bricks_slab_connecting	slab	6	b22c09b197889faf405a9d20ef35a710444fc5a007049a9f3c31cb8748af2cc5	70ddbafad311b8d13ab756eabe52b88402d52d8f4c44b257c48fe8d08e958af8
rechiseled:amethyst_block_bricks_stairs_connecting	stairs	80	c1eac3dd4992d34c5f0bac88ef0cfe8362f38365b16afc7ddff8c782a38c73e9	572229c67062dd525e5c6fe8693de15314d9a3396926f7ec5cf645e42657404f
rechiseled:amethyst_block_cut_connecting	full	1	648b099b61bca8fecb2a4d85c5173458fea415de37e2e0c837860d737951b890	3c30b2873ab90e1db12bc82805a2ebca7562369ff43ecae6f531e0894e6aaa09
rechiseled:amethyst_block_cut_slab_connecting	slab	6	412e8c5e474c61188cba72705476fcfd401b94efd7980dc3c2f53fdf375023e5	222bf43cecf346b6fbecb6c5737dec215b41a6b9652ae7888845c1594af49aa6
rechiseled:amethyst_block_cut_stairs_connecting	stairs	80	53bc3d4a827cb82afe41f84bf4b6e4ceb675c94f974250840bcbe544d4c40595	30124299d1d7e8c4fa5349e4c108e28b2fbf5b3fb2f1eb2c0891053933c3a371
rechiseled:amethyst_block_edged_connecting	full	1	b514bffab70e75f344fb8dc419b64b69281f68f0ea20c19fc520306d5edefb77	e06894498d1e74913e5ed9608ded4d67afab99758c29c95cc3701fa0bb72a460
rechiseled:amethyst_block_edged_slab_connecting	slab	6	59046b82659102b77350df88da1bacf54f41b9a57cfc1d425a09165eb7dccab9	dd40e7bbf23c48af16b9ff51bb6c3ff5d65a40d5b5466df8e5902c60235d44b2
rechiseled:amethyst_block_edged_stairs_connecting	stairs	80	03fb2cdcde356190427bce6117db0815308688fd8c444094cea3261d5586787d	8a597c2121aef50717496245ea36e6ce243bdf82793fdf75382b0847711671a1
rechiseled:amethyst_block_pillar_connecting	axis	3	ebb774159f6c2152e8c5a9d248bee9ae1da6bedc458e72168f5ddd2c7474f25b	bfc5a533ba1215aa2dc6bfa76d7c482cf85242b8f40cdc84531d65f10aa8ac57
rechiseled:amethyst_block_pillar_slab_connecting	slab	6	4c238fe5ab3aee11d99be36e5c8a602838a8926d2f57a80486f82ccf949e2a7d	8199247052caf36650025307888d63b73f24c644bcc63d371e5b2467b9fa85bd
rechiseled:amethyst_block_pillar_stairs_connecting	stairs	80	c48f38dd1d4d722c3743dd50d5647f228cecad6e470ab41087a2100d53115152	1fd3fef842a768b47712ffed80077805f534781cefa799e82faa0307fe73a5ff
rechiseled:amethyst_block_polished_connecting	full	1	2799bed41680f4d0e844fbef18a367b823cdb29b2c85da64516dd260ba4a31da	ceba5e938b00dca45cb9a8764ee5d8d8fc5a5ab576cd0805b9203be1569172ff
rechiseled:amethyst_block_polished_slab_connecting	slab	6	c4dc9bee3ffefd06b9045dcecc9da546e23a94e825c4c52c255802a077454c4b	96bd49d6f721d430955b8caac99bafe3f5be331da27a09845e7615086b0c962b
rechiseled:amethyst_block_polished_stairs_connecting	stairs	80	1ebd503b11c0ad8d385e675bb426e043894fcc673e150cd5e05a317f2dd14fbe	b9053cfc6c65aed5b78fcd8593829e2cd27992b1b2afd5fe369fef1411f1d6f4
rechiseled:amethyst_block_shiny_connecting	full	1	c6cbc254061a5c49da2db111ab72af2221d409621f5fe3e7a0f1430b58cb2ebe	b582e882e8b05dba6fb10fd41d32d4b69ea7b871fcdf970fab311bb419e3e5b4
rechiseled:amethyst_block_shiny_slab_connecting	slab	6	ad5fd3265e759a062b1affb2ae0f8960dbccbbbbe382d2a1f9ee90df63532b5d	83e825af4fffe321de93330ed7973a6a35e0c2c7d5fef032fff4f08b566866ee
rechiseled:amethyst_block_shiny_stairs_connecting	stairs	80	05e786e59085cb19a83633e4b4dc2de66acfc8c2e4b0fcb44f4ca06d8e14e34a	ef967ac0ba43744ff23381551aecdec6af934abc45d3474955c046d2b1f7e3a1
rechiseled:amethyst_block_tiles_connecting	full	1	29e893302dd70cb6a6f6745c8f9b420df3a560492549280394ccb2fa28a65663	42bb2507941bc76472b61450ddadbbfab79b155d5e367970cbc00814b9b65111
rechiseled:amethyst_block_tiles_slab_connecting	slab	6	326f7048f6bf52da18f4ae43e098187c1bf104d4d4b531ba3d57d7fba8230c25	6bd81e1a1ea00db1b95c34191d6af0e97e51fbdc3857b1f925505463b639c82d
rechiseled:amethyst_block_tiles_stairs_connecting	stairs	80	332fb15bbd1e044d125a40d73ea7420f8882ff91b2524c14663462d93fd85da5	6456d615df5dfc4cfc2e1de48fedd180a222f0bc422a212576090598e03ccc67
rechiseled:andesite_brick_pattern_connecting	full	1	d4b9339c99149e0df34737d2090ef8f05417938d8fa96becc79580d740ffc516	4d154968a6b4ba3efb5ebd2d6ee08fd29254a1fb80d239a0858625e4bc35cbd7
rechiseled:andesite_brick_pattern_slab_connecting	slab	6	c17dc3cc1ff3c85dd191523f1970725898cd0bd89bbe3ff134e24a8c9bb07fc6	653d2e51306d27f1181b963db84af7eeeb6e88ad4ab5668a33f862b924d9aa23
rechiseled:andesite_brick_pattern_stairs_connecting	stairs	80	a1a754ff908fca116b2994c1b0a503c7a93d5999cb81e75aea106987e14ec937	f954f7b0f0cc30dbf2dfc9b818fa22db4b23e100797cd32a18e6cb62b998745a
rechiseled:andesite_brick_paving_connecting	full	1	f140b6f2357837a547317da5839afc1925bf32e95c70bfbfd66a210dcd6283ca	7add7c566047cd83b0165b7b36c9833441ab20b480f1795e80b1b33815102057
rechiseled:andesite_brick_paving_slab_connecting	slab	6	00fb69d152e71608d6537709a1312101c1d4b41709ddcd81fa0d32fdd36985fd	68ac33741a24b6dc736e0e1b45053046bbeee69ae9ebe94a6d6b3d75fccca99b
rechiseled:andesite_brick_paving_stairs_connecting	stairs	80	c8ab50ced8e8198d92863e03b080cf2708a3cc23623482ba2614fea6a309e8c3	a7e743dbcf5f585554ffbd8679b54170824fbce3d16cfc3483c82c0a8286a128
rechiseled:andesite_bricks_connecting	full	1	90852d07bdfced254a9857dbac3851be5fbac871af6f998963c210e26d45365b	2ff757d2b12961bdeb5406e29bf6d4530cba57400d4796c4931ccfaa0abe49e9
rechiseled:andesite_bricks_slab_connecting	slab	6	68db0f0466509fe6f586846a649216f09f18cb66ab495c0ae0d09ee3d72f8eca	e4fe881cf5491ca1f237aaf665cf48003f075616587fa92419ffaa375c78434e
rechiseled:andesite_bricks_stairs_connecting	stairs	80	0ebbccb87c228f555d90dc24fbcbfde32ba74d849c8d864657cb40b59a9648e2	d7516af6b7f8532fc61df0f246cf558f01d7fd92733762f1b999fa2ddf4499f5
rechiseled:andesite_diagonal_bricks_connecting	full	1	73f815058e26ce7c9666ae1fddc7c367fd5e1b53fb5fdd9f84cd99caf0520ad4	0805d51d0a22361ce431b57e54c14d5052e1ad381cf268125c0e437f309e10e1
rechiseled:andesite_diagonal_bricks_slab_connecting	slab	6	89c0252e5c7ba84c0836fa1195dc8f58ddc9d3dcbb61e6c0acddf8723c490de5	6c7b5924f4559e1db15e9dba5e8374a1cf3e73e36731d81781e3745ddfc1872e
rechiseled:andesite_diagonal_bricks_stairs_connecting	stairs	80	bb64b55c42fbf20ad6806e406eca111907483a2942f8174418a7372f3329a1da	fdabf930bdb0cf9056e0d29869d6e8d2df4867b800eff095f8ec1f69dad25733
rechiseled:andesite_dotted_connecting	full	1	f4b5278abcbb07835fd65584de2da5a21cf89cf9afc37886b4b867d1f314cdea	8555476363306b21a3c923624eabcdf4c4c2d9fee662ba884c92899baa8841b7
rechiseled:andesite_dotted_slab_connecting	slab	6	1e51491ab935970ee55e3f91bda80f1f4a368d59e11b8d307bc761f775ea89df	17c009356323e99aeb055d5764dcbadd002b5a49070362f6af598063eb2f816a
rechiseled:andesite_dotted_stairs_connecting	stairs	80	d281ba3a84dba5cf2cc05d21c7f336550ed7a2b2ffa338b2075a357b7ca532db	f5b3ade6c1a0c2b1cbba81249055be6012d442227b253ce9b0397f7cdb530a49
rechiseled:andesite_paving_connecting	full	1	a2855321ebb212c56e5984c874284ba2e60e94e29493e73a198d5232996a2660	be026059f2bc978c3e32b4daec76177f58bd0089af42ff75d6b6217b1d743e31
rechiseled:andesite_paving_slab_connecting	slab	6	6d7beb4182d420ec634d381037baa71c09547705e4fab74a55f12018ba1fb48a	9f40bf37ae5c0026e7913edfe3915f1cf5fad7e81fc0ed588c3547630a39b6b5
rechiseled:andesite_paving_stairs_connecting	stairs	80	82f0182e151d0bb1e0c05170d4c859d9c43741f4baed3f2885e8ec0b7ba24ed2	4f9132dfe09e5cde2c00fb3bfc4af4543f0567cf950412fe1e237927e8c1a1de
rechiseled:andesite_polished_connecting	full	1	68c7d87535e21e49ed265b5ef008bb94c40ec62c2d3d87a90fc683d913ca79a9	9d499f0661d4a7c141b0f5e50bd5f5edaf295720f375eabceb37ef456ae453b9
rechiseled:andesite_polished_slab_connecting	slab	6	e4cfac1241b5bb187e88d54a45f474b650018060f300fb9705e06131108ed980	d75f5688daccc2c4c5785609923662dd490f52c9e7064e6e3e59aec2b374ff52
rechiseled:andesite_polished_stairs_connecting	stairs	80	05c3bb5ab64ec0e93e8cc3bcb403664be954a91b50a033e3e8f28c3357bfb47e	44d26c2c9c959671b30470ae515493c7eeb8d8d1a0186dfe1bec45c172174cce
rechiseled:andesite_rotated_bricks_connecting	full	1	2e5f2d152aff3804f4705816c1a35f0139fcc0c78e498c1821b22f4d22fa7d04	e1800ef97137b5c30d89dd8454489ab28b4d39b9aee96413fa406d3525e1e8e9
rechiseled:andesite_rotated_bricks_slab_connecting	slab	6	a176eb2700a4d5e6b2e329f276a292db31e9395cdcf7b6bf632c7387515e25ed	7bcbe9fac070bc1dda092efbcfc5b30be22d568947530adf0db5e55a684acaa9
rechiseled:andesite_rotated_bricks_stairs_connecting	stairs	80	9cca1bf599985a041911a159977dbf7d3c35dc9b3fc00fb32cd0d643b2fd7135	69b55b2c93c2b16e25a28c9a81e33818c678613d433f48dcb62318296ba09e67
rechiseled:andesite_squares_connecting	full	1	42bffbddaee793725957620c5f40c56f95d2a7987bf604272474d38e8641adba	68909c00920c47381d691c5377905fdee3195d8ee873b920be384d8872a7fa00
rechiseled:andesite_squares_slab_connecting	slab	6	1d040b62ec61163e26383b48ca6ad5db0e3fd8ef8eec42d04173216bb8b17c8f	f6d1fb426da6fc22c0924de32da18eaa9c0680f31d1f63d0097b4f0b2cf260d9
rechiseled:andesite_squares_stairs_connecting	stairs	80	fb0544d0e79ff4176c1616a71add160088328de80d1d6c19c1764ebaee0b5fd2	3cbeb6cabaab63924313882a79d4610ffcef2f5803e3405930fa2e9920230890
rechiseled:andesite_tiles_connecting	full	1	7e85e30ae2535d726a18476ae3af5a2aada785e2d4528b18c145b7b9f6bd21bc	d26639072d203789032443bbc8dff10cc82c27b05a2d760f89847949cf65c896
rechiseled:andesite_tiles_slab_connecting	slab	6	26d28705b94eae1bb1990cd4d9d8f309df0e7cdd6d94e439f26a24b2df6d6fc0	c4c1521c890af763d52073c4e80a3d1feb679bb717ab0ffa1fe93cdfbc066b5a
rechiseled:andesite_tiles_stairs_connecting	stairs	80	6e198c64356a4824a874554f50a8a0749a3156bc807250a4995d8b10c4aa109e	e19faa016cbe8bcacf8e0bae1dea5bf7df0e41217a82e39db57b06b06ad03f83
rechiseled:andesite_wavy_connecting	full	1	9690377694a4720c3aa0dc3454cd7a80eef4e3e6e7699c41b6d581411492e1d0	6ae0e3a2c210095d3799ea110c7bb847d9e4cb927aad2b6a8115deb73b06f086
rechiseled:andesite_wavy_slab_connecting	slab	6	70871113b7b1c3187ea03b25f08b63e7c1dadf9804b8ec79d077b0b1a9f0fad9	a72245707814ae13e18921390f19ba8add939ae5eed10237fcafce6a1b4817eb
rechiseled:andesite_wavy_stairs_connecting	stairs	80	db16f34c68eb4a2caa3f5434a0b95c55892a10fd48b8f84adf89756cc21d65f9	31c1c8863adf7926b4c9dda87e463e0200e883c0e35084456750099791d69983
rechiseled:bamboo_planks_beams_connecting	full	1	742905a2adf738ce52c19c1ddb6fdf7dc2204422f9e28a8d5cfba1f373c8bcfe	1932a5351f6d231b1e7eeb2afed643442007cbe2935a54d9cac18af20e725a69
rechiseled:bamboo_planks_beams_slab_connecting	slab	6	7cc8fd674a6b2e5cbf3d844875f9c3191254cd1b596b3d00d975a1ad831bfb13	8f0328d8a9f269d70bf8ec5e4e55783fb7d1e3d00f07b951df61d2d1fc115d11
rechiseled:bamboo_planks_beams_stairs_connecting	stairs	80	d348993e0b07c8fe8d1190e5ef2d4b6b11953f566706810e7f5ce010788596de	e499119dfba4dedb64954ccd205cb15248d4971b5eea8abb895bd1faa30b499f
rechiseled:bamboo_planks_brick_pattern_connecting	full	1	9a1c88befd3fe77049818bc135e6e8500e2de0a17acae5f3d1e452acc2e55b64	1fd618b0c9a2bd552cf163d1f6a685727567ae3665d5b7df06a6fc46f9402e12
rechiseled:bamboo_planks_brick_pattern_slab_connecting	slab	6	b51b7aceb37e89461694bdf4701e197c2cc1121e042a64374ddee0b555342c97	ef98a456b05e78a57aee3e8fbc7946684b6fc2fa6124bc1baeb2f8e8cd0ca4f8
rechiseled:bamboo_planks_brick_pattern_stairs_connecting	stairs	80	964f103743d691e114cb38e2d15dfa4c03b6465bdf4aea356ec67262e497e17f	3930ece7cc87b282fbf95872acbaea3e4257fdc82696361a45642c684bc3a6ea
rechiseled:bamboo_planks_brick_paving_connecting	full	1	6b4db315aa007ade84c6d1e518778fa0fc40f8586b25cba403b909926a8c536e	5af05e6acf4dec7d06d6246de9384ca42be4b9ae1d7fcc9a9e18c0feb6d85488
rechiseled:bamboo_planks_brick_paving_slab_connecting	slab	6	66cd2cd43cd8ede86a70d02e01193a51fafcf1534e58690e82989dd9f23abdfc	6ec1b8a0b56b7e148c6bbcbec1fccd6c4bdbcc2e2e4d278fa491c3d0557ab159
rechiseled:bamboo_planks_brick_paving_stairs_connecting	stairs	80	d9329392ace43f078d396125e7f1a8650dd2838c6164edc8fad8584caaf6c3df	d9bb8677fc75a1f7f340acff1f7226e5d88b3e4f8fd3ad608bcb86465935a7b3
rechiseled:bamboo_planks_bricks_connecting	full	1	210d6d9e41ece2d44657570582ef15b00b22d06ccc5cee1effe86135216a641e	a0a91c48890497b8fc23781c78d83808dac46de5da1445c6629d5c7dfe72894b
rechiseled:bamboo_planks_bricks_slab_connecting	slab	6	1e193cfcbfdb5231d90b8fb69f6e583aff47210ea214f6e08542552c7d968505	b56f6d20a73c664a1a73ad7907d494eb418f7e1f9cefc49e56d0f48cbf24e9e4
rechiseled:bamboo_planks_bricks_stairs_connecting	stairs	80	88b3b9f53c8b46dccb3c48cafd477214b8bb7248de608b2d6132e853482e5068	c6c1b2261e760368dd7f354d394230204748baacaca3b4f6a310903440eda67b
rechiseled:bamboo_planks_crate_connecting	full	1	85d9d8ed88e7fa11407beab5a6271c65a1e4735e27e6cf2363579e8750e40a51	d973834385b1071988c81cc200fc5ffad37c3bd6706545c85b5cd1435eda08af
rechiseled:bamboo_planks_crate_slab_connecting	slab	6	7ad3a415176f1e6477495a66a62534f72306929fc1e8ec787ba8190b3af5b16a	90ce05dc1edeee52f9ebb1545d90cd0193b8eb45354cdadf99b28710f1d6f361
rechiseled:bamboo_planks_crate_stairs_connecting	stairs	80	ff6d0e788b5d944d85a9e318a58aec351526d8d5f98d9776b8ab1e6c3b7d900d	71cc2beb9d5e13c14d1e30bdcd234aaf9a19494e5ac1e5e32f2015420e351739
rechiseled:bamboo_planks_diagonal_stripes_connecting	full	1	478d0d3867e7e9e14258b5ad4219bc69e549f07ad9e1e3143d96ec7aea4f2153	a0dc669373ffbcbcfb9cdf4d61e2d0faa0a60df6dd686d1e8b4f91cf0a345703
rechiseled:bamboo_planks_diagonal_stripes_slab_connecting	slab	6	ce27e73df5ba44d3971ba31abc0dfd4595f56a1b2575cf66c2c4cade8b1c492a	f83e85c1c383e385a8ce0ec498551a7a0e93a3f0035007df6d6ee756792b99ce
rechiseled:bamboo_planks_diagonal_stripes_stairs_connecting	stairs	80	cdf95c1b77d8b04b812250d4ecb268aef6e3f68e3ccabe5951798f2d693f8e53	deecbf9b2872d0b4bfb302ad7238be87960e83bf97eeddd868c7c55c17a1e1f9
rechiseled:bamboo_planks_diagonal_tiles_connecting	full	1	1e7844c1d8696bf8af93d33844e1bcf0c7f87db553ee8f58a4482a96bea69320	01a8ed6fec24e8a7ec82e85712b4b574b67d352d38bb640b9e5005228e430e0a
rechiseled:bamboo_planks_diagonal_tiles_slab_connecting	slab	6	b3f6aa4fdc19e35b7e5a7f8ab1b355c1ba6d1fb565b036017791939fc6f2d429	9c2fbfeab7af9ebe3b72ddd65e52dfa2de8be37ac53592bc159a66a2b143aeab
rechiseled:bamboo_planks_diagonal_tiles_stairs_connecting	stairs	80	0b493b6f813fa84999b5a232a896d956c912d6aef339b22a76abc9d6b47913f8	d3118eb0792e81d35eb354b25ab732dfd6574eb08bd92340d15c8a004829ded0
rechiseled:bamboo_planks_dotted_connecting	full	1	a621b320ee9bd80e237a451b872bad72d6440689fa6f747d3c6589996d7c8ca8	4d399d2df1682078c6a7a18c511682c3be263e8d38894ec30d86c317dd3eb3b2
rechiseled:bamboo_planks_dotted_slab_connecting	slab	6	ab35244b1fe5e387f9d54bf56052d3cb6988f6c3071280430fb39fbf02db6cae	46106d033b80a877a50dbc3b07bfc93b6548001cdd5880407fd325195ffeb1f7
rechiseled:bamboo_planks_dotted_stairs_connecting	stairs	80	eca60e0759e412830d0bd15c1c4a18106c514c3b1beb9bf8826aa61adbbef52f	e8bb8b0050651de56a5feb53e18a661887f77292ae1a3ed179cdc0f0c52ec1b9
rechiseled:bamboo_planks_flooring_connecting	full	1	f3eb3e315f2cc8ebfda0ead2244a47d17dd723c43b95c73cf37e754b881007fb	58dc4c5c6898ee64f235251b91ba3da7c0318cc50e122e1526157024c66d51b8
rechiseled:bamboo_planks_flooring_slab_connecting	slab	6	94406e8a2becff22f4b4a6d78ab31a9edf0cc31860d49074164a2aef2e7535f9	bfa0e67945c663535c040a1f0efaece0613df28b25aaeedde74850d03922fa44
rechiseled:bamboo_planks_flooring_stairs_connecting	stairs	80	366a6b25dddf01ad6d41c2f0f1e240023af9bd7e90a5d4cbb68beb099d60c746	c52135e6d767a52f80f6c97b48bffe017ca89ea668238c6169858fd4075d45e3
rechiseled:bamboo_planks_large_tiles_connecting	full	1	1c69a54f5961a673827bebe43a77d61f461b7db806d297675e3bf5b3cedd9246	990a274d472777d9f6412cd5a5c45f31258e45a667d2572cc5f6abd9e467ff7a
rechiseled:bamboo_planks_large_tiles_slab_connecting	slab	6	f3bca07434cced2a770f2e341b74016aef4dc17f2c1367335bfdf0c4d7f3eaf1	6007d83e69182a26b7955aabcc5f52f72c4114bd786b2b33488fdc5c05a72f13
rechiseled:bamboo_planks_large_tiles_stairs_connecting	stairs	80	e4e2b7213f3e66d3bbbefb790b710fafd5878fbce2803c23229dbe703e1ac03a	f02ac1552751cd884088fbab42715a2c035bdb5c66fec0e2fe10b50ba0f08ee8
rechiseled:bamboo_planks_pattern_connecting	full	1	b8027acd21d25e76c17014d166e3d6db1bffa15b789800bcb14ab3d05b6f2c93	283fcb1b785ce132eea50c855c774d57f7e7778106ef49b2b16b69ee9aeb566e
rechiseled:bamboo_planks_pattern_slab_connecting	slab	6	07529a0d7b6d051224516baf6064cc2ccc652abafcc12446df98bfe139b8ba42	6fa6dfcba38822bd7d48f5207a3eb7abc33e4b67e3b5e59b590e41ad451dbe73
rechiseled:bamboo_planks_pattern_stairs_connecting	stairs	80	d37e6f747e0d8057228f28f209b129a8bca6855c6157d35d2d5e4cbc7e2d5c1d	9fe96e734f00fb47b8d956a129d6a17958f1078c7a84652d73e3e76840f64fcf
rechiseled:bamboo_planks_rotated_bricks_connecting	full	1	ef311319f2c3bf8d8f4acd45ae1dd2fe8ca413efdc405681d304a5c35f48cbba	e1cbb5628a7639962abb3c9207a173efb3f4004d8af9549133eab06a790e9c16
rechiseled:bamboo_planks_rotated_bricks_slab_connecting	slab	6	a425fe21e20ca7408feb6ffe2a9d70147d5a7658b8ab2da38ed459c0d6fc093e	3db3468734a764cb88c795469c7ab1902df7774495b08237dafd051a080959a0
rechiseled:bamboo_planks_rotated_bricks_stairs_connecting	stairs	80	65b364cd59ca8084b49d70afc013fd1ea62b821447f024cb380af705d1495655	7440ec45375924c9105d49df2eab826a4ad376f6be6d54a3d0a15dc29fc70393
rechiseled:bamboo_planks_small_bricks_connecting	full	1	cd59fc71bb66989f728d47126b44561678cb187d89b71d905defda13addfa0a6	0c0de56175ff026a58fbaa360631dca31cc69017222949ffb3b6d3d96f325e8e
rechiseled:bamboo_planks_small_bricks_slab_connecting	slab	6	bff9b4d02c1c9a2d9babcbbfefc22a34337b55e27c8568007bfe0a932f913f88	bf82736eda51d0742c5473e63a7edf7c875c26cb7c1898640f4fc9c7da8e953f
rechiseled:bamboo_planks_small_bricks_stairs_connecting	stairs	80	accba8bb603174389b683722a6cefe95ab8558e7ef5f0118aeae94108d97ece5	fb0f343be6ea6e8167fe2dcb8d8b95432ec4ae05d00c1238ae523e875091d8a9
rechiseled:bamboo_planks_small_tiles_connecting	full	1	e443191d4d07b39ad4e34fed82775a2b7cc7b249e2916f70e42540da8fd0d776	8f2bc72ae2c6403eeebaa0e103b179273576e5aa679678eb1ce3d1819b814a17
rechiseled:bamboo_planks_small_tiles_slab_connecting	slab	6	b532cef94926a35f1fa10026f1329c3fb77e9ec38fd20f3a2b6e3dc7d3fb8c94	7090d5a902a2488edf1f59300e56a3b10fb5bffe60100335e6b6382c0648189e
rechiseled:bamboo_planks_small_tiles_stairs_connecting	stairs	80	ce19eb0a106f4c9e74f1ca8e31421e646dca17142717e8f43a0fffc40ae679e2	2573a369e9a37c10a4aa4c0a19ec095430038a75938c46affe9246f35948c292
rechiseled:bamboo_planks_squares_connecting	full	1	20eeee3eed69016f6b0e01f98a52250f9b8de123d3ac745cc308d6f54de9ae54	339fe830906a316f9ea76a2689062ff9a4c46da6545e56a232d0e10b826490a4
rechiseled:bamboo_planks_squares_slab_connecting	slab	6	2d8e3d5ee066411308072191e1af0b234e63e42f63f8d3163a3f631cf43b43a2	cca816e08408438ac0b461aa24dc3898a8dbd7f569b0b983aa99ec689fc5b082
rechiseled:bamboo_planks_squares_stairs_connecting	stairs	80	6ace36892b57f867a28595aecfe0b253dd9253eeb29e9b6a2512efcd54e540c5	a8e6db187948c86e690cab7de61853f7aacd84da47acc7b35014edfadc9bcd8e
rechiseled:bamboo_planks_tiles_connecting	full	1	82a8fe97615b4cc52fb9bc00a7a6643f6da169574dcb184e9511218b34043a71	d6fd869d4b4b549d1f65962a55212390af527f02d0c54720fcee8610e41a59f2
rechiseled:bamboo_planks_tiles_slab_connecting	slab	6	c7c4cb7083bf690b88aa8661f23b347c035ca9c057cffd0f4add33616b8eaaa1	2e2e99c7089d17e08b7579c35e946e2bba3528ae61de515f3284c2ec251ec625
rechiseled:bamboo_planks_tiles_stairs_connecting	stairs	80	507b82ad55738a57d5bf05429e49cadd753fca40af6a2b23d0f7566d73c841ec	285c056705da85016d2d3fa1093040a08d3678ce5a6141f73d174379ee082ea6
rechiseled:bamboo_planks_wavy_connecting	full	1	61bbd1380aaca066344490dc887e51024a39a1771b3eac25cc8b0078d1be2832	60512b4fff7fc6a0704b71e3cae22ee5379085c5a16f98f96189dd29b5c9fc6d
rechiseled:bamboo_planks_wavy_slab_connecting	slab	6	dea18fcff2e80221a5a8bb947c4f8ee0b858d3b25d984022a74ac8e86bb7caca	7a98dbccd2a1738dfa6f3cb6bd1386b00cbc222490f82865b6c55fa5e7402d66
rechiseled:bamboo_planks_wavy_stairs_connecting	stairs	80	57fcfe4d08fc4aae9835c6b536e822adda5bac458453b4573999f7a64b1a944d	a46aeb4b0704b76691def3c547d1aa0ae457d5d7e116edf6dcf49ba8c7acc2f3
rechiseled:bamboo_planks_woven_connecting	full	1	fd04ae02ea765c3d4425fd5e0d0717bfdf193d71b48de2806e30018b03afe4c3	f4b0deb0e7d0e5caa6f0d34328887841ba7d1a4eb792abaddf04b3c1b3c3e598
rechiseled:bamboo_planks_woven_slab_connecting	slab	6	c9a6c404a298187f1069eb83fc34e3ce6fbbd78d5ee2e33a694a7f0b655f53f4	da4001fc45001a89c1e13383f70ee30736bbaf78fb0bba3637894a789547e6a1
rechiseled:bamboo_planks_woven_stairs_connecting	stairs	80	7007d657ff70076843a89773f679da1da9eae942f152c9609ab00b72893bded6	c407bc89269d7232749f689430efdc58d66a5baa0a7fd50f4aa98e8703304c55
rechiseled:basalt_beams_connecting	full	1	2ada219ec5756e2e8132fd1373e1f6c654f51f1c32ff9f4d35ba1c294b8bb35e	8ea43a62dbc207da6530bdbfd90fe4c0e53012038508017029da9ef07780352f
rechiseled:basalt_beams_slab_connecting	slab	6	c8c8511c7b69db03d302de2cf85637a0f4c774ff773f6e2379f77d243abf8e5f	7980fbc8b56f7f9a8a3d1b01b4796272432a99ebd5692b02667b88a8f56ae967
rechiseled:basalt_beams_stairs_connecting	stairs	80	311450fd7721b604f69bd6c069d16952d8f0a5b59ba71690eb069618ea66873c	40eb231bbc2b23792873c715f81a350b410edf893749fb342efc560fdd802cb4
rechiseled:basalt_bordered_connecting	full	1	0d7b3f10910d03fea23048a6ac64b2830b52a70881ae1a4174fecc31b1377c00	32004d812f399da5cb48da4a322c8efa0175a0f8d19a03f8c6d7d453922cd800
rechiseled:basalt_bordered_polished_connecting	full	1	f533e08267414afbab764725c128db3d9391570dda99688f65180380c5954ab9	40900003cfb38a2df9d888b453b3acdfe486334de7e15c1517ee11b6503217ba
rechiseled:basalt_bordered_polished_slab_connecting	slab	6	a90914a8a49f88482aa4bcaa85bd6c561c5492d2d3640ecffc0e0493cd6274a6	8e1dc7efdd8f630ef53a10a4f5fc2ef390d0afdeec45a20616909c8bc01a8dde
rechiseled:basalt_bordered_polished_stairs_connecting	stairs	80	3be6b17df273d9b113cf80d4089e1ed32574c8b802e52e5e45fab6bad851bfed	2db1bced563ef082cd93c4077fff73be61bda4c3846a177ccdfcb02ea7580b12
rechiseled:basalt_bordered_slab_connecting	slab	6	bf21c2db5f64b6e23fa45c0addab83c8ce0272f96e6580d46dcd6cd0ca882fc6	b0ce7842545df80f6daa6a782dcda2eaee1a1a8b363359f3ed866e9050171b07
rechiseled:basalt_bordered_stairs_connecting	stairs	80	4cbe3f3e3f12b2327ec0d20b2b6e8d564262c6b31cc22f0d9eebd4ca3c3c690f	01b85f6ea8ded37efbe14b4061eb79664c78c959171d53bd0fd016f54737cc66
rechiseled:basalt_bricks_connecting	full	1	8f9a85bbc66ac7bf43b8f45b33af547273a26f997f46bb8ca6fb621fb984b165	f965acfb37807f6c6fb38cc0c5f1e29b87c3d8f0200fce4604f78a6133982ffc
rechiseled:basalt_bricks_slab_connecting	slab	6	59ade891ab7e6aa5022c5424b3a1e1eb8f1aca6c90805ca37db1a98c98b6465d	0991fbb670e6ad1ce2acb25c7fc217c296b746641f80cc16eaa94bdb87ee89a5
rechiseled:basalt_bricks_stairs_connecting	stairs	80	e763e1507b2785049d1a3eae092160db9b5b54a41cf4e26c6ce10239e4c0b5a4	bc430ead2b9d2afb291f5b59d6930767bc1eff16147e5bc9fda2c1e3e1ae9490
rechiseled:basalt_diagonal_tiles_connecting	full	1	71bd00e21d544120a4ea2e84c35438ea926474be5ffc9c845c84e6aba0c0d196	ba7cd2fa6414101333e61f4807f86f35952f54292ee3ab7b48207c05ba8875e0
rechiseled:basalt_diagonal_tiles_slab_connecting	slab	6	bc087bc30db8657fea8433c12cfeec6d67175801bab38c0624dfca2a8b648e28	baafa757065af46aa825f5ef1f8c68ade52fdfdd26ae501ab2afec33bba694e4
rechiseled:basalt_diagonal_tiles_stairs_connecting	stairs	80	17c98235475ddd922ea6ff9331d35591368d4b8dc11bbb3154cd497745d128c2	32ff1d21023ca07c42997a9c187b72c1843f5d8be7eaf7126adb3b52079887a8
rechiseled:basalt_pattern_connecting	full	1	93734d57e4426ac02987513afb1b2e3c578cbf15d8a5b707d57e4e738c4fb2e1	0a5961ff722c99896d87d761c996da24d391e7d7bfb5f1085125257fda4802d5
rechiseled:basalt_pattern_slab_connecting	slab	6	a04f2eb8cf95a874ff953a2a24708914e5a662109afd15adde588d2288c15b84	008109e4cbcb245e6193f1763acd7abb4993b2e3e6aab207120da37f95faa0a7
rechiseled:basalt_pattern_stairs_connecting	stairs	80	5b9138bc061434d267f0c07dfe12d721a46b81a60258a4adaec408bb4aa28031	d56ba9177216b47d0e3837fe125c76ca6e8c121a942ef509022070a0bc7dc262
rechiseled:basalt_patterned_connecting	full	1	a02ef012c0e831af47221480fd6eb33e1b76a17c0e080d83b4d6bae37d201e15	26fa15164a04664aa8f516946dcc48008c01d36aab9218c64d646e96760c53e9
rechiseled:basalt_patterned_slab_connecting	slab	6	781e8845923ee66a2e4bad721d57dc422140d020e2cb3daf39f72f495408b680	fdfd37df71064529ea296e9ec976bdf18a381e10c09f6982788c54a92d9236e4
rechiseled:basalt_patterned_stairs_connecting	stairs	80	c8c995e54c02aa0fac1cac847978aa92ff295dee33225095142b848fed4c55ab	10388c1587dc1beec0341badf7605ec673ccc693bdbb0e1b1d38199b85f69c72
rechiseled:basalt_tiles_connecting	full	1	c443e9dde0038ef1a451f1e9b18a04497e5beae7375e1afaeebf5ba380f63b42	f1076bb3d199c321a6d037c7a9e5d320a56e4eb2e5f943dfbea7762e05779999
rechiseled:basalt_tiles_slab_connecting	slab	6	1ffc2eb8fdcc2b43be895f77bb414085bdb50f17da88e92c1fbcf0bcf1ae8e8e	756d1a9942d7de79c4ca946a1f99d0edc81b3c2bba329b04e4cdef24f8df9d47
rechiseled:basalt_tiles_stairs_connecting	stairs	80	27cc5e06ed1cb456d430e6cef2a1d3cde1dc25dc1a6683feeb25ecd417053ac8	eb87ed23bd5e8083b273920ec667cc4bbb7fb8e10d8abb136fe2692e451c1fd0
rechiseled:birch_planks_beams_connecting	full	1	8c352c5c31229bba5bac499181c71701a367a5faf579080733c0a2c5693fc9d9	a75ac65eb4aab94fba43fcdb8f6992966d8158a74b3e4c9856862f579e56c9f2
rechiseled:birch_planks_beams_slab_connecting	slab	6	ae2925473db685176efca94ce4055426d0a6cb9050a01afbce2ec46c3dd443d9	fa8d9361f13c29216affcf6d30796c9f8e4176e760200a6e0373f26d6ba57845
rechiseled:birch_planks_beams_stairs_connecting	stairs	80	0a7478ed951a9cb9f98c2c639e3cf9e6e9c9877293853d387144dba476b224fd	5c44ed21a35b18abecf7d46fb0acaa47ea75c2f5fe47ab0ec21643db9034a472
rechiseled:birch_planks_brick_pattern_connecting	full	1	a60ca2de0f9b91480f3bf2c1eeba73bdb06238a1371897db3c1bf5afb4e05981	e7ee5e095718409fba4a9ebc8463eb9c31c6bcb9657c23b95f020ff02195abc7
rechiseled:birch_planks_brick_pattern_slab_connecting	slab	6	e7fb06f83fb1d6c73ec925c71023cb2035d51e7fac68e092374b1ac34baac721	278ed14aeb829bcec83b18242a36a2210b9af0bd7d187907bc78a265b36bdb82
rechiseled:birch_planks_brick_pattern_stairs_connecting	stairs	80	f3185f73e51c4104c97c6c45523ac76ecbb907be4e5e1f975a23f4d7a256ff87	bf6f5090521c1b35130522876748ac5045d8d50b6e20bcf6066004e136c771aa
rechiseled:birch_planks_brick_paving_connecting	full	1	37f67a23aa0e6bb3d1f298f33ba7daa8c6788086c31b6d9aafe05cd7f3d3b4f3	ec8d44b876e13e62f03d181d6b1a32f0dec334c304e381466fbd277a908a8267
rechiseled:birch_planks_brick_paving_slab_connecting	slab	6	5539ca4f83c52610b3b3d5da49eeb11a9110b6ba78c01b1fa97b77c51896fd51	c55355bfc8cbb33035cae67f3f882996f2eb3c5675ce3a4a69791d322db7c57c
rechiseled:birch_planks_brick_paving_stairs_connecting	stairs	80	06306ee2e8a4e02e2cc9c9144c23dd6870dce8cdbf180891d3cd729654d8e2d9	0a8755e74ef4e231ea6166b34b0ce9aabd4ddb9609925fb80c801d08214b8c2e
rechiseled:birch_planks_bricks_connecting	full	1	5a02d23fb96a4d8411dc57a8bca89ab841ab2ccd21a636621169a804c89d1f40	41ab3d0a70b61c1dd066234c8ba069f211e9591ddee8046e9783c3b8b7edfc31
rechiseled:birch_planks_bricks_slab_connecting	slab	6	97b749b4cbd98cb63b2b78bd1747fc3f524e74241807c4edf121065fe477b0bf	878c6fc8858800ffea4b513a92ace45d258286e1a7d623642d219769d4598b5c
rechiseled:birch_planks_bricks_stairs_connecting	stairs	80	c8e4b313caded51d93991d0c30824ccbf706b1de8ade942d3b395023d8cef1a1	c0885373279c88c411055b0a6c15f018c40bd12f7e7b0cb4db9d18eb9f1cda77
rechiseled:birch_planks_crate_connecting	full	1	4f7fc3363633446ef1108ab794e38060c06cecb90eaa0280dff4f74cc83fa0bd	ee025b2fdd493fc15989292f6398a05826425732d2a12683d79152018724a416
rechiseled:birch_planks_crate_slab_connecting	slab	6	aeb10dffcd728545c12ec1ae69c9b7e8650fc08f31544bd79f053d023c430536	d9899606dfabc0f9f4475fe4b83cdfcb28fe05d81a5ab8f75deedb307f77930e
rechiseled:birch_planks_crate_stairs_connecting	stairs	80	16cfe64fa377ebcdce3b2703e643f47516f78b11a0587485f46e26858f4a205c	b738de8bfc3238cebffc00a36090ef8309e7a6393314d635c7ebd51ff772b467
rechiseled:birch_planks_diagonal_stripes_connecting	full	1	600f7846c5c666d7e1968dff862190a98598406f78c930f2c614f7deae64a42d	3dde1af4aba586ffd515fd5c6b541dc359ac675b62d71c520a64d431f71892ff
rechiseled:birch_planks_diagonal_stripes_slab_connecting	slab	6	454ce2e4dd6c234e2883ad22361bd9753892c577ce07043d53cce4b441e6eaff	f9aa50c777af09221edf8c1f517377671e8c20751c4ab91b6081240b28f7a295
rechiseled:birch_planks_diagonal_stripes_stairs_connecting	stairs	80	6033e10d9b5b193e8aeef810158f7854b982f338954ccc8947e04ce2db1cda99	962347e776f00a0b6fa3bc69286e0448de4ae41bfb75161c95fa840a31b53dc7
rechiseled:birch_planks_diagonal_tiles_connecting	full	1	c91543aea73b89e949a30f3e685b454fffd2caff08600730752575c1843b1ae3	92d8f9a1352357f9549c839d608c17507ba89d79242c169859a1c710fd9872d5
rechiseled:birch_planks_diagonal_tiles_slab_connecting	slab	6	87dccaf5bfe278241428ae4e67b66bd8f35a237522487865ca6067b2ba5c70b3	80d145c7b7a6f2c7c2953f65de71db41f747389370c7e9eceec1ea32b26502d5
rechiseled:birch_planks_diagonal_tiles_stairs_connecting	stairs	80	a4a5331fba129b38f747f802efd48838430dfc8970e6d8af55e54a364a31f311	cd34b17c247b37aca596b610bcae448981429daa09a62f0e263d83079ad6384c
rechiseled:birch_planks_dotted_connecting	full	1	1d0e55b1206a78b220c55d07ba831072839fb9af76823133449439f912d70b37	61c6d2ba77ae4329a5b5e7ce432872a8b5c0a50fe1d742800a8730bfcdb02a10
rechiseled:birch_planks_dotted_slab_connecting	slab	6	d1126d146bce48fee37eacb2c75658c636e3d0fff02ff08ce9b4340819a3ef2e	1b7f83dde42c832c782e48b10b2d0504e0758204836ee2c1286f7eaf35a614eb
rechiseled:birch_planks_dotted_stairs_connecting	stairs	80	dd0871c2b03e77ae02b3d30e468a06103532bcdf288341cfde21f50d5fe98812	defe852515ebf5011949cb5350e79e4e2825c7991c00e6bf2038e1f05bbb5835
rechiseled:birch_planks_flooring_connecting	full	1	941d0e1e041bbcbe70bc94dabe6e879b2781d70c4be714811b81164ae3087efc	762eab21087cb1d2ceb538ee05a58844fff1c8a3c8d9ce1de287436ebb71bb2b
rechiseled:birch_planks_flooring_slab_connecting	slab	6	92b285091baca3ebf56d8203825abc9aca07b4891227525a7c71dee74114d16a	72952141a5f271f0a8ca73176e766fbe67b3689c73677ff0fa0ef4d698d5c3b2
rechiseled:birch_planks_flooring_stairs_connecting	stairs	80	9e6913fc29494ea8d3c7bfc68584a02f348e5e6d9681fa7bc516ba587247aaed	5340be9d65e749e707ec472a16f9cb13cfcab90e4b3d471839b7cd6d4dbb1fac
rechiseled:birch_planks_large_tiles_connecting	full	1	a691e30251c1e910efc067c6b4ba09848a62ac780d44ffca840c4c9a1a43dcec	04a70bcb264a36ad2c6f0de59b56894712e67debc2082a40e1d4a10c9d0fa614
rechiseled:birch_planks_large_tiles_slab_connecting	slab	6	76e23a5aec73511b4ab9840032992193b631d6b322e0d2c23e566f49d2a3134b	39bb99451580ec689b37894c3b4649f3dcdd4138180de17058f5f47078742935
rechiseled:birch_planks_large_tiles_stairs_connecting	stairs	80	5c553495bf59992694bf6c2ce92730fde6241939fec9a1934d786bb84c489c8c	f4eb877179c743213e19ac08c98f387da1698b4002ae91777e69454afbe3833b
rechiseled:birch_planks_pattern_connecting	full	1	e9964e66b9d98f074abab63bbfe45d497f0ed067b34cd3f9e48d9c9c176c0397	a6d3bb0e92bf18feccced85547e091d1db7d7f002008d389dc41825207053dca
rechiseled:birch_planks_pattern_slab_connecting	slab	6	a4ea535d2f51f1ce5dca649afb31db0c2247ce2a20284238eb399b3dab17f685	2a405dc69ba2b5e163e4428296741859522caa1634a2dbd8d4d47d711215822e
rechiseled:birch_planks_pattern_stairs_connecting	stairs	80	6a1472db149b3cebfc46931c27c983c49341f0d0829ee6ba98649b37cea6ae7e	a4d8627012379cb14d8247f42c69875d1d1ace8afb4395b3dd8627963ea65f35
rechiseled:birch_planks_rotated_bricks_connecting	full	1	cf6bdf59e6a42b9c21355eb3638aea972a623182c03cbe41b318c2af44784305	8039e097f453d9ee13a249fdafa39569331faff34581780582932a35a27bb462
rechiseled:birch_planks_rotated_bricks_slab_connecting	slab	6	7e1e69051da1d9bbfa130817896a7dfcbddb9467daa2c3e09ef09ffb22301987	34563d0831428a1d7b793387aa7bb7ba56c5651ecf41e44ad45ae5186215a6a4
rechiseled:birch_planks_rotated_bricks_stairs_connecting	stairs	80	1ad4f9caf6240fe82b9ab64894224f062432d8d82b2632ff5c7292faadd9a8d6	93c45a18ba6bdd6a58f49824202df7e5b069ae734b6c22ddb0c6af34d1b358c4
rechiseled:birch_planks_small_bricks_connecting	full	1	2a609ff946923868864d3f917b1dc9ceb0c25cd18e1b0a80c820d301d878c225	497fe047620f6951b5fa01ca476e7742be8be3bdb13a43b38166eae760377380
rechiseled:birch_planks_small_bricks_slab_connecting	slab	6	7730ce671a7ae12848dd236ee22f55c162da221efa486e7fe7685243f9a85e29	aefdbf19b0b4a2190d84d7a79877ee69830707a29efa2cc5bbfdf8af9e8fb04a
rechiseled:birch_planks_small_bricks_stairs_connecting	stairs	80	8d38a8e6c67c660085fac94df8add206e51805a877aae8752e8b837257d148b0	61a57c791e72fa4a1a882881d34aebd4770875b60e3603fe62bf6bdfa7b1add8
rechiseled:birch_planks_small_tiles_connecting	full	1	5b5e207772d215b4bc07901eb06ad495b382603b251641d0356e39fbc6a5398d	92e601ff2fc679671396ce2155760b27f390016bf2ecac5c3389283360158605
rechiseled:birch_planks_small_tiles_slab_connecting	slab	6	7d29748f8d006061f2857b7f7b317a46035eacb4cabd6813666f127f86ee2994	0fb701d8ee7cbdce262cb651c5aa39529fa9e0608c08f35e07e4a48d08e31152
rechiseled:birch_planks_small_tiles_stairs_connecting	stairs	80	3cc34fc0a05f507a428da78d4ac00aeecf18f77a456a0c06dd91c311d8fceb98	d6db602eea1e255cdc9603824f5824b31a9fc38bce00ab9e6904ba96ae5b5630
rechiseled:birch_planks_squares_connecting	full	1	cdc795371e939de3e09c9746ba76520da5f57b70d1a90e9188243f9cfca2a4c7	ca4ef3fab3e0ea8bd8de9b6ddd5fb13cd217d988265f3c98ebe78c4e3556d2c5
rechiseled:birch_planks_squares_slab_connecting	slab	6	0aa11852707c8cef31d4e7fe3d35d076671aed84f1c04a44c3c2ca0e641ecc90	76726e9b27953f620f6a42cefee8bd7efea4106c61ed034e7b97e3ff5571a5cc
rechiseled:birch_planks_squares_stairs_connecting	stairs	80	95262b8e66271600982626124fe5b2fb771cc3f1da1380cdfe9a55a3ee103f2a	aa3df8b22d1526abb8d1d90d721294f959e8b2aa5751ffcce46656cc7691bdeb
rechiseled:birch_planks_tiles_connecting	full	1	c957fdec955c4e28bdc6dc82b89715651341d2b400dfa5c8d72fa76f4bab7e97	97e36f5da8d20c0137348696825aea2203b69be1571869d5eed5b0fabcddf547
rechiseled:birch_planks_tiles_slab_connecting	slab	6	d4eb710018f3cbee989f895e61a2a72b40c5c37816fbcbdd4e11d6ac5860d452	c8c68536d7bbb371056e66fcde0fe568b2e2ef08535612982c2f84e163bca2a8
rechiseled:birch_planks_tiles_stairs_connecting	stairs	80	c0e848f1969c1e923255d4d5e4ab976f90559473482ce918a0f2948de9593d56	b24dfe8c48d80a17e4f2d45b724ce510170dada4f0c2a482e2380fac4f5ce478
rechiseled:birch_planks_wavy_connecting	full	1	d7da56c1fe75d6b9a0214e98be226a8e541b069d49eac84032f39e9c7d55babb	74bfda65bab263506f5b4f6b0722d018c2e80afe299b43496d866848dfcf3365
rechiseled:birch_planks_wavy_slab_connecting	slab	6	3e10edcfa223840082fb328f7e3bf9362b13fed92d686956569f94ccbbf94a6a	50df867687d5e78df81c2a1ac718ff420e962a708d1674c2f4c6841751a7eb28
rechiseled:birch_planks_wavy_stairs_connecting	stairs	80	3f47b525398615ecce346c4ae0ca8e474f26ab6c65ce2869693e88812dd2b372	2ed5237ff31305c78c5b12c4e4a1b23510ebab6873f9fc7e8e5c5980f1129f5b
rechiseled:birch_planks_woven_connecting	full	1	4d15e4b4d424532002d1463428b9fb6ee37a31eb310a27a0a8a20cbc8f49f464	da9bd0540d8372d2105231b53754171fcb141a6c6e35bff18590fc055727b206
rechiseled:birch_planks_woven_slab_connecting	slab	6	95baa7bd27de4d0bb7a13ea5997f32f407f94c77d5950ef33f5fc35c1bd43acd	19de0657cf80a31ae2779ab6565bef5abd5eb615a83608906891c5f62df75f44
rechiseled:birch_planks_woven_stairs_connecting	stairs	80	68214c4ea3e2e1cd61de5389444122cbffa0fa37f48ef49907aaa292884595e7	a1ce63c8f867e16169ab6c377f37a495e9192e7d8788865a23124e892e98c5a8
rechiseled:blackstone_brick_pattern_connecting	full	1	c6047c29fcc494b5de396e7e5418eef41620d89e6dbad5b41252699ff45b093c	90424fb2ec427d99e0914158e143564a4debe744ea5ea959762e0fbebd7cfff7
rechiseled:blackstone_brick_pattern_slab_connecting	slab	6	99a6fbc83957ed628840c3cbec2661970538cd6dbd207d8dab7b6ac0a6abee6d	765d45ab16d2b4cfa122a28459a811827c0c9485a5fa32481b51ea78b9470466
rechiseled:blackstone_brick_pattern_stairs_connecting	stairs	80	8f410e68cd47a69c767f0d8dec86d45ca9a986ef95692dc11833ce54bf6ba9ff	c5f775deee5df0c71fe81a129cd7849f4752fb3e2ffa9752abba5cacfa380115
rechiseled:blackstone_brick_paving_connecting	full	1	bed25ad9670c8abbcc4fb25ba7669f18922f35a0e86bc356acb89302426950ec	35125286f40b83cec1aca7ba78dce93dc13d9a0e3eeb607742b0f78381afae9a
rechiseled:blackstone_brick_paving_slab_connecting	slab	6	9d8a518466c9f2ff1346a6383a70fe0e0a8068485e3b9604a0cc3c9203f1a4fb	6f4b297b7b5fb07e22f3be2a2ace8841325f9fc794ba02208aeb84ae33292d8d
rechiseled:blackstone_brick_paving_stairs_connecting	stairs	80	61130e72ffe0ba66aec2429cbd431d71fda54372bdc5c212a838b2748336f931	d77d6c2e4d53431d11badfb3cf6f830e05340069285915f709cdf9c7db8ccabc
rechiseled:blackstone_diagonal_bricks_connecting	full	1	cede2f0701e8720d165ac92b49de7bd8e0e7617a787acb34ec96d4ff86e32cfc	dcb72d4484a0033ae00a8d204f9a082e1979b9f573bc22502593fdcafc30f1cb
rechiseled:blackstone_diagonal_bricks_slab_connecting	slab	6	951f2f818a01d4a994b1b8686942631099d2e502cc541f2c7633f95db42f8ee4	9a868dbbd6c3b44730e631f5260249ad461c1bfffaafbcaae63c768f3b17988a
rechiseled:blackstone_diagonal_bricks_stairs_connecting	stairs	80	482b91b6937ba6666796d9bb7f075b1d66beddbf3d24d88965e17ba39eafd295	96efb9de020c8ec4e7d535f8b23f2ddb9b5cae51d53d917e769a29e2b7ff46bd
rechiseled:blackstone_polished_connecting	full	1	33da39d0b36a80c56bd38244aa0579efdd99b56d5f7de83af5c55441b74308de	45932c0c1b69ccb3dbd5888ed1e7c656672053f4cd8750b1b5fc218425f48e05
rechiseled:blackstone_polished_slab_connecting	slab	6	64e3168743d5032903d9d4b1551a21c86089c085013348f85d037dc723e8a4e4	6bdc80ce2e9ac6eba990a6400d250d049f1d353e6f0e182bfd1cff0a7e17a579
rechiseled:blackstone_polished_stairs_connecting	stairs	80	88c973c6b983a9c31351f64dd7bd85a8bfccb5956621aa78551b3b5782e716d4	5b777d420fe5d404e39914f62a84b6ea123e132cd1a579300fc25db91cd6b38f
rechiseled:blackstone_rotated_bricks_connecting	full	1	4a837c3c7ab44932ec5dbc860c9f5cad97ea37395ff6fdee97b42f1ad4b7449b	36c03cf407534d4b978f194d32ed0d52e8b93d10b4ca592c2cd34ed022027e69
rechiseled:blackstone_rotated_bricks_slab_connecting	slab	6	ed5648bd500d4a0e1de76584b5ada4dabecc4678bd5bf51a03f392e63ecf4365	7cc723e174e9259d576bc80822980ba99b8772928f3226f4530831c37913c61a
rechiseled:blackstone_rotated_bricks_stairs_connecting	stairs	80	f7f3a9fefeaaaad2499492a0f870aed04566fdbc73ac2e12f4bc5f0f1e81784e	222b4670f0ffef674ce3aabe0e150f9227763d82e949880f9147b0169080754c
rechiseled:blackstone_tiles_connecting	full	1	b9b8ba0231b49967cc33271272cb2f9f703ae41197a1dcadd13dd872b7455f95	90e911288a336b0e8b66848b748972d3494648486405e956ae571a5d0422440f
rechiseled:blackstone_tiles_slab_connecting	slab	6	96153663fc8df4fce6c793b002d6989654619c5675b14463bdb92f5e4de4abc7	7ab06a61d5b884a7714dc69f33d2960df6a88293f06d71af25a771fcade716c9
rechiseled:blackstone_tiles_stairs_connecting	stairs	80	6188cb967bbfd12b32a4d0da08ea2920c2754f20d077c8da43a4fde187d5a4c1	1f9fbd81c423d05f4920104376ed7dd82baec0cbe7ea8532a98b5f86a1d18395
rechiseled:blue_ice_bordered_connecting	full	1	1dd584204326f99609abe2682f6c2936fd1ca25d8f9cc9c84002ce0db929750f	5680ce7839c20271c1f916ea167df746bc8d94f682cabbe8120fbb990f4a1a6f
rechiseled:blue_ice_bordered_slab_connecting	slab	6	67e29b4bd90255d8642175e09d0fdc722fe69fc22757654817ffd1fb3be390d6	add7bcb6ce3ae43ece3a196d770b71e68cf5f65255e8060e8ef6e15f7835f525
rechiseled:blue_ice_bordered_stairs_connecting	stairs	80	e2c9f3c1b8eeb88aeec2ce08c7a479015ac908b25a1ebeeb2e3c91f823c62aea	41f7c9de328eb53e9c1fb90d81f05c9f258fc2bae9162c66e36a51e757174046
rechiseled:blue_ice_bricks_connecting	full	1	c2ca1a875c41c5e81b958c3795a2fd74dba5591d605075b8ade9b3c15154766d	fdfcad27ee9474620b853afd3a8e9ded952fec4b3acd7379b3857eca1a741f5a
rechiseled:blue_ice_bricks_slab_connecting	slab	6	7e9523832a83070780a7227df87b52dc31377833e60564b3a786dca27f55149e	e774f6410a47ba4d09c2297954d800b319af919e8c962d0e21995dd467a0829c
rechiseled:blue_ice_bricks_stairs_connecting	stairs	80	7a80a2e5ef27809459363c433b59add58196fc1daf9ba3179ec4acce9168b2dd	6389c83bb94b31f6240429fa792e9711da57a0f42fc5159c3c5d1996c549c915
rechiseled:blue_ice_chiseled_connecting	full	1	b93eec35434f4bab703510d8e6e4a41f06aa693013a2913dec99d013f54cb995	06b1a8f427e33fe3b36c04708407dd5f8bebca90de2c4f171f479115565327b8
rechiseled:blue_ice_chiseled_slab_connecting	slab	6	6742cd169bc5242362bfd4ef117209be3e997ea7c9a85bc5e9313b1a4dc98e2c	06a9810bbc91cf30cf8fdbf99dedc0bad7ae4d182c0f61d955ffe4f16077632c
rechiseled:blue_ice_chiseled_stairs_connecting	stairs	80	71ae5c0bda355ade61ebabb5fa9644c1aac8f83a37829d420046cf20af6b835d	fbccbb52bd8edf86b40a31b901b1be87570716d348a370a4f83c28882dab0730
rechiseled:blue_ice_patterned_connecting	full	1	cb85375be1ee21d17bdede07bd0573b003b3ae523483ee2fc0fad2790ccbc225	66f91d606a1ce27ac0adea8234741d83531ca5e313f01e526f0695a1299a0be4
rechiseled:blue_ice_patterned_slab_connecting	slab	6	45c1f5fb9d84e88f569df5344d7a98f747106292135275ea15b42a5a879e7e19	88ffa53363305f929135c49adac71d033f9a82189b4eca31ed484691dff6b4ea
rechiseled:blue_ice_patterned_stairs_connecting	stairs	80	80a8b40420eef181e24268ca1897732457b12a52ab3d21cce1fa39d4732ec069	8df362efef3f5342be49c6acbeea9ad64e40ecd83e8285d6479adc940fa4d42e
rechiseled:blue_ice_pillar_connecting	axis	3	8e02992db1c2a184b567e26f5ed6b6063169d9d530fd0513c6a4cff2294a61fb	6c2a569d4f8692817a9e28d21fcfb383003147d28c8cdfde4e8130212a61f136
rechiseled:blue_ice_pillar_slab_connecting	slab	6	09eb0b71abdc95fb8939f72ccba94d84bb4368c619d60b01d4bdfa489f617d1b	84deec1ffd203f3f819874c723a40b62ad48f6e837274d5fb1bfa9da7558f4b7
rechiseled:blue_ice_pillar_stairs_connecting	stairs	80	7e121fe1751361b63482e0c6db9e5567dbd030f39ba3d2ae736d67f55110f145	6f7ac3b5ccbf263c94dcf898ef435c3bdb8363331e832663b6df7ba3bb3ecb1d
rechiseled:blue_ice_slanted_tiles_connecting	full	1	ded624046258a7b0d949822cc2e52c5c6158530fe4cfcb59c6c747c4a628369d	2623ff5169c19c82aea233949c89ff8b15d34010ac4bfa72533e002c2f643099
rechiseled:blue_ice_slanted_tiles_slab_connecting	slab	6	3a9c86c893e8e006b28164e49f2372d55eaccd84322e6a418705511cac165ea8	772e31f527267c4e589c9ecd28eafeb54345d95500beedb1f88672abfd869d46
rechiseled:blue_ice_slanted_tiles_stairs_connecting	stairs	80	efd8db8eb7f5bf181c1bad1d46046535a79d27d427bf1f52f6470e98c6a18e59	00a966eb371b4dd2f8648b7cc9b51093b3d85bbdf33f1e808e4fbc264f3102c7
rechiseled:blue_ice_tiles_connecting	full	1	3bbfde5a8b059024d0bfe83e003b068626f240035eb30db0c5911353bf0be4b9	1eb156c0f1e6ec93ffc274e448205b790abd2464f48c63e4c1583e2622b9888f
rechiseled:blue_ice_tiles_slab_connecting	slab	6	fbfa069937ec8353c9ff50348bd2a0f7cff372c637c23c2948ade0e2e137504b	a027d18e3b401cfecf8052e6f06bbd9154c7ba3a8c162c95ab1f116319525290
rechiseled:blue_ice_tiles_stairs_connecting	stairs	80	a7a99a368385735aacc0d7d9372ad30f0d268dab97a453fcf4463006eeac285b	e234363a77ca642895268a8042a6964bef6a87562aa261fac6d128d3390f827c
rechiseled:bone_block_bordered_connecting	full	1	db17f8cabcdeb298127022558fcb86b4858cf378bfd24863e59fa80e4fc7b9cf	87630d995e00b37b663aa3dcccace69ceebbda5969f857b7cf3659a5caf56714
rechiseled:bone_block_bordered_slab_connecting	slab	6	b79d7761c2f817fb2dafef9e2c9eb1e52b549e2b32b62ef68964aa89e91916f8	a540472016b4131b5f919762efdf6b4531897c9c1c8eb3a1061af7276e46cf14
rechiseled:bone_block_bordered_stairs_connecting	stairs	80	7f74600a05e260d53474413a1be4c66365a5335638c32f1a96376bf3a613be05	62a6ab65cc5c014d8c88b3ea0e10356062cb0d22c57c1dff8cc5b084e668cc0c
rechiseled:bone_block_chiseled_connecting	full	1	427b968d7ffcf68944f9a9c9eafe2012a4274ca8339127099198cec904445f30	5ee87a041ebc262a4c4e42a2b153d46c437569abcb9a2bd39803205092c2deb9
rechiseled:bone_block_chiseled_slab_connecting	slab	6	a196f8feec054549fcd4e4709316135d205044276bbb38c407897265eb50bbb5	1c0b2714192f8ffeed8b4fd8c4d0d433360d71fd738068140f05296b934c08c7
rechiseled:bone_block_chiseled_stairs_connecting	stairs	80	de84e14cf77097f2169e2a3a2bcbf0923153495c45b4e8d2cbb31235a19b56da	949a2e12ee100ac311baa6788ef4f79285c74ac29142c7bc05c5028e16565150
rechiseled:bone_block_connecting_connecting	axis	3	93cc221c45bca9b6e330dde294adcff5cb75ca63b86d1701948ee189c768ad28	24459af408d9cfbd7f6d7858483cc21d3c74cedcdbf75ed9e21f781635b465f1
rechiseled:bone_block_connecting_slab_connecting	slab	6	e74eb324820c75005f62271305e3906d377b1726f1c76a55f2ddbea2cd8a79bb	30799dea7a57a9a434ff0aab003f33c0ef0b687ec7d35f705bff27a98c29ab7a
rechiseled:bone_block_connecting_stairs_connecting	stairs	80	8432d9e4ade0d63747c82efc0d6441a31e9be1504b4633fcda5541e4af8c3114	cbc38035ee58014cc4619a7f7e558bc5c51a54664bacfe99fb25e181644dc347
rechiseled:bone_block_decorated_bordered_connecting	full	1	f828aa056acb2675b3775afd37ccf2bbfb326973619544580f9bbc699022b920	c5ffe5d8ad6ef2e56a9c90ed2cd8f5e5755223096c29225b73ac37cf79a41630
rechiseled:bone_block_decorated_bordered_slab_connecting	slab	6	923bfd831f949514ca74a241e9b93783843faf705965821e073b11cbf2fd82e3	cb64058b4f2e1a78e6c2a59e0cf72b7e2356eb21a93f8100ac9365bedbd6f3ed
rechiseled:bone_block_decorated_bordered_stairs_connecting	stairs	80	a60daca49dcd3044d33b86a5896844021887de9a8e7045167c021449cd8bc0b7	bb31730181363603ac0f75e22e9a1335dd76d0bbc5875c783c7cbb326bd78017
rechiseled:bone_block_inverted_tiles_connecting	full	1	d4dc000f0246f4c9cf658090f69826aec43ad512bc35ca6b5c7f5742e7ef8cde	69e9499eff2c4d1996f14ab2451b79aae887bebb31e7e91049abbf84a935e088
rechiseled:bone_block_inverted_tiles_slab_connecting	slab	6	7db9a74626940d751bc204ba410dd6d829a6322b89333b0fb982f0a74296d16a	cce516ca6e207be8c2135a3b01eb3ca3d334cbd58bf28815cf606fa43b714bcd
rechiseled:bone_block_inverted_tiles_stairs_connecting	stairs	80	c3e5f1973be736b2009d6127c45b12eef2042ee10cd66508d9464b41b0182c81	b7322d59d8b530ac1c9ca808415084aa9ab7031b571605390091622fb389f4d0
rechiseled:bone_block_patterned_connecting	full	1	052d6abc400d3b7b4ff296d6ee6344cd595af8e051c2c33dbd51a9d6c1787ba0	fc1f3aa3ec0ab0841522cb75559893252caaa0d696d2daf21eaaf44d169327ff
rechiseled:bone_block_patterned_slab_connecting	slab	6	ea59299a50e4ce4a9a93ab7e5b2f4c797402d3135abd9cfe68b902fce3f3a53f	53d0140861e5cb0d65c62be71ba71d1c94294b73431e505a90c7bc88b83b6c41
rechiseled:bone_block_patterned_stairs_connecting	stairs	80	4747b26185f2213b791ad57d559891b5250e2d7cb260a9b4a8d3542566a95e86	b42c3caad2414fd473d6f30613806ad5e85046af9df318b31914e87012e902f1
rechiseled:bone_block_pillar_connecting	axis	3	48e0b61d16d027646ee3fb6e4836fb74fd930defd8862bb2fdc545a7f2d609d5	404f8e56e104e41385ee3e519dec8b0c339923b1c5bbfd4ac43b4dc9fb65f907
rechiseled:bone_block_pillar_slab_connecting	slab	6	4bf909746b57d9d7cbf5d5b6aa587304ac1f7c48c704cc2784f2e9a3a71e979c	68bc2ebebbc2e30a4b0bd3f5a55eed1cc7ff7c8b0d7db8676a1088331a901579
rechiseled:bone_block_pillar_stairs_connecting	stairs	80	4e8d48d7602158deb3100bfb58338aa0c9e00e38441801fe6b3d073c5485d7ef	ded3e85d8f3d5b32c6dfbf4fd48d7da7e4682949bfbb87e251d5440675614508
rechiseled:cherry_planks_beams_connecting	full	1	99a69895487bc6c60d2194bb7f7e1f53c66fcbaeb98474f286afe03aafc09a8d	a432966250916f5bcad2738d24b45bce2ffc413dea85030ff2a30647d98b870b
rechiseled:cherry_planks_beams_slab_connecting	slab	6	bfccef143cfd6e32bb35bae1fce590e4da4559d58585a3dff7b089cf4f7b275f	3d07ef9f8ed2ca13a47694c2e03691a267c6fa507388c41cf44ce6152ebc1df9
rechiseled:cherry_planks_beams_stairs_connecting	stairs	80	0296a4c5a5f25d5410e6f0a31d0cc65a37e569fe0fb97b9307d685cd27878a94	85491c464abbeef2b1a354b4d9a7bb5fb3462c968bdb2dd451e308d3934003a1
rechiseled:cherry_planks_brick_pattern_connecting	full	1	fe6115d66dbaf0a7b5c38a3869c040e7d780146aaffb6db9b370eddf7b3e95ce	6687cf033db9a06bc2facc6f08e04b94d85d5e50d7a33a6b89a025a3e3b5fae2
rechiseled:cherry_planks_brick_pattern_slab_connecting	slab	6	2b5f00af07699a455c0a26049e002a1f9d824a1047ffa62c284c0514eb12a28d	c4313c64beb713d3ac7518e33772e92d462d17d713a0286c9c61fdc4499bd747
rechiseled:cherry_planks_brick_pattern_stairs_connecting	stairs	80	74eca2b6881475017ac6dfcbba798fb38ba0a8150fec649e36829345559ea0a3	427357bf91a2a8224ebd19c8bbc224694549186bb08c375908d8ca90a05b33bb
rechiseled:cherry_planks_brick_paving_connecting	full	1	b98e945ba651678df44a183af66d2bf4ef57438e06e5ace26a865fd1aa0d9844	25324498546c6385b99b85fb8653b002b1604454f5aed92d6fe81e696ab81f61
rechiseled:cherry_planks_brick_paving_slab_connecting	slab	6	e0c3529f9c656ea8cc4cf3f10db7a8e8e8451a302c411ff5ce865d71533b4120	8f9b019f989fe9cccb274924b2737144e74466485513b7bfe3d496d2751acfba
rechiseled:cherry_planks_brick_paving_stairs_connecting	stairs	80	a059e633644a06e2196b9e664f57369933432fcc430c18a2897b1ce92c029970	18588b159a62f7bc2859e83449a32e983d604e09ef905c396e96ee15e0bc23fb
rechiseled:cherry_planks_bricks_connecting	full	1	9faa4f7a64ddb6b1c2ba8b129142044acc16d4649e1c8e35fb8810b04e5f9786	9a383b84e7921edaae33abde02c4839a201bf7d1b9de30d2b704cdeeca232ae7
rechiseled:cherry_planks_bricks_slab_connecting	slab	6	768a405d2972fea3d0d5e58d0d4c2e0c1df9950c4c97eb3f2340a7e704ead438	7651b8e4e88ddf552667af5afbb8338d3ba11e94b3f557375563801cdf04f5bc
rechiseled:cherry_planks_bricks_stairs_connecting	stairs	80	ddf6ed4322879cc7599816932fe43d6b3842becac098c0c7f6c42ae966228383	c26b24503b611a685276d84aa400114415bba6c818db1b5eb4402e2681cb81ff
rechiseled:cherry_planks_crate_connecting	full	1	94d5e5cdda0964d324b26a3932d02c00161ab42646bc568031007762233a9cca	66d237f27908e4bd13027c8fe3430f0847b821459987a81c01c69216ee4af6b7
rechiseled:cherry_planks_crate_slab_connecting	slab	6	5742a41de25329bc3de1f5afadb25d5fb82eee004bfd7bc85dececdde705842c	39d16c00d6b6afd52be95c3ec61289c72a3dc5313ddd24a03a5d797cd2c0f122
rechiseled:cherry_planks_crate_stairs_connecting	stairs	80	623a22663ad69d6ac3a266bb5e18ae4d57c59230bcbb92b8cd28b16f56ab208c	02dd2b2fee915faacb40b3c5c02cb3ed798e19fbda4a1326784f07c359d0de9f
rechiseled:cherry_planks_diagonal_stripes_connecting	full	1	e463f6fa3022edcd35df53879623e7143c7c7e4d612a12bc8ecb89bb4c9ea24a	c119a3d28ac3bf7c915e29625b97d696f957dbf8b0da16cc1b44b92024b65aad
rechiseled:cherry_planks_diagonal_stripes_slab_connecting	slab	6	180059bdf57b0ec347b07d39ec6eed045e0dda16a6a07721d4b03bcf6a4f77e4	4244d793f3f98046fee57e3227a1424753b478317a39a9a286c426c04940e2e9
rechiseled:cherry_planks_diagonal_stripes_stairs_connecting	stairs	80	2c437adde1df9f04a93eb2fdb7c47b0e9e27143c0b3435b9f27bfcd88aa811ff	e0942b7cb5d54d15bbe7a8a36adf9b0c5da078790264dcce042b3de85ec04152
rechiseled:cherry_planks_diagonal_tiles_connecting	full	1	463a01bbc2985cb5da5c8eb402b367b2a15c6ae97f398ab09d9e1ca3a54b83ed	aa35042cb42815e4fa5760ac1bcb75b4d8fcefa896b530d9f0a448ed33f30532
rechiseled:cherry_planks_diagonal_tiles_slab_connecting	slab	6	3e91a1a1db214799529fa2a55a54c5eff04d7753eb73c386433cd04f2835f4a8	317e39bde49bfff7a1e31c91279a3432284467a968dc6d159a62c069a1a821ce
rechiseled:cherry_planks_diagonal_tiles_stairs_connecting	stairs	80	8d350b35024c0c4235253fb5597331c3c71ca92e010127718f88c34b55762b91	415f292462448c8514047429a71abf48dee25447d5c282edb449dd026b417595
rechiseled:cherry_planks_dotted_connecting	full	1	9ce9ccb6042d0a2e5d7a030bbc3dcbb76e8fcbbaf799d5c941fabfc9a3395734	e4ed581b7f54f0ffe7e7eb4af7a2b53495e572ec66ff3554d0c6e0c2fe3c1033
rechiseled:cherry_planks_dotted_slab_connecting	slab	6	8f5fb8bf6edb8e8e3d134ec93d851c1b1d46399cd63d9c7b42eb15cf156638e5	1f913c1b236a25d25d6de9ca84ef5c9e957a1c75af57f2129e858610383ede32
rechiseled:cherry_planks_dotted_stairs_connecting	stairs	80	69bb4b6b0fc04d8c164e14723eb4eaefa058cb7facac61a981c9e0105620ab90	b7e4d39429106fd97bff3ea1aeb9f98cc10ae8dff969c2dc504f16997005cb05
rechiseled:cherry_planks_flooring_connecting	full	1	05ae0d87f5b37bcfe187825b207abd70b91f345ad21c7eabf60165056c9521a3	625bd75b7610105e9ce52befcca056b7fe5e7bebde63e5f81d1b3ac8564663bb
rechiseled:cherry_planks_flooring_slab_connecting	slab	6	d7b26554f2636a4b8bbdc4099325908782ec8b74c0877f3f4f632e84471edd6c	21c271ec6ae2d9dbf7488e61df80d95601b22fa0a2635d91afa57b104f584b26
rechiseled:cherry_planks_flooring_stairs_connecting	stairs	80	8ff7abe4b8963d7fad5092d421934f7f9b6d8cb95082b9b064690a243673657c	81a2231f2f94d9788c93a853f2a5b220f3d1cc067781fcf6f0945a1e5165f62f
rechiseled:cherry_planks_large_tiles_connecting	full	1	28b79b3e1c6244af4ef75dbe5e58ca02e7bf71d9e9bc044e86f0a9272687c2c5	7de174295708a8aa290f680d16a2e56aecc8651582efdcf6da51156232e1dc60
rechiseled:cherry_planks_large_tiles_slab_connecting	slab	6	9c07a968ef7fdb54346003ba1115dc8e6e2bc8262da1e96273f348cd59a5fe69	ae795920d3f3b549d13649b955f8dbc06a9be13d8b47c0b096c8e149af281eda
rechiseled:cherry_planks_large_tiles_stairs_connecting	stairs	80	08522872bb86cddd1722e7fff34337e1d64ab1859eb4b0f7a7f7e281cd4b14d1	8cc9baa39d80cb114f415a405587193afb655c283dc3a0412faa98211b8c5ba4
rechiseled:cherry_planks_pattern_connecting	full	1	58a8d5fa84dfe3ab9ee0b054825b3606f1a52941aa10bef043da95d951466d6a	805864525b51deaa678f83fee66a905083d06ce9dddd3884999d18bbf111322d
rechiseled:cherry_planks_pattern_slab_connecting	slab	6	d1fae8241c7caf483c3369742f788dbd6e3507b56027e7102a445a6ff2271931	5cb5f0edaade45b221f3476c8d3e848fe1cca0ffa67140810695531233f95aed
rechiseled:cherry_planks_pattern_stairs_connecting	stairs	80	be9a8f385b493cd91d35aef9b5ecf69df5592c847b95dffbfe891a5064f62dc9	d984ab5d652f1fec8814d4b234752f7e38a608360a54c2bdfc5d193c105cf39b
rechiseled:cherry_planks_rotated_bricks_connecting	full	1	8a315bba9499fde89519e82781a26a9565f4e55b2e96cc4c96a16a2bba6f1020	322ac34cb97f9039acdd45100ce6493c78c72c9f7355def6ea472f65d0b50ef9
rechiseled:cherry_planks_rotated_bricks_slab_connecting	slab	6	8900922980e87db51469e8dee0c497729d7f0cdd22e7cd344a328bdef33ecab6	aeecf75bb6ec95aef1c12345763c24715ae04ecfa4e15a4a0260df57fa4861da
rechiseled:cherry_planks_rotated_bricks_stairs_connecting	stairs	80	785d8c2b90d7e7750bf1e8206aebade7a2357a6620ad7c0521a88a4944eaa466	44304d344135528690a582bf7bdd17777871f190d4bca153bc7c29f70ed34b90
rechiseled:cherry_planks_small_bricks_connecting	full	1	826c4b2f10e6460eedf8e4a6d7f1cfd91c8b87bbd9fee1a9a5c96fce134a16be	471662f6e535826b097850898fe645265c9659547fed4f9533446e0cf4b44784
rechiseled:cherry_planks_small_bricks_slab_connecting	slab	6	1b50b335ee1c54bf607661ed719b33913b686a6ee2dd4b94c7fe8ea2603c6d68	2446e0babc4f1df8951cf258b7f4280d9614006f3cfc17b1d6f092b6a330a62f
rechiseled:cherry_planks_small_bricks_stairs_connecting	stairs	80	dbb67921ab561ac110a30031fe14467154e3008752bdb8e4e549784d371c5372	b447fea408afcf93d9a2a2fe0b06d30e026651a30cc4a5c646504df1c951bc52
rechiseled:cherry_planks_small_tiles_connecting	full	1	eefe2da067407782f372057848a47ff7c838e76d5b19ab804e12984d123081a0	bb4d7bb26350fe57453db891d01cd0b4c0cdc9eaef324f39ff223e13a95957d6
rechiseled:cherry_planks_small_tiles_slab_connecting	slab	6	0dbcb56b7bc675edbf1ba7c46cfd3ad683302a5a3b09f9c9b8df5e17d27f897a	60a174858c53e582e0e117f7d96b038d7c92361977e58def207ec96365313358
rechiseled:cherry_planks_small_tiles_stairs_connecting	stairs	80	8be146f6af1f3005aca23703ebebcf147678673782e98d6f45141557f0e46681	41c2492d568b1cc1dd22fa9c5cd9ff84982d92b9887f7db27fdbbbdbd9e42957
rechiseled:cherry_planks_squares_connecting	full	1	38337f313f5640bba1e8dd2d9034c14010c59d978470405f88bf3f164b46a16a	1c95d366e90419f040c9e2aa086ff45473ae903cc3d67e77472ab3e7a5a853fd
rechiseled:cherry_planks_squares_slab_connecting	slab	6	fe325501584a725638f8e7e768bda98fb4f98e6262d9626af5c3226ad7c8cc10	e6f677097bb6e91005be2a4c37c7d38f48bc7c348e88044a76105d0d9b13ea38
rechiseled:cherry_planks_squares_stairs_connecting	stairs	80	c99bca78a7a67ee724b8335d6151907b2533e041f6e8674bfcfaebad6a2992d0	04cf6d49e4ce3075752e71e7e6e36b46563fa4a124b0fa724a1e955ae45fefd2
rechiseled:cherry_planks_tiles_connecting	full	1	1dddf99e00fc00c660437883a8040c6638b4168838889804930592aceaba6813	c44c7914604aaa7de383d797e8862c2ab050a0ea3741e69e7b5db8a425cc16cb
rechiseled:cherry_planks_tiles_slab_connecting	slab	6	6bb8bdda005a92b220ece2367a7cafb1cddc43101d6778f6a92023ce6aceda75	a2eb07c98a89191e5bc039eb1cf0ce6c47c2bf16a1faca0d5bc1aa49acfb2eb4
rechiseled:cherry_planks_tiles_stairs_connecting	stairs	80	0ceeb056dd0b2edececebbe6ca1017fe22853f4174731385f3afc5bee9adf004	5ae58a06b287f87568b8387e856bdd8f1368b88d8ca22f204fa4485631ae2b75
rechiseled:cherry_planks_wavy_connecting	full	1	86167bc112e1d0138cdb0e86c465972b82a87cac33d49f8846680bc48b878f86	ffef0d3e479a45b6124eff8d71197dd568f9c4a03976aad1e68c5360f22acf6e
rechiseled:cherry_planks_wavy_slab_connecting	slab	6	3d537802042dba0f855dad826a7b5ee8348c2a271b65bf90db1af392e281323c	9710bb961a32855852157fa484fc3b7ceabd6297f2dcf55bade658a8ceb334dc
rechiseled:cherry_planks_wavy_stairs_connecting	stairs	80	db55d515185ed965f2e55b50fb221e2566d4032e2043f031e9d6663e1214f566	a62db321c210eebf5af7c540eb4fe6cafd7c0811c7a8f6866a9af4f3dd44c92e
rechiseled:cherry_planks_woven_connecting	full	1	88a773050417c3676d0d678f188f908727feec540494165d825ef2f1239e8a26	f6e2284bac52cdacdb460a7f54360730abcfe6388beebbcb875c08877597e865
rechiseled:cherry_planks_woven_slab_connecting	slab	6	b42e855dea39c805992461bbce3c8f18366b3609b02e3adc0f2b678326b5d98b	fabe763e9ef2f12a453ecae8e7542e2087e06987c21c5de5ef95becc85f09b21
rechiseled:cherry_planks_woven_stairs_connecting	stairs	80	011cd87477e6c6705c233cd1fff97631d0f5600c5bedce62a1338dc5a9971db7	b7ca4b3d1775eed0fad9c207e6b76f6735742c7c4070dab04fb46a92c236bfdd
rechiseled:coal_block_carved_connecting	full	1	32015ad96e6127c37d459931a10ad04b3397082660badc07e321965618c0314d	ad9485f09afa07e87c2345cbecca130cdc253305c78c72c5fe5928c226adb223
rechiseled:coal_block_carved_slab_connecting	slab	6	33a87b003da547099dee61e6f88f2e214c4a4789465a4393856028d744d277d8	6805a48e34204a384ff323bfd00856bc7c3aa2617bf5f0675e2af423140c3ceb
rechiseled:coal_block_carved_stairs_connecting	stairs	80	86844f426db5a19e802f367db42ac2ac7e44b1f040f5ad6858800d16b91b1127	6435e3eb68a97538bcab9376883c38d8a22dedd4b86ffff5aeae9c777e17749d
rechiseled:coal_block_chiseled_connecting	full	1	a2d0dc532d3eb8bb4891c2bd225ba65ddb546637822982b878f62520ba6daed6	c612fdbad09e1137351c316da6d581273b0f6673a60c05651759f14511805fa0
rechiseled:coal_block_chiseled_slab_connecting	slab	6	7da588cea93e62f8dc982ac374e360b4e1c4969e82c25a612564262a26cfabc5	f6772594967d8c0d82da0f419cc49b43fc40d17d9a11c0d78c865f7ce688b6ca
rechiseled:coal_block_chiseled_stairs_connecting	stairs	80	4918771c8a398ecac8b83ce6606ccfd3b607c458f8ca131375c74d450a859c97	5762158b44b7eecd461c6d8bdbf1f09eca88720f8291a098952788565a59a079
rechiseled:coal_block_circles_connecting	full	1	7cc4ce0de068667a81acd78a9e57ee61fc8405f01ade76fe375d98299fc3b226	4b8fa1ee8e83af359b533fb989d7bb5b6d7fef8eb3658aac1a4fdbda6fc42dcd
rechiseled:coal_block_circles_slab_connecting	slab	6	fe68378d1c543ee8627b5ea88e350cae5cc6f860d20a8e25d10618a0bf27f96f	1872efb60f446fe90cfdfa0abfeda162e3b3b13a086e8e6d18d03d5e7e0cc9c5
rechiseled:coal_block_circles_stairs_connecting	stairs	80	c67eb9ac0bf7fae085921a1cfbe9543bc0e1fe14ff86ca9627c0225372d25c7e	f8c6b18c90cc4f7455b99d2755ec17f89b308be6c2bba6d4e74f9639b07c236d
rechiseled:coal_block_compacted_connecting	full	1	82ff14973bca07c37f04c61a2bf344f6068e7d52ef6fa07c83baf5b7aef48f7f	f0215652735c921446cf84321847a2ba36051372ddccf643dafda49bf6fab9e1
rechiseled:coal_block_compacted_slab_connecting	slab	6	0aa708765a90fc6e5d0072608626eec1f256822be660f3ba65a4a2d9eef04d63	8dad7ede2067d0929b5693ce79a05399bf71c21320bc75da027d6daabe8a4227
rechiseled:coal_block_compacted_stairs_connecting	stairs	80	923440191411ffdf984ce7ddf9c9707bc0dbff6423547ab74a10a04d1b772a4c	67543e6214ab10f8a744febc834dec62a4449581d61060e246e13a883578f72f
rechiseled:coal_block_ovals_connecting	full	1	fcfd0b31c8a83f7198b8ad36cfda97f6cdebca9c7580311fa35c4365f7db651a	4dc5c6f267fc1060fee814945ee5d05df13c302f8170fafb4d21a936a45443fe
rechiseled:coal_block_ovals_slab_connecting	slab	6	e23a224279182e5c45be36fc5ced5a3fe9b4f543920dcdf5a320c7d813f1fe5d	3b518090c31bf7b2b4834c4b2328b2afe0f2643347e6a38ccb7772df47938266
rechiseled:coal_block_ovals_stairs_connecting	stairs	80	bfd79822b91085061fc83d3c5a690de90a17fa085321831053f399790f2f24b4	f2197712b773068a9012c82abcce7a36a434f2e1ee660c4181503372dd9745f0
rechiseled:coal_block_pattern_connecting	full	1	10b2558c3265a936f76645a449d855f816dc0a0a1b2c5e2cff8990f090c6d563	fd5ce4c138b2d6abe0a82a2aa77686723e93348db55fd62b93556d94881ff4fa
rechiseled:coal_block_pattern_slab_connecting	slab	6	185a46c2ae5508abdfd4a6497331e78dfc9539923b2fe58f133bfa2e787b4a68	166a5e066520b70b3ea5f25fd0196d3d4bf20468d42f35116b93e5c8bc3a0384
rechiseled:coal_block_pattern_stairs_connecting	stairs	80	0d2e13d5cd4b32c9d1a56fea4dca164d7ef8c3758ceede03241f6a80f52e2fd2	2d82c89db14a27d5b33ab8638e05a95569c6c0c82d6d367d937098733331a0e7
rechiseled:coal_block_pillar_connecting	axis	3	679eb7fa7733eded3c8764fc9b6547d76010ae2ae246d58db466446ec0ca32c8	004da6decd6242a352fbae3462fd92c6290c9594459b1eec62b0a3d791d533f3
rechiseled:coal_block_pillar_slab_connecting	slab	6	68b7ff91ab97d5a20b4abf627f6b2931f7b4e056d58e433a85a5e422922a0875	8c11892bd4735629598a7ef3b82ecc4032094721d3e5ce72a0079cb6f327412a
rechiseled:coal_block_pillar_stairs_connecting	stairs	80	21623214451455589db3d7a4ec65f65bed178c4038ce5e7e8690e7d76955dd5c	bbee253ac75bcb5ef0f8f6adba1a55b1dcda1bb3f8a608815cae32c361433837
rechiseled:coal_block_rotated_bricks_connecting	full	1	35e9b506064adcc82e858d3e833a978ff1070de165b4ef9489af39ea3fd51dce	38fc031a881a969d9a4cafc7caa1c35ef16f14f52854794317f7c43e6eece25e
rechiseled:coal_block_rotated_bricks_slab_connecting	slab	6	115aad501bf885f4532f8cae6cb05b39ecfa1d628977a4071bbd50236335cdb8	f2a1f589b22a87dd468d7b05f05ee4ea95bf9d3fc2628a726b0b363f685c18b4
rechiseled:coal_block_rotated_bricks_stairs_connecting	stairs	80	5472c20b6d8e88f1c1c3bb71bc54f2ae353438b46149f1b3c2277d5b37146515	ed247228472fd62ff82c70f3f335aad7e24315c235403598413f61df74096e81
rechiseled:coal_block_small_tiles_connecting	full	1	7e8af5a4ce9f232f783fefadfb101703e5653c9b2cb5c28cbc0d3966e63e5295	396e7efb963c2e1b3d1a5a66795bc8ede8a08b0c257df12ec46b2d436a9b200b
rechiseled:coal_block_small_tiles_slab_connecting	slab	6	bc5ab46b048540584aa95b51be9f8847234f9ba17439df4e223f9b211f762529	286f1df5e1d2c15cc548e80d3ab6b18ccc8cfd5f798d124e166e1976c5469e4d
rechiseled:coal_block_small_tiles_stairs_connecting	stairs	80	166d951cc5149843a7c1adefe3f734035ff70244a9d21770351adca76d93567b	e36b209d7fe9ff859fd83fe8bb776da893a919cbb488d6ba6db30ce374159bf7
rechiseled:coal_block_stripes_connecting	full	1	025eb74fdbd0d27231b76b19196821ccb5301e5d029b213d7d608a8fb52d7d81	3fe276a5661691a16c3bc54ef0b970191fc4e6a4d2dbdafab706a03509474f9c
rechiseled:coal_block_stripes_slab_connecting	slab	6	358031f2e14362e6289eec95a1682bf6150e663bbd845c7c3902ecd50ff52ded	0a5076522c0eaec81ae4e17ad955743fcdc2e21672ee0f53152e69d22b16d409
rechiseled:coal_block_stripes_stairs_connecting	stairs	80	e9cf43420064f5545aeac3d9478c8537c6314e3964b640e3094a8e335e1aaff7	94090e21309046cb9a0183d0ba451c4c18980183343785f108c79176d0bf00d9
rechiseled:cobbled_deepslate_beams_connecting	full	1	a2472a3cf9d4e6d2c19701084893474ec9c69bafb80e6a364385b5eadbb3b870	66c2dd64f861d51e12f1e45012dd9aaf8e39c79dbf6d7e338f89465f4ffa0852
rechiseled:cobbled_deepslate_beams_slab_connecting	slab	6	76db0b763d45de3e5b39fba6c433cb84b3095ebffd54002213e486b7abd9dc3c	44741a881cfb21cd570a63b5a29db091256b171f413b3ce6685a4d7b2f917b60
rechiseled:cobbled_deepslate_beams_stairs_connecting	stairs	80	cb7074bd344d3f97213e4348d7fa1b01d155cb94c8d2d536f68e90b89d6f9ce8	96628c4c8baa89901d011104b8523a799167a78d223dd3680a8f739c41838bda
rechiseled:cobbled_deepslate_brick_pattern_connecting	full	1	74c821a614c18e16d2a2f546f8ca364daf3e62ca6bd3de385139db4f9ef7d1ff	5ced7fdd40735a1f5c90cde3c63a9a77a60558f4e5ff4c7c3d5518cdfe747d25
rechiseled:cobbled_deepslate_brick_pattern_slab_connecting	slab	6	0da664524b850ae0b9614df02e0baaf7039d14262650239ad635d4d0b798b455	39ac82e7e0b51734d1da396f1d1396f2f27407f6708e517158c38dd14311a341
rechiseled:cobbled_deepslate_brick_pattern_stairs_connecting	stairs	80	48969d668ff9eb9dcdef33b5a89170f07d6b22c15ef75011fac6a7f083e57c12	53c2b388d5411f14f2d2b8669dd717e9f68be33c679bb4ec54d74846b3582a14
rechiseled:cobbled_deepslate_brick_paving_connecting	full	1	116314527db52f9de21dd66d010d342c78cbb57c4819274434275ca58e26c29d	44014bb057a2d0534f6a3b46679c4c345efab0f43910a83c0d4af33ff20fd458
rechiseled:cobbled_deepslate_brick_paving_slab_connecting	slab	6	35cb4b114f4452ad9c987b2e44b05388bdad467e90af0ac0a4fa7cd18c194d19	1787b540c2592dbb0f790e60b6f7d17b0903095f2424d75777f2ba612bc8fbc4
rechiseled:cobbled_deepslate_brick_paving_stairs_connecting	stairs	80	4c6bff1d53691222c608d227574fa944833adf30ca64eaf36403a04ef4bfc936	4968e4528f31cfed95355c6059bc6ac1726fc7e9f072413a9c28ee9bdf001d1a
rechiseled:cobbled_deepslate_bricks_connecting	full	1	bf706542d59b6af8c86072e1464d5d8f208c717e84d880bcdaf94089f19213ff	3ab96326aefaeb981ff09a9566d694f7e939ae60ad5f5660fc8348da14c84ec6
rechiseled:cobbled_deepslate_bricks_slab_connecting	slab	6	fa89ab722b3170ccb3cad08f1916837192e5e079a6356289bedca758d87482b2	eab1c6d124ea10d102a4714d3819b82e56718f484115076e6af87516e6402073
rechiseled:cobbled_deepslate_bricks_stairs_connecting	stairs	80	91c4e8c6117b2e619bf4ba89eddb75a8bbbfa1df573add75e2b6c80b8fc8d861	5dce1a8fc6842f94ca3a132978cebd725185e3a9d2e0d26fd22d8b5c5a12dd44
rechiseled:cobbled_deepslate_large_tiles_connecting	full	1	e2a660c56b138a70d6eb18269108524bce59c47493b4ad649e3b7b63134e06ef	ab1125eb03076910e3dd2319f4ee20fdcac69ef9f17562babb0d1b0fa2cc180f
rechiseled:cobbled_deepslate_large_tiles_slab_connecting	slab	6	84fee4683e7a73535be002fd3cbf9689c6b36318afe71aca6d51ba5d0dc36b86	01f85c3f53e4834a5013693fab99dafca8a6a799da62a8c142f4f632221e6ac1
rechiseled:cobbled_deepslate_large_tiles_stairs_connecting	stairs	80	a86a1bf516d8fb5fa4cff2fecb862321cb3502bb3320e1da0a0111289e05de7a	57c70f3229a398c7ade3e236e4ec352d031ab9090ae5d5d5723aa65c9cce5781
rechiseled:cobbled_deepslate_paving_connecting	full	1	ebdb77b2bc375e00c90e473767afc6db4e22c104ad52fff19fd4ad4b721c684f	b90eb3dddee4a394da213b88f8155ec3bf964e1ee2c68ceba87026379b24cbbe
rechiseled:cobbled_deepslate_paving_slab_connecting	slab	6	302e2ce45e7879ae00251c9242746e38142e369d6a2c4c050467999390afd89e	4f1e8300c5a35cc8aaba6d51009b5a4e96c37a0fc312ae1332b633887780a9f8
rechiseled:cobbled_deepslate_paving_stairs_connecting	stairs	80	09df6302e53223bd905c7c71c3988872e4dccb8d07da36e1445fee00c519aa90	ef4d3c36405053d39396d07dcf966fde299c0d07fbca9c88e55daeaa957c8925
rechiseled:cobbled_deepslate_pillar_connecting	axis	3	5a45467375722a68c9c0b0059f859eef3ff81113d949ac1702ff17f28c07e2e1	763cad68923bdec4b872f4f0210f4643a60bc318b47c7872f2e99e8dcc7dca76
rechiseled:cobbled_deepslate_pillar_slab_connecting	slab	6	4e4c233a17a2f1cc322473d45e6290ad8a20452dddf4aed9f48d48bb2d93c009	d20f5b998451c1f01509652f39f2e3b0254a1abad7b204fb5c66d12da0bae231
rechiseled:cobbled_deepslate_pillar_stairs_connecting	stairs	80	dcef537c92d6d49a6d8753e73395e9dc232d2a41e13344d1575b9258e4d3ad62	f8f252f5878c8405d6da45f1468738f35392b548da7ff058600e7c26c8509996
rechiseled:cobbled_deepslate_pulverized_connecting	full	1	52555098ccfa1f7be41610412d1787395b63abd8c34bb4ab5ad12947c22b5846	07f14487331d649bb915416cc016dea5116ebdd307f18d2dcf8fa64540d95625
rechiseled:cobbled_deepslate_pulverized_slab_connecting	slab	6	f3268fdc39edf97f33723be564308744dcdd288e3c7ca737cfbb916332376234	ed818bc96068d9a31a1ca4ffc8412215b5a0957c0c1ce7ef125ca52293a8b69c
rechiseled:cobbled_deepslate_pulverized_stairs_connecting	stairs	80	99282f57f95abe5982e1ab94e769a1068fe6272aa7b1eb03f8461ff4913b015a	12e44f712defa3ad42d0f3553bcbd1fc4eccd408d1aec3cd2ad2c64892b526d9
rechiseled:cobbled_deepslate_rotated_bricks_connecting	full	1	a61206e5417cd25947292460920cfc37b362e7b81cb3f08ae1cd2b2b97e71db6	954f531ede86f5709cdfbe2cc54e90bed8fd88ef6e633723876a892c3758c172
rechiseled:cobbled_deepslate_rotated_bricks_slab_connecting	slab	6	882ef60c4c78cef9703db26814f75716414d722643427fdcf05e4a455c616e47	e3321e722dc4d844132bc1a9e4f5d76649a6be8c9f53db00cc3f386b977ad8ec
rechiseled:cobbled_deepslate_rotated_bricks_stairs_connecting	stairs	80	5d767f4d0a4b313b6e42c7db4aef32ad647083ff5067c73da3698f8c0656139b	f7b6921ae2c7356865a7441f0b7e374ce87704e61ee456ca0b420da56c8859f4
rechiseled:cobbled_deepslate_small_tiles_connecting	full	1	2691adb33b5cd34b403ca0e7d043605c6d36780cb0eb98741bb566d8b3793ff7	c433fabf3ecafedd4f640080fdb4195acd460e5085dbafb1d4c1a7e032b11436
rechiseled:cobbled_deepslate_small_tiles_slab_connecting	slab	6	633e0b5816dd7eca20878434cd266b1b37e25720e3a2a1d8dffc22641f5b5d47	ef0e36c827097abf4de5d422a067836ccdf89bcb94af9f05fb7dd58bfbeec21a
rechiseled:cobbled_deepslate_small_tiles_stairs_connecting	stairs	80	643ba6a9f2d9cad9c8de37b63e3a96382acd11bb1521f0f4bc056cdc8b238f7f	533468cb05650715de307b6025fdc1a212e889c84232daab969a20ded4bce52a
rechiseled:cobbled_deepslate_squares_connecting	full	1	c224dedc569e783d629c2ff7358f9f832ddc5558eb9d78f91c31ca938e1c152a	fa93c0510f46b392af5526995cf34ae37f2cd128ced7d5395d6778976c076714
rechiseled:cobbled_deepslate_squares_slab_connecting	slab	6	64d03f27b4c7c99939c128f15c16dd046181da8d779eac6c4b6d37cf9a90c9f4	a4d1b91a8681ac1a36aeea27e2f90cc4b60e413d70b007ead39d4065732d4e40
rechiseled:cobbled_deepslate_squares_stairs_connecting	stairs	80	49345d2a96fd9eb73ea6e8034460f04b7ecca20fe418ee446cc98333cea62eec	1a9f58b3205f21298a9305925eabbae5c3cf9f87dd15df20c6d4c96b4f50a4d3
rechiseled:cobbled_deepslate_stripes_connecting	full	1	c7d37c99c543015262ca9c92ae849f77886deb038a5b92a9d897cb2ca721e7d0	50de08cb793d10d6f2f2edccb66281fbf3ad547228f541794e495c0e0896fbc4
rechiseled:cobbled_deepslate_stripes_slab_connecting	slab	6	0a19ff4a417c02197935540b282a0c949868e6c3d9dc853a3bb4fd248e4fd8a5	45ba28fbc6628520bf2fd51861ecb9f912bb1d7fcef2dc2f94467d782cb26f27
rechiseled:cobbled_deepslate_stripes_stairs_connecting	stairs	80	c1fff5dfad80d12669a1c496ad7669994c50059ef8a9808293201dc264c99469	70ec506c656258779b6ff15b41f6332dc077531909d72981b921450815877c04
rechiseled:cobbled_deepslate_tiles_connecting	full	1	9079c8a2017eacad6cedb96941b32672a0068fc319ceb7424331157544fb0416	f01dade03b8ca1c5b04aa44353c6f0071cfe991343dbcd44392d7ad01d6ce27a
rechiseled:cobbled_deepslate_tiles_slab_connecting	slab	6	3325879c53052d89797a0310d49474ea4fc6156d7f27548bb2655eff7ab667d9	7d648e1363033901f8dd2f8fd0409a8669429a92fb150e65422a76f07fa5e4d4
rechiseled:cobbled_deepslate_tiles_stairs_connecting	stairs	80	fe6acfc89971d2de82af030c40a5d74b53cf2217b9a00349e830d1c2a02c0adb	5848da1cb5400505773570fb3e5bd5988f28a102a50dfaca41763529b64bfbbe
rechiseled:cobbled_deepslate_worn_stripes_connecting	full	1	4a028d153ddceb2c68dc074226b15ea7fc2df61b608abe8879f7f9f1e9418246	ed6a172847f31cd29fdfe1c227f8351a4e4af8ef03e0db207cf272f4813a6c71
rechiseled:cobbled_deepslate_worn_stripes_slab_connecting	slab	6	7b2a136ef159c3bdd0b489761584713b89b2237e02e1bd3b4ab211b2c69e6432	292b1811a012dcde5106053ef89cbe2dc61dd6a5bc6cb1c5558a86f0f7d35130
rechiseled:cobbled_deepslate_worn_stripes_stairs_connecting	stairs	80	7a80fa40cf13255ceefda1eb7fd8f3c32be474279160681b1c430c0118d381ce	3ec170955d732ede80900a4698d5649670dbeb264354486dde6b889875a98495
rechiseled:cobblestone_beams_connecting	full	1	089051f7837b96bbb985622d2dc783d9f7675ad8705dd6cc2846330b628fd151	3d699a0778ff2f5624f0d5cfe5834f16979d31f9885bba70e94f9fae3517b25a
rechiseled:cobblestone_beams_slab_connecting	slab	6	2edf085c2fcf734b272b1bb49a0f22b7eb75f895364231a77cf6f7b38f967da0	45ed39405bce2c323dab189e37c69711ad4cea43b64fc5f64b9a8ce0e2e6cfeb
rechiseled:cobblestone_beams_stairs_connecting	stairs	80	29e69321c24980368c8766c298d8f21285d58fb9969b669d03a96f7531e5fc41	7247ba90f27a9f1bfa5f4f65afae42e0dd5c7b4ce8577ce4a9abaaceecf87e00
rechiseled:cobblestone_brick_pattern_connecting	full	1	d14e2266066d0f2d4872b1465c28a88b23f173bba4a3d6af0ad004fd7c18186e	35c8ae4da5b2df55fdacbe7377fd340b1e6f30bed1e73ee538e0aeb47142b36d
rechiseled:cobblestone_brick_pattern_slab_connecting	slab	6	204de63ff1d52baa1638e2aa81a36d6efc5a79ffcd676166d5107570f0c9830d	9b5b018c2994ca779d98cd3a1fd8075d99655ffe27061bab650a35153cb2b6f0
rechiseled:cobblestone_brick_pattern_stairs_connecting	stairs	80	69a61d630b0c9f8b7c0f6c554aca1be90505e04c373b150dc142f7d58f55e3a1	607cdd09739db7d596c2d761533784650a55322f5105675f55f1ab9b64c985ab
rechiseled:cobblestone_brick_paving_connecting	full	1	e89de070a6fdeeb219b256ce0e5321c9c76e7c34f495d34485168bb60d6d04c7	52483dd7b9ebf46b8daa6e58e47d4ad97b3f40903e62ace18c7a83f5a2cc5c35
rechiseled:cobblestone_brick_paving_slab_connecting	slab	6	e682aa645cd3ecb532efc1cf3d2799a189aec7142d22c9935a6b31f8b468bd89	5e5e6c61d0568d274d65a43be45c5becfed103be0f8bdcbeb84aca3c997e9600
rechiseled:cobblestone_brick_paving_stairs_connecting	stairs	80	3c4b2a95eb07b254557eedbfb5393a6630b843da667b4e9cec93a5d1f22631c6	bb4b703688855f48e0a4f4e9ec44e6c663107600e1f5348485806d878e4fe227
rechiseled:cobblestone_chiseled_border_connecting	full	1	ef77ba510dd4fdc3fa7699854457292357f84dd15b9887e094f60b43d49fa189	fbfb8d9d65d88dbb27344dacffc066b6940832739e48bf08b315191f549041af
rechiseled:cobblestone_chiseled_border_slab_connecting	slab	6	c5249119d66b548deec067c1a266b9bcdab3a4bf61e956e64694ab3d0732c0b3	4750f68890c98f36d0d678bac1bb655e8ac9a578fe469cdc1f26bbcd353ec019
rechiseled:cobblestone_chiseled_border_stairs_connecting	stairs	80	b4637b7083cb6fec4bbaf51426b8f0ae2e2f9d3080cf8a3833da69cf957ebe4a	91542453341b3803724c3440ec95368ef84ebc306b1e16b831ff2f72fd664201
rechiseled:cobblestone_crosses_connecting	full	1	48c3d4722a0985bdd957890d3f7ca36fb0f35bf1346ec17331725091d3027b24	95b40aa30da054b1849f353b3bb4f3cc927e84ee295ef3d56f819bfa743a6d2d
rechiseled:cobblestone_crosses_slab_connecting	slab	6	d2ed66b5ff0a505d3d27676dba56fe2bc9a40df925c91007dd52c19f7150ec40	b56c2be41283c25d4869770b89dbbf1b2c058a72e485c17882d8b006f6f54475
rechiseled:cobblestone_crosses_stairs_connecting	stairs	80	22301c2325edc17dd24df5a80c9b77358b236c0891e6877c7286a17d8a5916b7	e0b0b8f0055f7879cdfa36810e017a90c952adf7b48e3b07e170fb5763cbc448
rechiseled:cobblestone_dented_connecting	full	1	c56d5b463c4ea3d2e16b06adfa84a5359e3428ce2443390b07765abe6106241b	b2a1eb06173c4cdec30426f2851b1c6ffd35ebf97e068e55edebed5bf5b12006
rechiseled:cobblestone_dented_slab_connecting	slab	6	5c459c9987197207ff1c824320c5be0758befecf63cb59cb2984c02f9282871b	a5c6cb5cc860a9a03c6a77938e472f003a29aeac0279c4858c046612e91cb936
rechiseled:cobblestone_dented_stairs_connecting	stairs	80	ec492694ef514a88f88d29d44fa6f8743f555042fb35311dc74f87052cb47686	f17c1a31f7518b5f36d96d94f69d024d3f5427f4b138686d6d818c230f1e281b
rechiseled:cobblestone_inverted_dented_connecting	full	1	a95bbb6c30b394bd65590315a78c700db633a677d0e530cae1db635793b99c5c	a6c24fc8966c3db85aee5ca4ad793cb9c6f6851f8de76ddad98270765e52978d
rechiseled:cobblestone_inverted_dented_slab_connecting	slab	6	31bba7dee245b4df043115311c688a04b5483ad000d2f24b3a3ea0f0896937d2	b4a59b712fa455995dd0804280a9614270e51dad98e21d20e2bc4c0f2539826a
rechiseled:cobblestone_inverted_dented_stairs_connecting	stairs	80	6fa7ae423b7cf3b248577ef67a3e936461f34f8eafdd0e0b35f7f1cb5897bec3	f26d0ffbe2566d9a78c2ca1fc722e66aca370798721e47d9d3b46b35a84c849c
rechiseled:cobblestone_paving_connecting	full	1	80b63016274c97bfbeaca93eac61000c9f1c02ca6d6eda60a5df37df1588dec9	a13029ce6a393e7eaadae1811c06d4882da4483e4becd857a17355e28e686c82
rechiseled:cobblestone_paving_slab_connecting	slab	6	6618c71ef8e8daf4858ee43c6a3dc793d74e64866f6a11cb94499c8d4e448cfd	4d73e390afec55fca2971e4976f2da6b12e8d8adc968ffcee7056adebb387d63
rechiseled:cobblestone_paving_stairs_connecting	stairs	80	82626a70ca1961985031dc0a715c8baecf185458823ac46eafdb5dc7786f62d9	15f6d09fa03124ceac1fe8626c1608a72b189c1ab5b267ed3235c8a2eb11c7d3
rechiseled:cobblestone_pillar_connecting	axis	3	d19def8205d6477c523499921c190d4e457b961d450835c8be2e275d4cca82a5	0e4c899006d0c00cf3944e537148347db40751ea044bb3c798df3c2db1784303
rechiseled:cobblestone_pillar_slab_connecting	slab	6	6fef5627e1d5a20579cafc01f5eb5b0b1ec3b164b0d4271ccde54c7833d315c7	c7e19df78607594659e47554a19f5f367605aa8e37bbd1af1dd39b54c8919978
rechiseled:cobblestone_pillar_stairs_connecting	stairs	80	507ee9417f1610784539f46e5fad948d145d027f16b83bf3f87eec4d76716a89	569481f13835a31239f2589dbf52e0c237f1f87596b7c4b8846d4cc4645ddeeb
rechiseled:cobblestone_pulverized_connecting	full	1	76162caff4ec6cddeedd474806096a6f1f62a36a09af7de090096b6ab7963f6e	7fcab36aafa14d4f7b7865f9b064936747852e7a9a18d134fe4f2cc64afa9fec
rechiseled:cobblestone_pulverized_slab_connecting	slab	6	00f3afe1fcf59e5adbc361fb2aaf87299aa243feb903b32bcad0bdcb32aeae19	73fc233c59d69378269cbb0afcb146bee01ec4ea614f4656a5c29d582035fe49
rechiseled:cobblestone_pulverized_stairs_connecting	stairs	80	d4f934076b8e5d91225fb071bc4101d90a19dd963384d987c25a382bb07c18f3	13fd18d1019269b783c040f649d30f523a5164114c5d6f9360360ed63de9f07f
rechiseled:cobblestone_rotated_bricks_connecting	full	1	6bd81d9b8b41602e797d0943c2425e0bd7641431584c61eed9bf6d0604eaa904	17bfc26d8ed476a2a03e794a66bbf09e2a45486037157f8b42ff35740c1f4869
rechiseled:cobblestone_rotated_bricks_slab_connecting	slab	6	fc4631b57ef4722ab444f0216bc6ef2b174a89e36bf1c31e290c444c9d17abe1	52f5ebe3a451a61dd2970b217e507167661dd2c16c27ba68ce5ee6c7fabfd797
rechiseled:cobblestone_rotated_bricks_stairs_connecting	stairs	80	e5f3b7bd65960ff2b8816992cfec20e15e46be9f0c85479d061eaa826e72c792	b5bfd0d8d551d9b36c09cab2e2e18f638e28ab9a3bacb566f0c3f165048ec23d
rechiseled:cobblestone_small_tiles_connecting	full	1	c31517c50663c00dd04b67d2e03bec908bc864988b16505f3b386dd32e343c88	12df18b38598897093a1c1301a54fff056bd507f0165c35ad6e0b64d76ffff40
rechiseled:cobblestone_small_tiles_slab_connecting	slab	6	fce31ebb35743924cda89563da0885677e9b6456935ed5fb5c5cf464ac6c1693	6ff1b9d0d7d14b1feef3236cfc23a4eea1f8c34f839d6b75a93a2cc22bcc701d
rechiseled:cobblestone_small_tiles_stairs_connecting	stairs	80	1f4822113a17cb076ee1f085681521807fe6e9bbcecc5aa010e6cbc676918757	50dbc1933643f467c930f603a49560acb5e3ba450cf8b4b3721c55473c3af8ee
rechiseled:cobblestone_squares_connecting	full	1	5112675592fcc2559a7249939cbdb8205f46a88904b48017df86f05958ca8a1e	5cbf6bbbafdcbfa4c6103e76fef14dd587d1c1743d5da69fc7514a3e498ff8ff
rechiseled:cobblestone_squares_slab_connecting	slab	6	326183536e3abf39f2b4796f70d402f0d3071be5e882336f52dbfb9aef1ee00d	bdcea5878d906397c60d2fec7297503c3db7b2e8f8cf37d5e9798bb42b7c93f5
rechiseled:cobblestone_squares_stairs_connecting	stairs	80	b2699f9e712cc779a9fb25703a111d63c4a0bb15c1a9148c3be5513bddac04f9	9bc753fc49a3e283e06df5362a06465022c619aad7e28a66d5be41fe416c4121
rechiseled:cobblestone_stripes_connecting	full	1	5a8f127f9356b45a115b3bd5103c69b0ace811a465642af9311adf2c21faf9af	1e7d337a848a60a850339d9bede16527e96638ad513f306d04b2f54a36551949
rechiseled:cobblestone_stripes_slab_connecting	slab	6	de8978674ac5afbbe57237a5748da28e84bc05c196bef83f3ec049a492a6a3f5	bbfecf2b3cb8184b9f1e1c7d0daebc28bd7bfd77a24278f5efe5d572f0b72870
rechiseled:cobblestone_stripes_stairs_connecting	stairs	80	4ce3b5c9671f97d24d495bb597e0f5763fe4f6bb4cbf3bb64054b75248ff7973	1cdbef5f991598b7572b521a09ff5faf6bbe4f7d30e0f01e955a4ec3200dd374
rechiseled:cobblestone_tiles_connecting	full	1	b25d576559234e595bfd12fc47a4f886e6adfa6ba7555838b36ea5d9c5e96095	568d58fc9b7285c00a4dfe653b0e2fc414826cd61d33598bceb66303d64069ac
rechiseled:cobblestone_tiles_slab_connecting	slab	6	3444d28bc5d67a91ddb0d12e9d8287f7acc8665d75f55a5779c7196633bb21c9	75098d11eedec9cf3e33a77f2c4fbb7fa2ff7d883c3d3bfeb089b461ddd9cc06
rechiseled:cobblestone_tiles_stairs_connecting	stairs	80	37211c6c3756747e079394f417ceb710494ca16514b5d37685d9faccc6075565	fa390bd57d93e2e472aa3e1f0c7fc4f9d1ff12e8e000c7cef874c284c8ba52ec
rechiseled:cobblestone_worn_stripes_connecting	full	1	b8860e680b598ec7628b28b416ab76772c6cfe2cafa5a45ad7e39fe3f91db438	24d7f40619400d475765a299726cace7fb6b62f6412542cc923c93837fb771cc
rechiseled:cobblestone_worn_stripes_slab_connecting	slab	6	e9835fad0c971a74a063e3d83bbf8ae9534e44d5cd0176dbe343f25aef6b83b1	c5dc9fc8a73d61131b9521ef3de7d739e5350b4c9d977cc61ab8824b6a700fe1
rechiseled:cobblestone_worn_stripes_stairs_connecting	stairs	80	faba8e0038f79b2c42a7ebc161cb6049d99cf789c35315c305bfcdba2a0f5e41	319c541b16c9a69dcaea6ac0c9b70649a4c95f0e0c1c4d0dcaa40680e680a0c8
rechiseled:copper_block_bars_connecting	full	1	d41cc4fff181763d525c1c6bb3c0330b15e91bef2a855cfee05a52c41cee4c8e	a9377dcb112bf9251d09fa06e2f8c8dde8a01b75b0945aaaa8881ac871499a21
rechiseled:copper_block_bars_slab_connecting	slab	6	f2ebedbc552446bd3c16b27790a10babefd73f1c5d526d8c929516d2516bf73a	55606f0ab7f736f1a5dcb8e36aeb5f0f3d30d50703e04581ee82a6d5334c3b3c
rechiseled:copper_block_bars_stairs_connecting	stairs	80	238bc6e877b19504f3a0818ec80c9b62848ea95f7820d5ce119415868bf65db8	b33441eb303b069d3c25533ff1b15dffa2d547cf848efaa1f8b86f372635e39c
rechiseled:copper_block_circles_connecting	full	1	bf58a789d103f1586d8f11c1ab4ef1ba649afe0a4e69f8b6b225c7d9906d2268	dab3c70aaeebc21559086708c4795791814e0035fcfd46ad56ae28ce54beb5c9
rechiseled:copper_block_circles_slab_connecting	slab	6	db05bc18093d4175a56cd81f885da181bb071e35c2cac1d2af2b49b97cd7da19	e38b8747f555ba1f5158465df013b4699a948b46c8bbc1a8094c942e4de7d540
rechiseled:copper_block_circles_stairs_connecting	stairs	80	aad8c8dd05f90ae63699f1dbe2880358890c63aae28f9a8363d1d0a7a7992b1b	bd906c1fac07246b8d51a40970dac47d13688c023210d4e8d39c357461610c86
rechiseled:copper_block_gears_connecting	full	1	c5a5c16bed5a3d4cf4a09d8f0a51870c74639acf3f78d6e63c0f3d69cb83b718	6377e2b592bde377e7d7ccf986874292a99c08e38e2bba8cb402df79944e7554
rechiseled:copper_block_gears_slab_connecting	slab	6	fb12c6aa6ee2b2bda541259ef98f639f96cdfd7cd77795e618fc608ed609c215	0ed5a3f94bccde7052f932c75cbd2d900345974e5f10b94cd1f9fdc192dd524f
rechiseled:copper_block_gears_stairs_connecting	stairs	80	a59265b368c597c52977fa00995453a2d38b52d8411276936e2d8983bc0c8146	4f103175168d8b0e145cada49f23e85908a50344bf5350fb786873222126f3c6
rechiseled:copper_block_lines_connecting	full	1	92eebbe78b90121278a298ae757ff6052e52b7020d8e7e7a186e36ebee533fe5	c70df7c6521830cda2d1b9c253a7665589a00995be9df69c71e27738b368bea0
rechiseled:copper_block_lines_slab_connecting	slab	6	2fdc7cd94176e76d9a8175f230592b28f67e4960a641666ad3bc8c3c05cdc1c9	f1a0a26987eaf60605693070f537714c37a28d80f57ae44b7a1339dcdcb6c9fe
rechiseled:copper_block_lines_stairs_connecting	stairs	80	599edb74842da26b8b62746b8b6b5fc56e3dcf21e36c94d63349225e3cd3e982	f86272db1607a132e2dd0183b23cad386b27dcd434cacc49ad43db509a7363bc
rechiseled:copper_block_pattern_connecting	full	1	8f453f6442322ac61f9654dffba9d4e37911af3545abb3c6142eaebcd9e85ea5	af0fc8583d1186bf256c773f80ba6947721e027703f0769580db0320bb1f4736
rechiseled:copper_block_pattern_slab_connecting	slab	6	736df88d2878eb29a4c0033d94b84d4b4f884b7fde48766fc559934e4ad2387c	9867d4cec08f5f9f53e4b205e820e1838cfd9a8ea5339de1a83a9cca1d96c2d0
rechiseled:copper_block_pattern_stairs_connecting	stairs	80	fff4edb79460caa25a4fb0b782e918e30df00792be2dd49c28cd202bcd5ed900	4d4cc3a4e442a2e8d63b340094c8676bf9e9bddfd3e83cd524c2778d92588782
rechiseled:copper_block_pillar_connecting	axis	3	480266b6931a5eab9cae0b32811e39c41a61ec3ef5c6f8c0e15a00129ed70cdf	8c6dec8ce6424cf6ad314cbffacbe367cec33ded6a83eb34ec7e2aa19b200733
rechiseled:copper_block_pillar_slab_connecting	slab	6	51f6760eee6ba4b6abd02232a99ee58b93ed61e902ad6efc26671314d1dd5556	b76f2b87eaba3382fa1b7280f532bb87a15dbd8c7b51b6c80dbc9cf139aacaec
rechiseled:copper_block_pillar_stairs_connecting	stairs	80	0e2cfc835c317315a5b6051625a549de9fb3c374c5693e5c276669d787ecf7c8	0c657e54eb13fb2febae97934977631f03f7c4f120ae5ba281a06795870a1012
rechiseled:copper_block_polished_connecting	full	1	89146106a2899c88cb10958368eab7fb246cfd65a7268479cfe16f2c4373aaa8	d924639ed5b42e5a270a79c99eb75208e1d4f2ae79fcf0112c7cc8bd602c321e
rechiseled:copper_block_polished_slab_connecting	slab	6	34201c159fae33009d30eeae51e339753b0d681fd5b1b61998f691470a685926	dae4c37513faf4dbeae4af08d31a3025d70f651c2198c3c353fa4c8842f6340e
rechiseled:copper_block_polished_stairs_connecting	stairs	80	7c0b5246cb13759ec7d224a9599b2bdba631ea9cd0139ed6c10c608b8073af1d	d4fba63127c8acbfcace70c24a4ffa32fff3ed50be8fc1a3e3a4d431356150bf
rechiseled:copper_block_shafts_connecting	full	1	6831f03e7aa60e4b5326304e269ef920774efd0672e329d562c1c2f6bd96b7f2	6bdd3f89397edb5deecb8a582ad594d4dc518e6667ada922855a13655e8be837
rechiseled:copper_block_shafts_slab_connecting	slab	6	ba43b08d618f4296cc5b507dc4816b95ebeeca7e681ba3d7bc145d562446a657	e8ba5f8aabddb981075540cd57f8bbf442d59a15c7d958842be2337eb41a3f7f
rechiseled:copper_block_shafts_stairs_connecting	stairs	80	ca13299c92f1aed5671b041b5d9a9ee75a249eb989ee4babd2d09c208ca07f70	eb8859087d6d58f136534378ea7feeff1433e8faae02883f3ea54e3f202dcc1a
rechiseled:copper_block_small_bricks_connecting	full	1	7ac2316ece051e539447572fd2c4fdaff715544a0866479ef0c5ac39e1c35db1	92c63716143b1cb90741140b7cc5b23804c9256aab0951a8009f7cbf773e2982
rechiseled:copper_block_small_bricks_slab_connecting	slab	6	0cebfa0fd8cfc5c3e710f8914a16bd9c94a81dc591132656448c4273c944f97a	d9178bda459fbdfe3ca522a50cde26334b17a79bb00fe667a7e370d04c737c20
rechiseled:copper_block_small_bricks_stairs_connecting	stairs	80	e7a481fe8a8adaa53e29bec9e551a94c129b80d09d9357ab39334e0b998a13d8	a0434a757a7e94e2e448a3d7d08aa44af6f44ee059a2c925c7e68526768cbab4
rechiseled:crimson_planks_beams_connecting	full	1	523977e9c99bee55c46362ccb2fac014ce5beb41840021fff4efbacb8ac04327	cea9894786c9ede5e468c8d2bd6a657a6edb6590b8096a51fe7f273eb610365f
rechiseled:crimson_planks_beams_slab_connecting	slab	6	cc9a1ea44a5de55a871a4f0b643e624448a3548d9bf1f07edfb3970387339c8a	ad37fc77f5ff45472151b726f44b7306891824940ffcd4b6c8b97a76a6f1cbfa
rechiseled:crimson_planks_beams_stairs_connecting	stairs	80	6d74d80165b76df14fcd896942f46551ef93afedd646b02d1964e03b351e2d55	fd76ef8d843f9551c5e7a54e14027d708389f181606557b9426d4edb30bf2440
rechiseled:crimson_planks_brick_pattern_connecting	full	1	ce5e5dfa81b55010e5869cb2ad299be5b97d39aaafaa8d3debefff278bd4bebb	dc5fc2703ea4610ded285fcf18094e04b4afc0caef1467237388c45e4f850c4e
rechiseled:crimson_planks_brick_pattern_slab_connecting	slab	6	e6212e4113c7c648003f1e418e9c772e6a0a53806f387e521ba10686141e464d	1703027c10102a6a73cee71af349873cc6b35f31dc261957ade94d6492d3e96c
rechiseled:crimson_planks_brick_pattern_stairs_connecting	stairs	80	c519d11f48338a5e8ada401799e11c7c8bb3308679d6a25b2f4bff522fee534c	1b640133ebc0d19f54c29da746ff83b5b8de0b87bebbe2602d5e3b5e233bed72
rechiseled:crimson_planks_brick_paving_connecting	full	1	dafd57f9604924d86e016d7faa7df544c94583f17ce9eafc6bdd499414132117	3587bd5edb3e94263b34c130dd51b9899f900e88fe44d7acd65f61f5652fdcbe
rechiseled:crimson_planks_brick_paving_slab_connecting	slab	6	65ba5ca3e8a67b918ea73a8cbccf2213a423514e0ea8f66ca515f62e515c3598	09231bcf18b35f18fb7fcf149665c720069a471327c82ec0f05874652fc9c4fd
rechiseled:crimson_planks_brick_paving_stairs_connecting	stairs	80	15b8f2d8422c32a6601d9846fa6d6a5123733070cffbe4947c83a25f045f49ad	8e279c39abc2c8c517386845595e221b9e04d84e344b510d5e0094786f8cfef3
rechiseled:crimson_planks_bricks_connecting	full	1	c9dd43395517ed0b52762fb4c8b6c9883c484e7f0069d737ca7f7f9af747415c	48820e60521ad99a3843493a468b9a03462ff50eb2f9d2f7d18080d7f85ff5ec
rechiseled:crimson_planks_bricks_slab_connecting	slab	6	cd3edacda9f1f063a860978ffa6478fcf8efea9f049b1d98f4345fad1894110a	2507c46fd2a8cf5fc63637f3df93749a5177e51d230fb6b9f725e25944546646
rechiseled:crimson_planks_bricks_stairs_connecting	stairs	80	d1f074e0db436168788cc8225ee7908b8e79a88da3af5a763c7e6338af51cae0	7a0676befb2aa7204ebe583cb7d01fc7b02d6cf0187618cbfd31637f16491bec
rechiseled:crimson_planks_crate_connecting	full	1	99d040c38a1c5cb0e8f8861a9cadf28faf0f3dc7075c54c2b441c0048c50f25c	e988fbf29c1fb975951b96b0cb2f94d26676e1ab1408d117885be78ec42e470d
rechiseled:crimson_planks_crate_slab_connecting	slab	6	35115d36c833d1d6f3b55c70d33a12cdff45126214a12a01abe25baa8cc71e28	c57d1649a090a93cf8ec94b32f10daf63b255ffc7545e0aef95d12a2d7e56292
rechiseled:crimson_planks_crate_stairs_connecting	stairs	80	0e9e3652fbe59495753119354e9d1097992d7c27b845db616cfbf19d962cf6e8	6512f4635a09e9022297e9c73b628603a8aefd87d2a9b5d0fe796bb7e0fbd62f
rechiseled:crimson_planks_diagonal_stripes_connecting	full	1	d1cef9bf38ad532cd50ef715ccdce78544b2b47d3c94b4b3a6c2d986d9283b77	251faca19bcf20316a274cf300852b424e63c79f82a81d655f8570f3699dfb38
rechiseled:crimson_planks_diagonal_stripes_slab_connecting	slab	6	7fa47a7115df1a55ce0e7c897dc62f52e1e90fa98fbe6e49f4238b26ddbccfa5	d41f2106816b13993964f19d933ea541c9f3866085747a224bdc1f2a83dc00af
rechiseled:crimson_planks_diagonal_stripes_stairs_connecting	stairs	80	e7c33ea19f1ea1af3f58b68ccd642711513fe17880905420d20c58096e89a9ab	42d87029d10b1d3547898d14f10e89a94e7db676888590a68789646431dd56e1
rechiseled:crimson_planks_diagonal_tiles_connecting	full	1	7295c20b83222963bc4c6077179bef82589eb1bda561256312364745389e2c45	8d3939f47fac9135bdc81c290f0471bd0d965c5b841cb06456d3b93d73ed7553
rechiseled:crimson_planks_diagonal_tiles_slab_connecting	slab	6	3d3f53c12bde4afad226907da6e572592e78e0d9ef104edc5969a20d6bed683c	0e966531be28ae4e9fd00ad2f6a3b005f73a9d2c1b4e3120b37825c217ce6073
rechiseled:crimson_planks_diagonal_tiles_stairs_connecting	stairs	80	84a8ab7ac41587c7d7a3b51271ed4abb7cd0937dccf26cfcbcff47aacac174fc	84046290e24dc404c50d3da7f5f48acfa85ff4156d81f4cd080dabaef5f0f43e
rechiseled:crimson_planks_dotted_connecting	full	1	67528312c0dbbe3183bc68be910d7f9cb457065aa8c220331964a9338394acab	dbc8ca52c6b01f84e6518988b9cb784eedd16b338bd4f9b353ff6ea647c6dc22
rechiseled:crimson_planks_dotted_slab_connecting	slab	6	65275c60abe9d6206d0b4b6aa863f6581027dad9380d726a09c22dd36481399d	05537e622cb8558e13cfad1cc249790cae0375539b4c25a9125035e972a5c4db
rechiseled:crimson_planks_dotted_stairs_connecting	stairs	80	8eb872e695111cebbacd7e51a06e0e530ec024c7ba0055476cfa479d89cec229	fa2a0346af708dd0949dbe9d778eb26c197f534e38dbe6df4b8c55ad18bda5b0
rechiseled:crimson_planks_flooring_connecting	full	1	acf6a6020b7c92bb1e60e41b2d910fba2b1dee8bf3af4b7ff9afda03614a13ca	75fab94d3031bb36b40db114e88375868725d6e9aea2bb99c08fa3fedc272686
rechiseled:crimson_planks_flooring_slab_connecting	slab	6	951cbbb9985a504e4cfd2b940829f0d29c0098ba8e80c97e6876294ec98375cd	7ce1abec6226d2ea2a48e0a7260117902036eede6e5b51737c9275877a0af49b
rechiseled:crimson_planks_flooring_stairs_connecting	stairs	80	454ea644ea724d22ec426730fa363f6a752838a3ddf3d715beeecbdf503d9b72	22a189e1a360ffbb0cbc2981ed4605260007d4bc9ed10cf48c3a1c58783c86ff
rechiseled:crimson_planks_large_tiles_connecting	full	1	f3fcc438ab9b8034fc89c83dcfc1e3c2b10aadde737a97b208cc9c192bbbd292	f35b280a7e76d4d0a3d6a61388e4058234c3029b3d705549946dfb5c0fbbd62b
rechiseled:crimson_planks_large_tiles_slab_connecting	slab	6	bf2c57036b62022dd21383008ae418c875491a8a09fe80d40f76c95b70d22b27	b13f524085eef987682973306c6fcfe1e696997935c20153f7cc5890ea91faed
rechiseled:crimson_planks_large_tiles_stairs_connecting	stairs	80	c697543743955fba6b65221541d5c18f4546786da5c2eb68890483f3f3fac2cd	6f80e6efe2157d65bcb0554f1bde8b24e04f9c29af748a456df9e2788422f19a
rechiseled:crimson_planks_pattern_connecting	full	1	f0ff5b521fbba20b01c28dcf20168d25df6e6d5ebd223e44f115ecf4d516863c	d3acc94cd707b95b3c76a7106f311500755f89246cf97514a01986cd284ce9fc
rechiseled:crimson_planks_pattern_slab_connecting	slab	6	2459c26be36bfe8f876cc3e2f661ad0a28f870ae1d6c1aa64f4e3f6fe074c139	5b1f441b04a8655d60d192f59377419fcc903d23100809a72735809bdb6e301e
rechiseled:crimson_planks_pattern_stairs_connecting	stairs	80	018015ae38192c5567adee597dbb286c25e920fcdff444b9bf9acfd42b233cd1	5228fdcc377c666962210736db008243ef94305983771e7c3b955551f91de2a3
rechiseled:crimson_planks_rotated_bricks_connecting	full	1	b6bd94e28418dcf8e4c7f2185a1926bb3f03b923b6c326a4a1314d7848f47d69	75327afceba532e6c1f6012649b2d029d5c5d11499eaa071754d6f2cc452c518
rechiseled:crimson_planks_rotated_bricks_slab_connecting	slab	6	c1c60f8d0299422221aafabf536d4e6aab6873ca028d24b3de0410e3581bb6b8	8494039e8de6f8379aff48a070062499c41c21768396449e674ec1ee0b118ae7
rechiseled:crimson_planks_rotated_bricks_stairs_connecting	stairs	80	f5c77c939406b3410655d8d40a872a67cf8a309b9a1201f70169905ac25e7f4f	4d8770de0bc74db39e401853dee0eb321400eac3d748cd6953c76ebd5c88c028
rechiseled:crimson_planks_small_bricks_connecting	full	1	a6befb3acbbc31cedebe3f2ccba2b581e361cacf30cb461140c5f03a790f4137	4d6e309f834f297bc39fdcbb7908a1e7c74fb62dae4187213af266992e1797ea
rechiseled:crimson_planks_small_bricks_slab_connecting	slab	6	04b95f6d4e31dd75e44b54bd497c581a87f56a59b678eeb95397fd551f985bf9	1c5b4d3f32eba8439b566ec727cb945675c4759802b77119e72ad9d8a958849c
rechiseled:crimson_planks_small_bricks_stairs_connecting	stairs	80	c6138c39d6e91416193cf8877e5bd13565d40b0be496633bba1c29e4bdd9f9cc	4589198164c0c74ad6682846f2d4bab04ec7d7e09769ecd129133d2fea3bda9e
rechiseled:crimson_planks_small_tiles_connecting	full	1	66a4ef64c75eeb2aa0ac482f2925b21b451e28706e9736b8557bbc3e28f14a7f	5026780eb7e64074c077d37e522c92da6543e15d9daa7027a817158b179e5e0e
rechiseled:crimson_planks_small_tiles_slab_connecting	slab	6	3fb0b255998c97fdc531f7189b85c2734085583095fcdca1eaaf7d734ffa3813	e65d543646850b328aca22fe64bfd81d40f015ac1886bb24a6a6ff36c6cefd9b
rechiseled:crimson_planks_small_tiles_stairs_connecting	stairs	80	6a397589fd1c55eaa9aafadb6b72c6fa5a95e8508f57272ecd0b2dc5d2a9afad	c93ab9b9a9c2adb361175d9d7fa281c1da190efa8421314321b944ceadfa3fe3
rechiseled:crimson_planks_squares_connecting	full	1	6ccaba0dc6aec159112071dc2f42c1aa13aebbd4a95a78ff046b5e492bb5c9ac	a8aa710a2143b35cdaa39b316c197e557147ccbb86a3248f3b3f24e58843b7ea
rechiseled:crimson_planks_squares_slab_connecting	slab	6	bdf56b6412c54536baffb5fabffd32bc0d122ef9f7d1b42467fec8a267c47697	298ac9802816bb6eee6df06e48eb22c77917eb23b61d6e5e095858a14b0bf546
rechiseled:crimson_planks_squares_stairs_connecting	stairs	80	1b016d360f58c9da5fc5e9f3a51cfa1f99493c48d856005588ec872dd195624c	6ef3492a840ea2398094b60ef1619d34b9da38d725665d837c739eca71326ca3
rechiseled:crimson_planks_tiles_connecting	full	1	9b3d47ae1e395c01859af59b70b87c283b6e68ed590e72707becd6b2efebfd55	72b172c46f04ec90a598da1f05be03ee32a8bf7dfb1b25d1d0fa975ff4403fa1
rechiseled:crimson_planks_tiles_slab_connecting	slab	6	bd93d56e54505e27cf5f77e8a2d483a465fa72601ffd09cb97cbe81b64091646	4cded81f9e32f66564da67adaebfa07b27ecfb1f7aa5f1574cd0bcb0fd067a7d
rechiseled:crimson_planks_tiles_stairs_connecting	stairs	80	eb1acaf14d56a760a38f2bc0f18f3bc5583619511299d997e0cf08d2b1b72527	025ea1676ae6170460676bc901937bb5c3e29db3a13791a305c9e1b2fa50cc0d
rechiseled:crimson_planks_wavy_connecting	full	1	17f3734d6a1151eb1b9cfdfaa927ca4c26e8b728c4cd860910bf758542e8eab3	827192f78e5b2c9ccd73a10428a42190568f29e0a13b5bf7da9de3ae1406a097
rechiseled:crimson_planks_wavy_slab_connecting	slab	6	677820d12e3733f8169fe8affe44f1984cca5f8f19fd658ee0548327c18de67a	c1d2b3f415f305ecd3b3c6ad58ccdd281e2e5c684afc91da64065f85b284e196
rechiseled:crimson_planks_wavy_stairs_connecting	stairs	80	264f2da4bdee43f087f346a659d111fbf2518577b4d7fa5fcb9dbec72f20d5be	36d34e7a189dbb725f2794be18eae0e1d0009490fa7ed91369629c582baee073
rechiseled:crimson_planks_woven_connecting	full	1	10396adcdb13a243f0595edf544b3c542546be5f285f026f89f3a5ac1c80aaa4	827d1c2d70369cb490af580ca02214f2b71995c8280496f9f05b79c7f3e0bab4
rechiseled:crimson_planks_woven_slab_connecting	slab	6	0e4af53386e0a8ff6518375ab90ef6417bf05724d30e01c0b59f5bcc74609848	90219f5faed91681ccaf96e4d5f610d294055954b2231f99aa5aa0285aa9d901
rechiseled:crimson_planks_woven_stairs_connecting	stairs	80	6510da068d9293ba107e789fddf1a20b914fc7b4855543394d50e24ba9e70653	b89ed9b255da5c7076cbc4f01115b4ff4bd008defb65a444175c65b72eb37d95
rechiseled:dark_oak_planks_beams_connecting	full	1	f86435afb89d8193d4adc949bc6c8fee520383fc9254647f92062a96268073f3	b490bbca244edc27e2067719bd447732711f88289b8ea9a3ca85d5558bfaab27
rechiseled:dark_oak_planks_beams_slab_connecting	slab	6	c7118e8c828132cb79044f165b0236981bbbd7259e2656800b64e3ddbd130f5a	35bb822dea6d320f410a4d6d62460f27b7ad82b0ed39397f2613093886137580
rechiseled:dark_oak_planks_beams_stairs_connecting	stairs	80	9908a4a10bfb63da78a93278882452b8b0d2d612e450dfb8b3310aa1ad9953e3	115bd54172921121f173329f8ed89c99729a7619c0050b090225002a32bf4ceb
rechiseled:dark_oak_planks_brick_pattern_connecting	full	1	a2391129610f82707dbd0e2607808e9b92ab7cd2b68888d9ae0b4b941b62b4ba	7f6ad312eb9970b54b11d283b6f7f30ac6717463401c12e91aff362570d1a483
rechiseled:dark_oak_planks_brick_pattern_slab_connecting	slab	6	ffd6391b8667bcec42f3d99e3be68b3e9212a63c8c01a49c49d0201fd73b7ee5	1d08e6af4e8c108f35a268ad7545e8632fa657f868d24a2800837e5494764a67
rechiseled:dark_oak_planks_brick_pattern_stairs_connecting	stairs	80	d9515a1156145bf4e6b2ab1d6ca36c603e912da619c72bdfbd30cdc909f56c1b	b93864e47c347aeb5ce0913140808fd300570e8bba96abb391ca4292c8390fc3
rechiseled:dark_oak_planks_brick_paving_connecting	full	1	ad714dce45688f30db04cb9cc9fc84458accc256659a82c86a2ad3483ef7c074	02047e5ab04b20b4a2de30f1a0ed312fa5d1504760cb19cc753398ba87985e5e
rechiseled:dark_oak_planks_brick_paving_slab_connecting	slab	6	a2ccd0aac91b7bd987f98eee13642cdcc2bfaff6e87ac6956bb544c491a6b74d	81fc8c9dc5ef6fd7ca6a2a51263320f3faacb71dce5f77f161ded8126ee2c66b
rechiseled:dark_oak_planks_brick_paving_stairs_connecting	stairs	80	bdfa2d40ba574485a2382690d70650862fb70a659fcc90d829910e08fe3e9ae4	b5658ddc5d7005aaa4f3435bae4d33de0dc26d6f2281641c3985a939aa594941
rechiseled:dark_oak_planks_bricks_connecting	full	1	558618ecc5569d35bfc23e3045a38c03397b5e5ca8625d53dea266c26e7bf9d4	279f787fe68570baaa84bafe6b73291ba32082c2e2361be19143ecfb03a00718
rechiseled:dark_oak_planks_bricks_slab_connecting	slab	6	765155c587ac7130fa87744355615593c079cb3f368d50b29df53a8961673e5c	eafd5fd209ecc58c6b6d9e469c47c2c7c0cfed4d3c6b8c25da0e2ad8ca0a9cc2
rechiseled:dark_oak_planks_bricks_stairs_connecting	stairs	80	b1f486166f6d100360bfdba7268b07897bcadb8963ad9f1b8ad5378269b6b88f	8080e296c63330e79c5678311e89bebf844b7899b690ea4f84fb89a48e48695a
rechiseled:dark_oak_planks_crate_connecting	full	1	95d4dea41c74482262dfd5c9f32db80bdf3b6eef153de6b3323242f9bdbf95bc	7dd06e832f61809a7285c7927ddbe159a69f18fa66554e08e281596e9e196dc1
rechiseled:dark_oak_planks_crate_slab_connecting	slab	6	35d37f50e15a0d70398fc44dc579401dd586ce79449447aaf44436780c6a45a8	091605bd37721a3f040079029468e53d68c80eff0d01dc2aac9c09b5de81aa0d
rechiseled:dark_oak_planks_crate_stairs_connecting	stairs	80	6e5f74f786d8853fb6b3d3ca4fd41c289a78dae61056557d1aa5e0c4180a3bf3	e7c977eef6531340ebfb6ccff483becced5b1d4a7c42bcaed090af476f229ceb
rechiseled:dark_oak_planks_diagonal_stripes_connecting	full	1	c8f676b355de79dd192a168381c90b68436987e2f28315c95775b95334ed214d	11f06be55caed085903550b3a5386f0619992a32ba93eed57a1491ef60cfcae5
rechiseled:dark_oak_planks_diagonal_stripes_slab_connecting	slab	6	f781628f9853c4ea72eade5461e311f3962a890401995afbff6bbd2e4700bca0	1163f78dce95c57809f9bca73371c59fb53893687fe97a7a91a3c0fd9893761b
rechiseled:dark_oak_planks_diagonal_stripes_stairs_connecting	stairs	80	dbb67cc6b06eabe3fa04796e46bc2c8d333b15f5cc57175bee116f2e2ecf334e	f0f6a89427351d76deebf085ec7ec9e1d5d7d7a84f255560b452f0c927acda65
rechiseled:dark_oak_planks_diagonal_tiles_connecting	full	1	1194fb87fc17760b9295209196762a88b2faf15ece6580ac0ef1c796b38d359a	7def0299324177c10da7c9ffea266f43d618d6631df22761a6a4a977b7e8b500
rechiseled:dark_oak_planks_diagonal_tiles_slab_connecting	slab	6	c4cb6784cb2930bdae210c43efa796f0703af6ea71df45e39900d25fc6e38abe	54d18a18de099ca67eee67206a1703fd61c7ecd64e675e98bf06eed8f7813317
rechiseled:dark_oak_planks_diagonal_tiles_stairs_connecting	stairs	80	ee65f5108ee54eac3fe91dd72a0c760b35ac5976e9d32f1c3828e1bde964af59	2537b7bba40588669aeb41d77da23ac9145e31c08dd1531a41086445ee276705
rechiseled:dark_oak_planks_dotted_connecting	full	1	00a6f00f9b25dc0e0bee6a24e0faaf140dd30dbf7031d5f291f1995d508d19bb	b8f83a8afb68f2b4cb58284c1fd58e03ebd68b278afb6ce5a88f38f475f5e3a6
rechiseled:dark_oak_planks_dotted_slab_connecting	slab	6	2862f184cc903394e879c0040498eeca935e8c46e1c4f73baf84b866988ae26d	249fa7243bcc7c3652ee71194bcdfd12fad63d24bec741528f378ccf7f6288de
rechiseled:dark_oak_planks_dotted_stairs_connecting	stairs	80	beadbd75bcbc7515b3bfde2a776d7fc730bbfac63114dbfea36f4d50365e405b	2126bf4473d19ba4a1ba6bceb4e068bbfb1d12ee9df40701a3c4624cba02b848
rechiseled:dark_oak_planks_flooring_connecting	full	1	c99f8e5cf18309ab0e6a115b26e91b3be63772362d9a7902b827ec1858114965	a7732065013c5b755f84d3b5449603e79274986efe7cb913691cec2d9a2ab42e
rechiseled:dark_oak_planks_flooring_slab_connecting	slab	6	5e1fbf0d7d81327999bcd125459c795a0ed848b309563220017803df8cea1df2	b45613109683088b629a69901621b9bdd896124b4f2eb1f56765daefe7d90e9f
rechiseled:dark_oak_planks_flooring_stairs_connecting	stairs	80	ab5ade2e718b1b42b8c146e14c761a60b94b706c2ef2827750e70007837d531d	5970b33a35da851d750a37c7bb948b9ba636285c6e69136b6859888ea1119b2c
rechiseled:dark_oak_planks_large_tiles_connecting	full	1	d76f6ce6e0be5ba0f9eaa62ab5b033caec43a1cc99c3535d8c36ea701ffd4a19	0535dcd45a8b5c77d4ac741e49f53a991de37bf659885a46aed75abb17c70304
rechiseled:dark_oak_planks_large_tiles_slab_connecting	slab	6	90a7c4471e6acd8be6b9cb57346489bf109203181e6b6700b827da33990d4d45	3508536483c9e0481920a208e8b26666c83e04c56d4a997ca880bef5ac2dc9ba
rechiseled:dark_oak_planks_large_tiles_stairs_connecting	stairs	80	a32765850aafce5fd9a6ed5fa52069de42d2ca08fc0898c3f0d2887b1f10ac4e	f63d4dc246233a0f88f6c479e9164141e01ad188e4f9956b2e06ccce8ed93428
rechiseled:dark_oak_planks_pattern_connecting	full	1	f3929b06073b500322667a27d2f5450b7593641ff7e0f4ba24129080a1ba1eff	931b39c5e15c8df7fc430412820b367881697ddea5067a10e6c4fd5f83d0efb9
rechiseled:dark_oak_planks_pattern_slab_connecting	slab	6	7bdf7f162b4872def805e718301a79245244179cb13daaecb03e35579df5cb28	80f297e05403c6f5ef4c9e5516e32ef2a89a4c068e6fef0cecdf20e802130a7f
rechiseled:dark_oak_planks_pattern_stairs_connecting	stairs	80	560c8fe1e20902979635dee7da9a3525f814f8845be067f52ad94b21f4bd3997	f80289e66733689312ea42c9999450443519bf499ca08a49ef5368f9afa6c618
rechiseled:dark_oak_planks_rotated_bricks_connecting	full	1	7e55de4dbe3555adaf8e84659ffef28af306a9238bdd88b7e9aca5dbf468efdc	216f9424e5c96e8fea8745cfdb80b5d157ded271187056bf69b66ed1f0ccd36c
rechiseled:dark_oak_planks_rotated_bricks_slab_connecting	slab	6	8c1445e08037ebbfb17aa88812b84104e3364c44051937b26fd34dbfa2ebd4d3	3f0e3096fc72e7c4b4cc990783cfa6e878648f2d17bb297144ac2656667de8c8
rechiseled:dark_oak_planks_rotated_bricks_stairs_connecting	stairs	80	3ef96d615ca0253f886530b34bfaa716b338dc1d276464c21d896cc8860b3e74	a8e0d60f4b8cfb6543363d61a605f893b23f8fa7c992c3d11f061972dac3d20a
rechiseled:dark_oak_planks_small_bricks_connecting	full	1	1086e1d6554d095a6d389a0d539bc9c7f468def6609abe9bd07f6c38d0d8379b	e0ce89fc0e695dd46938f8fde748f9c0789ed81570839011d3e9c8f3896eb308
rechiseled:dark_oak_planks_small_bricks_slab_connecting	slab	6	c0d5d4877e5158a7925a282f942e894e444e01b579667c8908913b0068d47648	7ad46ec3601e9fb0687314e10df417f332261d5bddc8d97450048f9fb53ab988
rechiseled:dark_oak_planks_small_bricks_stairs_connecting	stairs	80	03b706c638c4e5a0576fd5abc26f6fe429ca1ce72307d80e4c8e4e71d7744dba	54f4944cb1cef6fb989e23e52fb8f10210831dad9d9c0f664208495b6a3b9b39
rechiseled:dark_oak_planks_small_tiles_connecting	full	1	0ee1635bf7938832576e9cb6938f43912970ee6b26e1a6296591c253fbe6c41b	8239fbce9e3cd8634cc829175e90f32b5c92ae7975591912ad701b16a8099f4c
rechiseled:dark_oak_planks_small_tiles_slab_connecting	slab	6	d208f4596a0431cc4d3cbd6896ad6785d086fd5ac2569912eae87f0b192e0ffd	9f0019153bab65b254bcfb1f45ab7b162aa2a76928f9b3d3c98cbce2dcffeb57
rechiseled:dark_oak_planks_small_tiles_stairs_connecting	stairs	80	01364429a30bc4e4808ead027abbb7645cce2be97893df84aec4013ccd268716	76ccae5e72b5e502671e08f31ff5d66b48ba5e2ca4a332ed730a8c0c96e7e16f
rechiseled:dark_oak_planks_squares_connecting	full	1	fb4d30461ef21f1a57c0b1a04a77982444914ac1081e9423fd38d9f0e5180ceb	028b1d9a0aacc7bad8212589550af1f6accad54d91734f4ad593adcb27a5a3f1
rechiseled:dark_oak_planks_squares_slab_connecting	slab	6	21cf4b642ebe03f30545b633d454c4fc7e0e736a545926ed0e37b60f069a5a29	32f156481ed69de2838038815187ef7940cf32874ef3d0569f4f76aa918ad36c
rechiseled:dark_oak_planks_squares_stairs_connecting	stairs	80	be35ec139b485d09f74a4c8b206bbdd560c287c1752dc711f47ddd062c5741e4	245e1a7b57c6af162e9cde8a6e3018b34d278e5ed49ca97e442411ec225f1e82
rechiseled:dark_oak_planks_tiles_connecting	full	1	f09f63239f51fb681eb5d4f32073bb78ae257b5134bea51ac3969c7189e44dfb	735cdcdab605c29fb661e0569e98eb2e928a47b1af4c5653a67802a01069a8e0
rechiseled:dark_oak_planks_tiles_slab_connecting	slab	6	8686dcbf5c953b77f6d856cfe9644e2be3d645b05256050cbbae8615b0ca429c	a87052f4603c3b006e4d884b7d57d17d768a0fdaaa8fea1fc0853add1babd48e
rechiseled:dark_oak_planks_tiles_stairs_connecting	stairs	80	91d7587eb16b883259d97c2fc162862e412c4e0a55c0e1c4cb56adb989063259	8ee68b5f5d552a60c4cd2b4a17d76d909ee8f580ecf6f6183ebfc58119499eaf
rechiseled:dark_oak_planks_wavy_connecting	full	1	0a0cdf235902eb19bd44bcb062aeeded17c98fab199a8b963967247d0565a124	6b107bad9026c2b2a481251c1945b71422443373db4cb3acbe8a7f5cf7f71abf
rechiseled:dark_oak_planks_wavy_slab_connecting	slab	6	946cba7d70591baf7864909b6c533f8cf097543111fef82c8a68350c3dcc8a2b	8f082d4041a65fd01eb2f85c4a0f90ced1bb6b6e6dda57e730eae6c8d25a587f
rechiseled:dark_oak_planks_wavy_stairs_connecting	stairs	80	34f1371022ca6b4d11f851b4f0c66696b5a79ddb99088c95198649d0f659e798	d54d9c5f8949c875ef3fe8ed99adb35489d2c5e70d0f6e3e875bbb29b8522e05
rechiseled:dark_oak_planks_woven_connecting	full	1	0a26a5d7499f8e9004df9bd4555afb56034e093a8d08f13a380d2fd890b0b07f	a7341bc2d67af7e33ed4062ea8e1678c5e0ec976c2b0ae5ea269a2b189a66c7e
rechiseled:dark_oak_planks_woven_slab_connecting	slab	6	47f9da15a56dc88d6d3a9617e14773b3a139b6566f5fa5810d38378cb1af9459	39f9524957d5df3eb4c4fcc3611d76693c121ad8660efe77a759a0c3ea2a7d0b
rechiseled:dark_oak_planks_woven_stairs_connecting	stairs	80	046513692ef5951913311c533c4f7791df00a5b8b4dc3c3fc83cb50d4992c3cb	69a750f0694e798b9d0e57f51e0639f5e0fb8247a6fc63dc5bfdf3f4096b416d
rechiseled:dark_prismarine_beams_connecting	full	1	79151edd5e15177d5c68a5499ab06f48c6aa64bc4a366a2d8d98ac7782713894	b7ef38ae8bda6c77ee402bae12feae83f5e3449b898c0b8c46ef13bf8503100e
rechiseled:dark_prismarine_beams_slab_connecting	slab	6	58466c2c5690a289317ebbcc7067d2878563183529c1569a686337e75a7148e2	f861d95e87424552b1d75c2a9d41d461bc2540ca63b3bc641380c4c8824f946a
rechiseled:dark_prismarine_beams_stairs_connecting	stairs	80	5bf1e807c1e20f1c78428e7d5aaae77c1b2cdf73343864d308b27dc031f15351	4a8a8356f5ece246a30d71b9b64894af6b1a195c1876a8dd4e0d07c13a94f749
rechiseled:dark_prismarine_brick_paving_connecting	full	1	36228a1ccf3f66aab4cd9edc5f78aab49982590596a97a060d7de35ca1fc6a69	cd55d1925aeb363b0b9b92771ed693579de4e0cbe3cae90708daf10a86060e45
rechiseled:dark_prismarine_brick_paving_slab_connecting	slab	6	d2eaaca40b919e524445b3380d7b77450b38e831c9b8a237be1e3b06492d9c66	f2f93a8ceb90e3b83f061519375b04a691f0e9af550e9de1cd0a88307d3520e9
rechiseled:dark_prismarine_brick_paving_stairs_connecting	stairs	80	ea9d40d7141c71f5359777beaff973aaf36eb44c7669ec93b09c2087b2278775	4d3c961a431e422241e770302b9179b6b59dc0771d3c16b086047afb81a650b9
rechiseled:dark_prismarine_bricks_connecting	full	1	148dcd4d913c460f4f72e9d765405d8e51aff92da8d760335f44bf8efc57efb0	839471841dccb54beb35f830b79f2c283b49ab5e7e1901b13c2a790d535d090b
rechiseled:dark_prismarine_bricks_slab_connecting	slab	6	7c5e3f9bea937aa271e127708915d408c69e69edfae98c104df9ea7d79374582	cf618c343d2ca0ff08e25f9c9e4ce48824da50b371063d4a983131fac2035cc6
rechiseled:dark_prismarine_bricks_stairs_connecting	stairs	80	723f480a7f31d2a84ff213af1d708ba3ad5f8330557ba4d5bf1239fae5263523	513d56f44bc0dae0b88193b6ec0c37eccce811eef3783b0835ebe3a95ed8aa48
rechiseled:dark_prismarine_dotted_connecting	full	1	ed3ff3d3869f33a2aff060243cb981317b649588f093a559051e504b8556f6ed	3c832da5266ca83c415fb09675418cd05e0014ba6c9861aee9b2248e4c9a0a62
rechiseled:dark_prismarine_dotted_slab_connecting	slab	6	5628b87e606078437e37c204231d70fa7db21e781ec77ae5d2a66c8ec5811af4	f243cb4de837b87f43bb094b6a1f9cf94c3e58667fa9b4ad8783ab56814201bf
rechiseled:dark_prismarine_dotted_stairs_connecting	stairs	80	829bdcec6479bc69fd66c2777ce7963fce8b7bb3aa638ec731d08e933cbf7ae3	84372fe827a5f1270983258db7796b83ef3142cd9434715e7a67ade063df640d
rechiseled:dark_prismarine_fabric_connecting	full	1	b18e220730643a83948a346024a50dae41e5aba1ac517f827057c35f7197b0f7	637ef107e468430b178bdb5eda89b1293dba81fbe1fc85adc7adde7440275697
rechiseled:dark_prismarine_fabric_slab_connecting	slab	6	5f2c78eafbb329da1e26285bbae97901ba1048b584ef5b041e43fbf71c87bdc7	f9b8609b7fa50173d8b7d85177a41e9c80d61d1bd952da5e2d0a8e216b3c7820
rechiseled:dark_prismarine_fabric_stairs_connecting	stairs	80	2e4ed72450080f8bf8eab91be0f649f25c1bf335dcc2a89b54a49dff39f686f3	22c3f8af2de33550bdb8838c6c52afdd6f7f1a30d1a5f0115ccf63006bf7bd4e
rechiseled:dark_prismarine_large_tiles_connecting	full	1	b9675ff556866683660861ce9a92fba69e1930c0fb25a6f235107048d52bee39	b9a6807968e61456eeaa322a0da12bd5bb90f0730c769c2cc91ed08a220cc3b3
rechiseled:dark_prismarine_large_tiles_slab_connecting	slab	6	a9561594a9508ea09387fae8e05859204cd5c84f8f8c06240482ef27d51de8db	29baed038eef6caab4eefdb128236751d631daf9fdeecb517500ce3059dfaf2e
rechiseled:dark_prismarine_large_tiles_stairs_connecting	stairs	80	947e8fb3aacfded0f52b4b8e4ef340f324130966f306757d91367a8e36d22ca5	7c355ea62f85e64e92ce531eda976126c6944093880712909bf37b97efba3c83
rechiseled:dark_prismarine_rotated_bricks_connecting	full	1	969efaba6083e6390f9beb7e8e335f15d6ba929f47b2f7569eb5046981a8f1d6	1969cdc45b04567fc4dd6108e86e08c3a7cb9880fd457911115b851e74754ea2
rechiseled:dark_prismarine_rotated_bricks_slab_connecting	slab	6	a1438b20d7af4c53ec26053b53af02c444506b20f2fb4b66daf29d571d615573	f9a534b679f24544a60872fd40610592f0b03699fd667044611bb19842ca468a
rechiseled:dark_prismarine_rotated_bricks_stairs_connecting	stairs	80	457cc1205c41d8ef25ca643be2a9e055fd7ad94c536a172ebd2a5ad9f794c7d3	bde6de08193a226503a04aa1d118a68a1de6057ae9493e9e6ece2abdaa9e376a
rechiseled:dark_prismarine_rows_connecting	full	1	445b210f1a8d56e06bb945519cf075491c5620be20ea3187158735f091af81f5	21ae80db050f68f8ce06b327ed5c65d145af8a7a261e1673c2f685d2e28c8a96
rechiseled:dark_prismarine_rows_slab_connecting	slab	6	33f330d015062476bd784ce6641d3fde98165b6b0bcc78a63769de5afae12eb9	cabe6fc9bf3e5861a249da7b7c3a13a402ccb29f8d21ba98313957eef5ed3793
rechiseled:dark_prismarine_rows_stairs_connecting	stairs	80	0d6bc15bbea3849c9e3ac8529d88301a83eef589b00b5497a4d67bc03b3c8517	2c5bf55648682b703c95ac7861a80b2dfa17160e12f7e1f550cb49d2f87f9554
rechiseled:dark_prismarine_squares_connecting	full	1	4b2e7dbcb77079a29ae5329e71bf3e0b357ee056cb3e6e8a0cb3958367de3d71	f3eb64df4079931a37351f1f035086fef417d27c44bcaa7c4b0b6d42f4262cfd
rechiseled:dark_prismarine_squares_slab_connecting	slab	6	699c7e1622f7639c41525f1ca6a2430a4255ff00258835074d06d3a19e4c4844	f76800945cc4ef693a3c5a43eb3ce85389ca7b96a2b688ab2b175fe9cd38694f
rechiseled:dark_prismarine_squares_stairs_connecting	stairs	80	e06daa3b4a805695f7bbc8c2da05857f16615e57e78f85b0d6e3f160f2147295	afa22cbe4d352571deaa1f21d1950b530b4528802bb74135560ce0c9ac50f024
rechiseled:dark_prismarine_tiles_connecting	full	1	f5ce5480d7a0111a83335b7fd69f18555d074938d775449450f386bec4303547	0e6ed1198ce1c3dd80935e8f2c8060beef5e0e79670875d8d72baf8259b48c37
rechiseled:dark_prismarine_tiles_slab_connecting	slab	6	87a1f2c4e7a9a2ac808ffbe3ddf457ea0ceb730cfeb8e5a577f4c941889adb97	cab261da95b289c025fa0ef8cc4095f446ef0793748e48744fd633455613f1f6
rechiseled:dark_prismarine_tiles_stairs_connecting	stairs	80	095710e6fc9a41bfd1cfb7b8144bec11f4f15bb2ceecc404831cb762d27db65d	20ca1a779de87f8fcae722a63a9f0ce7ef067013a9ee3ab034dfd1633aef44a1
rechiseled:dark_prismarine_wavy_connecting	full	1	8a6c0d5090bc6dcaba869e5471cb49724380735918e0d0a84a9ff4764a58feee	5742b9ab7502de365ca19638c4879b3f6e405a5f7b45d31425f8e7d2be68d819
rechiseled:dark_prismarine_wavy_slab_connecting	slab	6	09cac22c2df9e16bb3dd24eec211267516865722714b5fdab597b7ee2e3975bd	4b5ba81b1a7cbc718a565b2bcb4528469dc8e9e84c6f4b5632a556a82a3e58c6
rechiseled:dark_prismarine_wavy_stairs_connecting	stairs	80	c7a9c48d6a678415e240b963ef32eaa6c10e43ee1bc76572e09b6eea595bc473	2f9ed262bdedc834bcbad1f3f9dac3924aa361e1f81b97aa834abe36da599bcf
rechiseled:dark_prismarine_woven_connecting	full	1	d18f8ea2d54c19cb9f5db1155c8494ddab8d6848a531e6d3fb5f5a18db75ef69	a1e33530b8b69ca21b96492283f8bf9a1c8fb27be36efaadaae7b787d1432e52
rechiseled:dark_prismarine_woven_slab_connecting	slab	6	dd35f8e3992757e291f6596cba8bbffc0648684f3061ae4d668557888151d3d7	9f2d5e307616563969b735174a51bdd9658de80207d0262f7aa1b604010bf26b
rechiseled:dark_prismarine_woven_stairs_connecting	stairs	80	af0b10c5be1e00cdf1843eb5d357f5d858aec1de0c8937fd8cf6855b4bdf5d5c	4ed14d9561af33f2cd97cf7b9160c400869190c722110abb18933d1895782d34
rechiseled:diamond_block_chiseled_connecting	full	1	1f5b6860429873d1fb020e900f79fec7fd7837dcb791daded7ed2e11c3efeace	279221dc0adad7b36fb3a0641ce11ecd4e3e3b5de611edc645b6f96ceca21cf0
rechiseled:diamond_block_chiseled_cubes_connecting	full	1	1c21a01e4b4c5a604f01a9331547d742f00e2799671e0b94766bbd87f15882a9	7d2023fdf99cf68fde412282f0330b6bd46c7d33fa669788fb8652b3d0e7b9f9
rechiseled:diamond_block_chiseled_cubes_slab_connecting	slab	6	ee50978a591bb79299d61ee19cc04885c298e9c36fea5f17784296296806fd9c	87b86b023fbd084c235a803ebcfa0ec04191f76f071d201934015874b72786f7
rechiseled:diamond_block_chiseled_cubes_stairs_connecting	stairs	80	9faf1bf9cd5dc5bef9bf3ce6dfe650c9eb66fe9a55e4f3c083d94d3067d347a9	28f1fc7eabdaa425034d720c784029585766e781b00592ebf6776b17e808e53e
rechiseled:diamond_block_chiseled_slab_connecting	slab	6	d2d2fb27d946e03ba22417744ad31b04368091c0193a6a82e0ed99374df3fe22	bbdf25698b21beae8ede6d3a0ca23498d351a2c7e1e0a094bef549247b5f1ae7
rechiseled:diamond_block_chiseled_stairs_connecting	stairs	80	e9b05bf48cd03b24fe5f5f4975925183f9415b517b4418f951df36f771ebe4bc	fdb5197d1cb138c6de660df12330d2e27aae535fff1719036d3d0d5a56c28d93
rechiseled:diamond_block_connecting_connecting	full	1	f36d73fc391958a59df05cf493abe173dac4d45e669f8d5f268ddd80f73e6e8f	49628284237b4332ff3e29d715c058e9dc0b212977d85f7e8252be01d89b22c3
rechiseled:diamond_block_connecting_slab_connecting	slab	6	ceee10e2271a3f402e2e4ea94f1de07551f4b38bd95edfe88436faf467cbffcb	841532ab064230df28c8d5e4ee5b352f8704889f34eda939f3fc76366b348589
rechiseled:diamond_block_connecting_stairs_connecting	stairs	80	27b0edbc466bae9a595a41b41913be9cd896df266825b27c121eb6ab58d5fc4e	bf18b5bbdf401781487f05bbf850a1c5dd6b2a9602486fa85dac9770c3229e58
rechiseled:diamond_block_grid_connecting	full	1	0c259db733d9fbfc663948f07f253e5d66093fb70f7bb29da7b7fd27ac2bc8b9	c570e65139625a2fd9679af497a0a3104ac8e519db8434499cd9e25f1d719031
rechiseled:diamond_block_grid_slab_connecting	slab	6	7484c67a8858c242908b479b13658794f804db510fd0e948751a78e049954c18	e5ac5a274cfe04a99312e14e2bcaa50997778910d26ab3ad34e97b893f96430e
rechiseled:diamond_block_grid_stairs_connecting	stairs	80	d770bf736d2bbce8c6532a4261560f6833ea9939adcae4abe1860b7048bb8b02	13460fe8f69823d93ab5cb8a5ea95a134621d58d283a5dee7303b213374d5f64
rechiseled:diamond_block_jewel_block_connecting	full	1	f7de0a9a9825e0e5909c85d5d9ca3851699939724f5d5b2256376863aaf747c2	2431838208a378d15735cd64750cc58c560c616ffd547f460eb4a80f345ea6a4
rechiseled:diamond_block_jewel_block_slab_connecting	slab	6	e9bc52f9c7d0dc18b8394d8464a1ea4bb510310a2a2a01a29cd0a7cca72c4e31	9a040173ddb3fdf07065835e7e61c9870ea684dc0933d0263afc27e4acb0efd9
rechiseled:diamond_block_jewel_block_stairs_connecting	stairs	80	f42ed1ab7bb939a4cdd41f5a1d165ab0eb79d1e0aede1b76d492e84833dc17b4	a0ca3d77ebdba25a1abc9db5b3a488309951484bdbf608779a39df656f8b9f99
rechiseled:diamond_block_polished_connecting	full	1	6414c8dad173fa02d9c5ba3f1cdf008294371f0f82f939000a94cb6fd3699488	304ce2f54ce82f1036cd8ac3434c840384c47d44508af949c6cd325867396337
rechiseled:diamond_block_polished_slab_connecting	slab	6	f906ef1d4c65d41f1a89a40a683ddf89ac19d1c95cd99c3a59ea3e59f0e081da	7508eaf4ac7a413645d91c5b85c6fac6ca6dd82724a645c546f40ed395040f96
rechiseled:diamond_block_polished_stairs_connecting	stairs	80	1e5c49d831f9d4b7e4af9f35a2bb2d80ce392ba11ecf261d65865dafe39e641c	2ef930034f237c5a94ecba29118089b09cfb25ce481d4dc308f691cb3ac74237
rechiseled:diamond_block_rhombuses_connecting	full	1	38e781396fbbacc47c5aa60b39fd129068f8b0f8fbaea6f1cb8ac652ddb45ddd	3f6cbadb9826abee7f5d3ac7ba433d344722df564f3e6acc11ad046b3eee3d06
rechiseled:diamond_block_rhombuses_slab_connecting	slab	6	dd9b77c22dce3a3072e25fd6f9941522fc729255566c062a1afb5c76d82ff72c	d8012418dde858f116ed028f52ec55dd7b79178dd65fc1079fc2259bdc44fb22
rechiseled:diamond_block_rhombuses_stairs_connecting	stairs	80	fdb9fa195d2c279ea36df5b12e56dcba3cb378f8ddfc26affdd00abf45e1a339	5ce89a9cfe0e9ef1d408a0f9b1bd8be3de1c960092ee173f0de1707c4b2acd80
rechiseled:diamond_block_shiny_bordered_connecting	full	1	d948e4c423911b8f60954ce0475dd5140192344cf20ae7cc66248782eebd1c13	fa1ef502e9b42faf6eaad28abc257dedb3567edd7d89ae449e03796c0a5b5c40
rechiseled:diamond_block_shiny_bordered_slab_connecting	slab	6	87c50a1b8fd3683e54a7d7f4c9c1d1eb7666e574fa163ee2f28ced6b1c281226	d98597e4a8783997d23277e3c5d78f0043c279540445dce1a9040a7f0dd31d76
rechiseled:diamond_block_shiny_bordered_stairs_connecting	stairs	80	9d761b6bd15209ede241c4612b92c31b2467d7df1f8070c394626f292ea74ea4	71c5f3cb085f9b9e2ae118296e96642aac39b4377549058f2f06bb4dbb45ba17
rechiseled:diamond_block_small_tiles_connecting	full	1	e06959d492fe3529847bf1aaea065025b52673da93af2573f96637b8dbf9cc62	8e1cad3be911386d1a8eec366d8097981f0392c74e8ac9f3008933fc3911d2f3
rechiseled:diamond_block_small_tiles_slab_connecting	slab	6	e3a8bcaea5b9f5216f7db88f84b99fce995b57708cf2c0c5db9663c6109f5d88	a3a8b6d71efdb87127e7a7681782d64395d59d4d5a9b81d313f6046c1e9deb63
rechiseled:diamond_block_small_tiles_stairs_connecting	stairs	80	4cbb28769de900edf6ae10bed6dc6004596a1ab48440063c7eb5db378e8ea5ab	23b0ab7f9c3a10472034710e69136f0893a42ef274fabde4f3d59e23186bc680
rechiseled:diorite_brick_pattern_connecting	full	1	e6314e3312d155ba0f38dc631386b6d56d0315fa8486a594f4ddeca4f731cfa9	20f176188648b8ebd40a365eb9e3d0a69777178df9b48fd0a02cd264e4360398
rechiseled:diorite_brick_pattern_slab_connecting	slab	6	260b64ef85256ccebd967775ae419509c0e2a353bdc6e3d364d3e735030a3271	0056c85de6efed209f0bae31beccd4f1ab9e8a3c185ef39bafb9ffb7e76aeda3
rechiseled:diorite_brick_pattern_stairs_connecting	stairs	80	d2056f62aedf0eed988dd7499ada6435d155b657794308816393b14280fbe716	1ebd1343582e1575a3e150d6c5c11d3a186f3aa1163ce17423e7f71aa2a95cd0
rechiseled:diorite_brick_paving_connecting	full	1	16976495b33bbe7b3d69e918a2b8822cd5d96336ba743ba455f2c29d3cad584a	e7aa5d81889551f126716d8690d1a877177fc5e4c2d8551576ac72add2d2d5ef
rechiseled:diorite_brick_paving_slab_connecting	slab	6	c4f0384ded885e58081741a941a7427dcd2df29f657a32f5358a75ae5b75c274	638ba7046b8fa20a93ed5e3c62ef6b376296a0df0158a021844eb1cf47d6b70b
rechiseled:diorite_brick_paving_stairs_connecting	stairs	80	93b6787b1d55718b406288e54f670f3468acd1392604cf64d98c90df34d72cca	0b518d678570f5e94d6d2563176c0efdec1211c378b66b73312b19a38f0c719f
rechiseled:diorite_bricks_connecting	full	1	45c0b33f79c3445651e0fc5b7469c1c71d4b4a66e19113c073dfd5eff3274ae8	12a07e48b5b6f454f0910ca7e739155a9a9e6e294897e62675cfa2d3ffbfdcd9
rechiseled:diorite_bricks_slab_connecting	slab	6	403304df1c078d7aaf4eff3423945e745f6c1d345f942d0ee7874c0bf32deb7b	ae3b44b4fc8d11138534ce7dee64f5750f597d04f846890a2ce629faf40047a6
rechiseled:diorite_bricks_stairs_connecting	stairs	80	18de47d4ddaa8c682791f0876c66bf061f8aa764351efc20f35470498aa19158	f3b44f268ea2e332e2896864656818b206ddd2cab10f0fd2990c7eb658a7b293
rechiseled:diorite_diagonal_bricks_connecting	full	1	6501729b59283ef2ab1851e92d66bcd5acb06c92a320ff7e03ef5299a0bcb85f	1928aa57dc5f2d8365e7fd2f356ca95b09fe0618ca386cc36f44b44a55e50a80
rechiseled:diorite_diagonal_bricks_slab_connecting	slab	6	a06976c667feea2c7875cd32af3240f3f1f7a255630ba208668659a9efc9ce79	b24cef17819d1846b73f1623a6ea5f4681722d37b249e932cabeb68d826e6ffb
rechiseled:diorite_diagonal_bricks_stairs_connecting	stairs	80	a66bb8c36b74477a2fa98b46b287cfc0f25e3792751dc7f7c4d89afbb765edf5	865dc795a930d8e698a196ba7c6e2f82a003700dfdbf91df50d37bf864cf7070
rechiseled:diorite_dotted_connecting	full	1	b1f1a68b8474d907b4f26b54073e69c9584748a688fc37e837926c7d7794c539	04f2b35898c43e299818341b91b107b784fe4eccd54597f0264219424c3f9892
rechiseled:diorite_dotted_slab_connecting	slab	6	e98407cc336f7c2c0c8eab636fa4436daeefa6182f1568e9c9b996343dbad9f2	6ec87a536d079f1357d02b818bcafcd0d36a57c27aadca53eacb10cb6ef8aaed
rechiseled:diorite_dotted_stairs_connecting	stairs	80	4b858430b1ac69e4a8f4db5fcc5c7b877c6761fb264b43119649690a91fb8230	8579788d4d0b4183f477a78abbbcfa2aa294c1531e65709601adc2ebfee8d002
rechiseled:diorite_paving_connecting	full	1	20fc286c75be98075e8e7ae98cfd0652610fc27dea480925ef1b84e8df3f279c	e7fb603e92bb62ba7333190d2f74e424c34796210f4bdc6814a5d6b2d2b3a68b
rechiseled:diorite_paving_slab_connecting	slab	6	7f6a19d8c6220818f6076de9b525741b8aa193c41d53c1f1f752f13cc3a46780	980d3d328a987356a0d5e6504b0cb9e4665a21871727804c244c6c40c2341fbd
rechiseled:diorite_paving_stairs_connecting	stairs	80	57d631fb68b4bf584df0ebcfadf5de6f4a5b5a91783642703efef8de84f97076	3a836b08e39b70b36ed9e42c966073f9634301cfb5008240f17ef0c7249cfc40
rechiseled:diorite_polished_connecting	full	1	1b019e5bf7e9559aad9a6d6c19f3e97db3d28c6ac9c7b778e3d4f190d39bb7e0	65b61f1059aebf5fd6828863c4c9e001dd9daf52d07900986b692f19e97526fe
rechiseled:diorite_polished_slab_connecting	slab	6	cc9b23cfebd1f6bdace10b4865f2f83861896b5d8477d603dcfae3fdbd75e330	a6119364f5f3937977e4619c13b1ef6f7d9587ab5ca4fc6a597d45a30c7e5a4d
rechiseled:diorite_polished_stairs_connecting	stairs	80	d1b59214a3a514539d454dd858087a73c33910773bd2bc2f82446ef8282995cf	de6fd9eab2e83f0a82ed1f97bea164d7aecee85966a6370407121466166d8489
rechiseled:diorite_rotated_bricks_connecting	full	1	ccac575f35a0b7e8dbfa3ca8f5b62b7c2edd400c8fe340b8eb2538180949219d	17a15dffd1792fefa32d4a7720d681c99dd927ad29cf8fe173c56c1c4290902c
rechiseled:diorite_rotated_bricks_slab_connecting	slab	6	b36d94a6bf0ea8945285e0a873b8467257939d6a3d1b54e29307d84c4785314d	fde0e2dbad9c078b3a37272827c936c106128fab9dfb0d5869ceb5308067f84a
rechiseled:diorite_rotated_bricks_stairs_connecting	stairs	80	7989c73b0af37a6e4c50ff2b95f320491d30d13dde4726570d5a38714e8478da	09c4c55d4751d0230b79682747f2fcd758d43d98cdf682b45c7f06d1c1b6ac03
rechiseled:diorite_squares_connecting	full	1	2aead3ef43314fb81e0d103e3aa9761306f3af895eb6587f000c5f79c2f1e407	0f1925588ce60a4fbe0aa37d9acc2ea07f9ccb4e21a53b63518479649b3c4d87
rechiseled:diorite_squares_slab_connecting	slab	6	90cadd92bfad0a70822f3309408bdd47f102e94bfed51de80a2158526e112938	5899be3e376a978ea7b916a0d1bd6689e78ef5a85744f2722d726c81acdb3ba9
rechiseled:diorite_squares_stairs_connecting	stairs	80	e88a1ead8357b0ebec19736ca0a3f49d4ae51834ba68664ea2f6a0f1bf6db388	f4984ad55823e52a14847b52aff75936d68861ecdcaff8d3350cfedccdbbd076
rechiseled:diorite_tiles_connecting	full	1	28d4d5fbe4175357822f6a198369105e6b72596fda79223d617689113eeb174d	6ec16948b5666729db07746d93b91595f00b5db6ada9acb75f49651e1c876a22
rechiseled:diorite_tiles_slab_connecting	slab	6	bc682b3b485b4dedb1f2022eb2e8156468bb326fc574eea24100a0bdca1bebe8	96275b3316c4f2e996ad3dfd906aad6caaed621c3cd9984e2187082da07c2257
rechiseled:diorite_tiles_stairs_connecting	stairs	80	eb7eaf9ca900c8e39dd0b4630e2cedb20cb2e310db140dae06189c2439a79b6b	ff0163f5fb0fd3886d041a7a6648d7de808780ea0599f75d426c491fdb48354e
rechiseled:diorite_wavy_connecting	full	1	b74c02a8bc2a7f9d178b854d66d0da452d1a55df10b1e4368e34fefb7de3aaee	b38790879154bb8d9325abe35892b177c1a1696739818222e91b4fc338bedda7
rechiseled:diorite_wavy_slab_connecting	slab	6	76e55dad879b8cf9cdc89ba4d81b73430a2dc9d0947dab8446b581d96ef2bada	dac8146bcc6b8f762d0d4f29e436b867fdce37d6d882937acd8d5c5ed3234e6d
rechiseled:diorite_wavy_stairs_connecting	stairs	80	3a91b89f8876f8bdc72993c88479ff2b2c5e1d6949d80f339a676ffa2ab7f190	8d7675223975a556bb9137ee14c1206fe10fbe4d1111e73f2e6ebd257c3ca8fa
rechiseled:dirt_blobs_connecting	full	1	e29edd92f5d11bf43cce6f42a3bb5b8e2fbb7611891251ff96057960237d1c12	aba03082cef6cfcf8bd2fa2a344c6a517cc58485120a7cd6790a4ab4f55276da
rechiseled:dirt_blobs_slab_connecting	slab	6	c8f806ddb75ba9f019d2a563fe8f9138c6afab3559ecfca61ed6c3516e13ee5d	22789dc9348202a0a927cd371ea7543b09013a718b26f2c123ad34e293e612a6
rechiseled:dirt_blobs_stairs_connecting	stairs	80	f4ac9582257a6b5abe46c007011379e35dce8baf491bbf0f5a18f0e1abf06ef6	d4a00341d240198a8ea90be83fd09acf0afe0d83ea06fc05b5dca1d0f59755a5
rechiseled:dirt_bricks_connecting	full	1	845f27be5b2e9c1f947d99b622f8d3a4253f9eb74a3db1c17a1aba3355a60c08	cd1e464b5137321a87f5a0e8837efc21f9f32151d3e3cd0023b947fdbafeaa71
rechiseled:dirt_bricks_slab_connecting	slab	6	508d5c67b365a65bf388d89661d35ed24f329638ca531c97c400cb774509ac4c	5b4577a30274e009f7431b3e979bd3cd66c602e3b4e64ba5ff59757856ad1b91
rechiseled:dirt_bricks_stairs_connecting	stairs	80	214c3eb85f8c251ba78e5a017aee58df0621764c4ab08c7ace2e21654e69a8a2	de3512c666a8e6a5dbfaf48a433a5916aa54e1daacbcb937671c5ace57f96cc4
rechiseled:dirt_chunks_connecting	full	1	65f2074b467acc0bd7559a7dc888998bd53d6634a058659d0acba9e34d514937	2cf9b8f4c7f27311c7d9dc33e5c2c9245410a8833a126697da4e576de774cede
rechiseled:dirt_chunks_slab_connecting	slab	6	95dfa2a6f374c93223c33e1aeec0bfd75e4a27c5564c3881ccf6bf7186caccde	44e0e1440d66d4462018ab342bb0d7182e649f3f84abe10c885f0db9ccaa9eb7
rechiseled:dirt_chunks_stairs_connecting	stairs	80	9d7ec4b8008ac46a6a3900c8f285e4302fe5f16954f6f4c74ffe8f335b03b17c	59882618098aef37a185b0071ebc56bc33a5cedabe3b15081ea42c381138b805
rechiseled:dirt_clumps_connecting	full	1	d5f42b47e1f2343803783416c9355dd6326eb62d10671121de2e93e7465d15ed	331e3df99983e5df9e289c2f631d0821283523bd68323e488fb327a2257ef435
rechiseled:dirt_clumps_slab_connecting	slab	6	86dfad023cd4a3f0594ed5bff39cc90fb462d4be5f919fff9a454fece4a7116a	0684876ee6818e61e6b07427bf77d16582d98e39d0e7a7b0c669f1a498c5df80
rechiseled:dirt_clumps_stairs_connecting	stairs	80	75f46545388f58365b18acabb1a59e349e29b9af75d21a57884b7d63832e77ba	474b09ad4aea19a665e2abc0d68d4431cb4a5a2944758cb2bd6abc933eb8b35d
rechiseled:dirt_large_tiles_connecting	full	1	6b64be055717d1089de47d0df9d5b8fadedd9804afebc60474cd76b2d6c77a9d	716a5b33c6fd6f9b8d7a06c17ad660ab82db4312e90a296440f8a86151d0eee0
rechiseled:dirt_large_tiles_slab_connecting	slab	6	f9874b308f9f0e9deb038d1d2ae387519783c6e2d5177b295aef6505a1205f80	139a468767ea618f96c52228f17ead10750c7f134f4b5080fe77db311f423f6b
rechiseled:dirt_large_tiles_stairs_connecting	stairs	80	afaeb3ebcd970dd56e2f634774bfbbf353ac4901634d1a195a853267134caeec	9de37be270f48efc17105ca58e00ce4baece4414da57e1fa6cf2755b2c775e6a
rechiseled:dirt_small_bricks_connecting	full	1	e7c5b5244dc66a49e2a7689fd4a8d461aba11ab7e9b37c789d7363beeffde7a6	5025de1f9a25f71fe155e689c97c56059ce1641fa77751ab9336110428e5f875
rechiseled:dirt_small_bricks_slab_connecting	slab	6	95e7d2bbeaf4e1a807a206437faceb7a221a892fb2b2ed3df6693d9d23bb8793	de724b6581e8a09d16752d6f276ec2e07bbc48a30883aeefb39ba25cf90b8ff6
rechiseled:dirt_small_bricks_stairs_connecting	stairs	80	038fac4c695def9d786ebbaae1e790b3566e3f5f10a1af9cd0b471c6032fd71d	1c04192c9d0b3ac5146a391af4d845d3c0701ab15a3f0abc3cc96c2cca9b8aeb
rechiseled:dirt_small_tiles_connecting	full	1	6df6523e4b52ae9057b750cc85a2fe638c006917d9d44f0396c8c2e166b99a99	c03349e89e032b0f6125bd4e2cee8785fe5e0e4687a8dc5df1e38c9a90426581
rechiseled:dirt_small_tiles_slab_connecting	slab	6	f25c8e59e4c8352f6b194431aa98c5619d6b531e755487dd585e803e46102ca7	5eaf9dcdae0a8977efb1553771e49d635014ee1fb51d778c0caafa75215b9d30
rechiseled:dirt_small_tiles_stairs_connecting	stairs	80	4acafe113a91731e4712fa492e94ed6b9d4146f115aea014505811b171df43f6	fb3606b34c0acc2b19a72b3d6252a5e41a1221fd26315987dfc0a285da4ccc1a
rechiseled:dirt_smooth_clumps_connecting	full	1	7fce3f98c973376b9ccbb54a527053b86dd3e3283c9f0df5a840758c5f346c1c	e68a06e9e073b6d8f02820d83e40cc90d01f4cc35fe66a38d8f6db4d0653b4c2
rechiseled:dirt_smooth_clumps_slab_connecting	slab	6	3132a322f753154714204ead2ac1d10412bae2b60da5950243cc05f0eb7666b1	96a1b023b6699139c714671dbdb775f45d08f0d789e773a5d37f8026f4f07748
rechiseled:dirt_smooth_clumps_stairs_connecting	stairs	80	bcea00c414888788b156c2ae45c4ea9d9fa6b4c2748e7f55ba470247d7bf5ca1	3196ed4e14b81b5c8d7e89df1af92906352f0524e2d90b88a65fc66080fd9518
rechiseled:dirt_soil_connecting	full	1	ceb4939cd28d619d951f3d8c0cb110d1e2b693c3d151d4635dcfb1571353c5ec	be8e34aca7ff8fd70946922414c9a8d9cbbe07437e8c653fa5f41bd6c1c9bb7c
rechiseled:dirt_soil_slab_connecting	slab	6	91cf938b42deaca8fa552a0c7eb48dfbb56a859748b752a771e683fb3fd7d169	1608790617776ce40b8026081ad5f9672a4aa057067351f7732a0b228305388b
rechiseled:dirt_soil_stairs_connecting	stairs	80	b2fea046b78c92bbe0ef76dfade06aa255cef8744f0caa5c95144c2f857d7b3c	5dac54e3cb7a6c707b87fd7e8ad4cc73504a3aaff080fa8c628e3e28a616f5ec
rechiseled:dirt_squares_connecting	full	1	ae8eb97afec80838310af266a9602b7bf4778126a03ab6061ce5acfaceeaeb88	85684cb81814790b3d32384f416f7b818275d7b5091bd8ef6a910261b2470c29
rechiseled:dirt_squares_slab_connecting	slab	6	48bf9b46a95cc1657616ffa8bb17cfef163de49b58575f8a820ebd4e495d56de	3437e44ba92fc48f12c365c45636c0a45ddfb5eccfd1b5cf8f469670cf9beaf9
rechiseled:dirt_squares_stairs_connecting	stairs	80	54d46fef58a7639012168da90669e64c2f1d76ecfef849c0a8eabf9419d0768b	191618dc48bebe78823537d5c5bff6beceae16ab2463c6e891f827f48956c03f
rechiseled:dirt_tiles_connecting	full	1	d3091ea01fd21f787780ed381abcc8f9089b43a770435735c49e638734f62682	70f220e7f0334c783542f4552ac5975eb2342fd11b60d42537b670f10c61f6cc
rechiseled:dirt_tiles_slab_connecting	slab	6	efc0135bacc102b7d1d2f2aae63d1eaaca9898e96281578b2b614cdf7638ef59	f43d9be0d4ecc988b92d87a1ee3eb3d66079d86dc19642c5d5c1f8757d7ef9b9
rechiseled:dirt_tiles_stairs_connecting	stairs	80	6d62374c395d8abdb6a8787b1608ebc663e3214816921a6f7e9c16b1329373b9	a082bf7f1f6cb60ec92dbf26b26b3cf27c59ee9d17fa998c178b950d5ae88766
rechiseled:dirt_tilled_connecting	full	1	aac32432f996662c754cf3da4bb6817585a569e65be99f7c73f9a4fa4d6d3461	312b5e347bbc858212a3d3a0a9ab77988fee2afff48f727ca57618c0e4377cae
rechiseled:dirt_tilled_slab_connecting	slab	6	8c031221339d738db659b4534ec8fab31956d4e56ca721ae4ddd2d06621edb4a	c38b369b919ae15448ea15e2b0af9c27fa68d73099afb34bf083ad2f27c52b37
rechiseled:dirt_tilled_stairs_connecting	stairs	80	a66cf24159643690e25f692d6c5844051391aa3adcd61841f1a4834c510486c3	4fa12abdcfb64287d5db0acd14fbbae8e6532c90a3f7c5f55110934827120add
rechiseled:emerald_block_bordered_crosses_connecting	full	1	f1d5f5b8d3678d392c564bd92ccfc4e518dd8778c8ffc7688ae137047d5be24a	e29c79c9f6301c78d86eb1a2d981250ac1fd609effee394e3c207f62eb6660ac
rechiseled:emerald_block_bordered_crosses_slab_connecting	slab	6	df157d932860b560018bbdaf7f1228425042fdb30a526dadaca86acabb1799eb	9c67c46a3c1226fd100d96a1849b32fe77d362a5dd7827906575dc6e4458f371
rechiseled:emerald_block_bordered_crosses_stairs_connecting	stairs	80	e2582022f666aa22cf3fb6478efd9f9b85eaf568c624e555b605f52833f8763a	b715659123a04da97629b04637743b975ea50bf886bf1cc2c9e3803c27c216f1
rechiseled:emerald_block_bordered_plating_connecting	full	1	f5352ce176c5f22ceaa03bd6f8a9fb357764a064684c1845f545c909b7342efc	c03a28930bd414ebade22eecd676fbd36312c7d79b6bbb2098adb9f27624fcc1
rechiseled:emerald_block_bordered_plating_slab_connecting	slab	6	c44a514c2ecf79c358d71a4d862c770227758a5205c076c55c1114b558afb12e	242edf2339d3f4d620b7916dd9b91ce3b2de10fe4803ec14b23424ad93adb16f
rechiseled:emerald_block_bordered_plating_stairs_connecting	stairs	80	cdc7a33cebf38a8be1aaa2dc5dcd3a9c01e9ccaf8cc83557cadaaf71adf18caf	2fcb35e9dc5bfc50fc14b42963d5315984eb139397983521632da5d7a05fb24d
rechiseled:emerald_block_chiseled_connecting	full	1	4c6a1683f9ce2178900b13f16a38fafa3620037fad21fe82eb9ec78c74717a7a	fe5b4f129c897bd6056662f90ec6d7035755bd5478d3b70a3abb5c7097a3dfaa
rechiseled:emerald_block_chiseled_slab_connecting	slab	6	c1a3552caecc0fe6b3a252530dd83b56632c88698efe892c9cf4cb41c8dcf013	69b1f058879a0ac8251b590fd1c9d2632a601d8de0d1c8ae45ae3e1724fb7d27
rechiseled:emerald_block_chiseled_stairs_connecting	stairs	80	195b9159ab6f9e6ca211f7774e17a50e08210f6d48020fb97793f0bc193cef2f	7f1cedf0e9c448be2535c3691380ca7b9fdee3c6087ea02135cbaecad22f0dd7
rechiseled:emerald_block_clovers_connecting	full	1	fb040109b6fb6e407ef0df2967da6573270eb259f36e5efc95cdfe9c3e40205c	37b77b9a94da7afeea2a93e67091453babfbf5f0e772e456b40291b3c53d7c69
rechiseled:emerald_block_clovers_slab_connecting	slab	6	746d3028ca11c4fbb1df16b847dbf11eaa8f505bf978d94ce018bb2c3377cf50	8bfe252cdb27c5c65b5511b4f630f335b68948fc82b13be480828e83e49d35c2
rechiseled:emerald_block_clovers_stairs_connecting	stairs	80	bbd0db87e094b0d7c4f368d0e0b3b8ca32b95f0856adb893bbc0223c0deecbf7	2af5cc28c2a06d3e07b7182b2287781ca47bae21a1bb89fb0113c1aed48b13c0
rechiseled:emerald_block_crystal_connecting	full	1	6ab909ceb30d277f979e70158e5c13bdeb0e75ac84eb9c8f3f3f63d55aea5eb0	59e6d65fc016e39e23105a00a59851af95b5ab3737e9b8a8fa42a41d761ac765
rechiseled:emerald_block_crystal_slab_connecting	slab	6	98a4a951cca2544d7f4f5561f281f5e7ee4479649abf3ffea443df81f0f1903b	095d47a01308cb3d83ec75320c3f18006fc95cd1e84b557e2e2aac9f7e46a03b
rechiseled:emerald_block_crystal_stairs_connecting	stairs	80	af665e759f15c4be3584349982ab4e20868196cf56cdc693f6290ba22176d45d	46285401224b506c361cbba25a4df469f961509485b3465c316746001b4e4604
rechiseled:emerald_block_patterned_connecting	full	1	8bf9dffd588f562f6062d7dda648682b560512fee22424eb7e17e16b76a97687	265d06cd5e17ee4f3ce04d5f7b564432bb7bdd468dda58238a118d685dd3d505
rechiseled:emerald_block_patterned_slab_connecting	slab	6	abb7fa0c3a302f55c7c657944a821022c1087bca516aca16e2560b6a5a5ef287	38c6692865c172681e07f6e38d041c84dcae6bc46fd478685ee90ced1e3e5314
rechiseled:emerald_block_patterned_squares_connecting	full	1	e9b50222f19f537c9eb915ba3fe6194a5927c1bc53821cb029c254ba88e3dcbf	b7de12c979227f14310a4a09a4bc2bf689847444c3c127631391b99682e36fd6
rechiseled:emerald_block_patterned_squares_slab_connecting	slab	6	8af92a678d06df13867fd8001f091285a0047fff88e0f359e5f89b3ba4554475	ccb6423e1154835c460411069ad1a0703a66ed190da721e8e8f4a915e03652e2
rechiseled:emerald_block_patterned_squares_stairs_connecting	stairs	80	be31395e3a5f45a3f9440374c3c0a38e7fe73bd3a011c56601a9ee74154e3776	64abd82c2966625b0f5c0b682d16372b1d4e008dcda0bca6c790fa0fa49f1713
rechiseled:emerald_block_patterned_stairs_connecting	stairs	80	d43d94903785f6824c63f0baeacf2f5ed87e963ae2c1f1b20a02e48f58bba0e3	f0744583313f7ab7c57279cd6b90d1f0b062acae5ef32bef002b76ca1e06a816
rechiseled:emerald_block_pillar_connecting	axis	3	f6e46e43b0ac61a5c5e2fd673369d9cf7218e7d773f919d3d5c17e6a4fc78a6f	c824737ed53e393b434ef22f1dc339586be7913efabb0084f3325d8d112e292f
rechiseled:emerald_block_pillar_slab_connecting	slab	6	a90d6421c33bf88c3f3b637fe510b07f89e1851726531f81ab4afbe6782e17ee	4bf0538c80df775309be4a8c0c41bcc5e342cc023abfd94b28e4ddadbf618cee
rechiseled:emerald_block_pillar_stairs_connecting	stairs	80	d2051b809b4576182474a7d1d7171b00625b9609e1fa2ae62b8048bea29777a5	7e569d438ff7deb13acda4e65f3668d17689471f28ed20bdb96f7adb9ed66c75
rechiseled:emerald_block_polished_connecting	full	1	1ffbe4ca0031ef70b5434ef7e9a6fea8b03fe56d72ed0a4d3d26a3088da86ed9	bc6338d3f6afde4d864e01053fc34721fe27d698a809d008cd9b590ae8351b95
rechiseled:emerald_block_polished_slab_connecting	slab	6	da8b0710afaad7eda8514d8b7da48bf733792d00a16f93dd55c96b99478161ca	efed4e783a2ba7edb0e53a520067111166ef9c4c39ac3d4f3573479df77a241a
rechiseled:emerald_block_polished_stairs_connecting	stairs	80	577a5d025b9018fc2876f1c52867e6163b9680a9d00732f40161db687b542f5e	32617b7bdef8be9831ca61f80b1d4ac6c28ef029494b6e7e7e71b53d6a76a7e3
rechiseled:emerald_block_striped_connecting	full	1	5d5f28522189cffd10a4e65f62f1e25e6f2eb793c24b1e6ec7ba271189f86736	057797c89764e9155652c2197d4441427ef0c972951b764f59d09cd80451efb2
rechiseled:emerald_block_striped_slab_connecting	slab	6	2256ef578ecb0deffe1744cfb0c389a50ed6b3c2abe1a83bc8c9423334f70b98	30952cd9f683fa47256a7473f2de47317c2381a29d8c45d926ba09f2d5b09889
rechiseled:emerald_block_striped_stairs_connecting	stairs	80	1d342f832a0452081508a423302e35946ddfefaf5225af4c49d77e55571effca	3e139f54fafde1c1a9f72af9e2d6666e411a13f83c1330fff9acac55eade749b
rechiseled:emerald_block_waxed_connecting	full	1	e58d83e159a36cb5d50d20d007f4e3dd3db3f22e83a362742469548cdb3ebb68	1a16fd3f65ad9d2bfba636b88e929bee00366c5bfe698557a78b95d3242539ed
rechiseled:emerald_block_waxed_slab_connecting	slab	6	797c15e68f04682b2e5b5437ff56b1a6dbaa6ed37614161bab74104e77f4bf51	1668f9f2ed32c680b1987036e341caae773b784ac0103f322aa537ed198e9a90
rechiseled:emerald_block_waxed_stairs_connecting	stairs	80	37ddd2a8d9a30a75d232ee790e3629729eae21f311e55b452272f9833890b1e9	590ea24bdfd1e39bcf62650e34e945fff6db3780eef120589f644bb007ef5018
rechiseled:end_stone_blobs_connecting	full	1	b8a9a7e5863c40798cdca73823322671af0800dcaf6794384d528952cd95e563	40de8b0972bca6aad13cbc7053e385ef0167dc48388aff72b729a4ec71a2ad95
rechiseled:end_stone_blobs_slab_connecting	slab	6	a3c9c0e1e23b097b22311a3d801c0c2065dfb2ed00fb53ca5caaa8a9dea225d7	5a08850510c989c1b3fb9972b1bdddbaa06d40b93dc0411cdc81b8adb18b87f8
rechiseled:end_stone_blobs_stairs_connecting	stairs	80	1943c037c1f0bb62ed2a7f719ede4ae6b001931166d0ce09ab14cb352dae5017	c081204f2eae8446bc17f64b55b9b79bd1582f1b124bbf2eee47d8efde04b9bb
rechiseled:end_stone_brick_pattern_connecting	full	1	77f08e7ab0ba45a60925fa84a58779244285e378efe6258ceb18cd62b5c10ac9	09c24e3ac105cab79217455b3ac25514b36c2e35531719aea40c1850ddce83a1
rechiseled:end_stone_brick_pattern_slab_connecting	slab	6	13624d21b982993b717f70b11fd724893a2e0e56c0cff5da3a1531fc2cbcd057	fe914ab5b98a7a496b3e9dc775aeb51e401c12998c9539736c69dc2dcf862e31
rechiseled:end_stone_brick_pattern_stairs_connecting	stairs	80	0390361534782fd69decb87bed120599e9c80a4c0cee738150d4d1e0997ee048	b8d7e9e9d817b3df41adc1554e22c8ae1c35ab02be47ad99ad03c0096266a782
rechiseled:end_stone_brick_paving_connecting	full	1	abfa7b58e2af7cdce5846778e1eced5a3a36dea6e021e2caa4824fa8fe69da2a	28f8a5b7bf8e2e0fa8ac1c8533c94735e1a670bae86cca8779ef0073ce4f307b
rechiseled:end_stone_brick_paving_slab_connecting	slab	6	4b146d95a25c698e30eba92d7ed394d11b0d7a8a6ab4a6aeaae643c480630ff6	123897cbf23ca8692cc63d8119c5c356d4a79c6db5516afe2a1b44dd998a5982
rechiseled:end_stone_brick_paving_stairs_connecting	stairs	80	3122d64e872f69e4b96b47b9e6ec89ce7abb728aed6a5c5c607250aa1e17e3c7	0717a4e7e8e25a74cb814ed8ff324dcde22e86a356fff5e6231c14178ce14389
rechiseled:end_stone_chiseled_connecting	full	1	8399bd7c5511b3b628d56e9ab5d44757061a534d4519203608135c7f596fea1f	4195c31736645dcefde85699c0a9f160bf99455831fe7007aca2bacb951d24be
rechiseled:end_stone_chiseled_slab_connecting	slab	6	fb097a81a30577ee4729f42e00fe4822624a54c0cc8ee91397055bc8072601e2	0adc0562cee24aed1fee126a1063d1df34c4e4b81a1317f0b17a8f0ae5807663
rechiseled:end_stone_chiseled_stairs_connecting	stairs	80	a150bd254e248a3157886cd3c26dfe96c5f8fe6bfd6ecfa1105ddb1b0aa7e0a4	fdeb9c5c50e6723db97c4bec8db204e770b7f01eccca6cffcd91e53a00fb89bf
rechiseled:end_stone_crushed_connecting	full	1	156144c1157de79c84f0ce14faff0545bf102c629dc4225827b2154c9bf98521	78a471890b22fdaaa30eb532ec90ef059ecd468ca7a1e938e78a75ae0c6f865d
rechiseled:end_stone_crushed_slab_connecting	slab	6	a0a850a9218a5a7e9ce13b144a052526a7c929e2200de76b97cb178f71c5ac5e	c46799493ea5d0f1ecdeba5ff186c866d9008ab13feba9a27bb318c0b03c72b6
rechiseled:end_stone_crushed_stairs_connecting	stairs	80	ff9020dfc9e869420f21879b935e3156a04f6fd980b037759b097e7ce72d7435	7d4099d75e07213320a72725a75365c503880f2bd1028715028104c6708eaa10
rechiseled:end_stone_diagonal_bricks_connecting	full	1	324b7bbedd71e047cbb161857f76a69de941517f2a3792f04795244d75344b6c	84397d41f2633b7f32b3c7d8a04f472a7f97d4e9231a9536844778b4d2edb296
rechiseled:end_stone_diagonal_bricks_slab_connecting	slab	6	34a122b92d2faa4b5fd3a4022658f4365a5f62f7910f48f89d02d45e27a32dcb	45618de1a43510aca2611f41a96e8f914c3bf17be477289ab5886ca15e695d60
rechiseled:end_stone_diagonal_bricks_stairs_connecting	stairs	80	f503f8ce5c917f4dfe79c399c6b1d50ed8fe8f22e59b6f4016a10e7dcd448b02	b9dda78ef989978788d1406ff46f6eeea0e056b36f37fb9b531cafc6fe6b51d5
rechiseled:end_stone_mesh_connecting	full	1	aa10d63e32be7ee3728b2615b7eec331edb55037843d669738e5a8792a232b68	c933308abb9d290bb242ea98c422fb366e33b6adce38f44865fc6f4c0b359b12
rechiseled:end_stone_mesh_slab_connecting	slab	6	e3f3fce90e2fb81bab3c33bd19adf28cc43e55bd5ebaa1f8de6910da32a3c1e2	8e4dccea08ebf63f4902ea1d0910453e5becf7c6d96df0565ed57fa9471646de
rechiseled:end_stone_mesh_stairs_connecting	stairs	80	50a90c30aa20d9082a2710b602ef77746562cd47b2a90d3af8c8c727b7338a14	91bba61306619e60908cb0cfc2d4c5fa853cb01d6420af241fda93cb5ccdd981
rechiseled:end_stone_paving_connecting	full	1	7f6ce86cdf3618669066fbb8253d53bb41e0e64844d2e1e517e7e35772696916	de5164206bb4624ad6f3157b2e952974b79e6f134871b40b20bd217f820c31b7
rechiseled:end_stone_paving_slab_connecting	slab	6	f2804a854329c2440d22220d22369d51b1a52f3b4802e19179e474a43ee06a5e	5f2070e3a07951f5f9cc71e45f0a8f19275932e1b4ebb53cf25b9b25e6cbea02
rechiseled:end_stone_paving_stairs_connecting	stairs	80	f7121e6ee6206d75dc2dcb358b6191bc1bed5c8b947337dcadbc14db584746d8	0aa1f75aec1b9f18b21907ffdd2f62983aea763d900e78371eb475a4b61dd647
rechiseled:end_stone_polished_connecting	full	1	72b5c0b2dcb37485887b5c6df777c5a16fbea02e82a78c25901af2d9bb5de0ab	ab4b942d448cf590e5cf0bd0df0cef3790357358e254c3a98291f31ddbdad7e8
rechiseled:end_stone_polished_slab_connecting	slab	6	91e63a9ee47d67bd6f8b35de30441a3bba37f53348ffb14d9e6830d61b9ba027	5858a382778ca5dc5166a262f4d097877a186d0647d05ba32dd33cf75804b427
rechiseled:end_stone_polished_stairs_connecting	stairs	80	af29f8a127a50800875262f32c16141b325a5a842efcdcd9a1bbb6818f0d7f0a	36deb3d0427e95e65af4af728278a581b74b71c6f6996424625246fd8130facb
rechiseled:end_stone_rotated_bricks_connecting	full	1	f8f891bdbec064925a83cdfa334a0d3fcb46fb76f1199cb74bb503505532d163	b894d85f18e63bb8349a74aacc54b8e7c51c2843cbabfdb9bc6f7b3883091af6
rechiseled:end_stone_rotated_bricks_slab_connecting	slab	6	ea07deef8401c82dd5435fa2fb112f74ae774403f0eb4a17501079ef772be317	94da7327e8d4029567447ce2b8b81376373a3fcf7421cf368a5d894d39e76712
rechiseled:end_stone_rotated_bricks_stairs_connecting	stairs	80	307bf3d8ea3354d84d77edab52be0ea26ec2b5fdd6a2e1afdf3c55f4fb394aa6	e630932bff87cd779c082176f6ccf59d3b054e96123f4d65bad6864896e1d7ad
rechiseled:end_stone_scales_connecting	full	1	6e9baa461f8b97cd4ec51c3487d48e1c117e8e2d9c1d733b0be1d86bf65e05ff	3ba3aa94b036b817ef8cc405959a789122ba4bb1deeb7ce1307b2b50b2f3e5b5
rechiseled:end_stone_scales_slab_connecting	slab	6	ad6b530fd5cc0c5ea1316414fa8eaa4e29e8d34a54e7a226d4eb6421a5d2b8b7	98818e0d53f18c95c2b62eb8e4726992229c3c979d128d0b11a3c96af7f26e81
rechiseled:end_stone_scales_stairs_connecting	stairs	80	47c2fb9f82815533486376711f3ebc6f30411320323d270c85df0017572b4b55	6ab41371b2817da4fca5635b53cccd9798e9fa778abd059ce1da12ead2297bbe
rechiseled:end_stone_small_tiles_connecting	full	1	35bea8b5d95464d08dd30c7e074b06dadee6deef58cf35b849988a378aa5d804	412f80fb7abfedf260464ae0cc51c1ff51483b872ee2e5a2aca3605759e3fa01
rechiseled:end_stone_small_tiles_slab_connecting	slab	6	99d322115807adad54aa7b35b3e404aed713c28bf485a99852621c888703d746	7b16d2e031c129d5a36458c82dd78275ffbf279a0aa857f79f3702b04bd8681e
rechiseled:end_stone_small_tiles_stairs_connecting	stairs	80	a4592f3d6f3201b785018c63614e4d4e24b701b33ecc25d6fd122ee0a220c352	595e4de0534a56c1087fbd2b3a0cd52115ca6892f973a2bd215c8179f43d448e
rechiseled:end_stone_spiral_pattern_connecting	full	1	ff632fd3ecb7f63efb97d5a71d7fe958ac06c240eb2957ce056d73fdb9fd8dda	46ceefcf0d2d8d031c5c0a4935ba85a79429ff1781fb007690d655bf1fb57aa3
rechiseled:end_stone_spiral_pattern_slab_connecting	slab	6	39c901586baef4fd2e8fd4fecc6ebb3f24da48c383ceb00530fdbd115db02165	e20f946aaa2a8f78e90bef3430fadde65ebb5fd274dc0250904a4acfbe8d7438
rechiseled:end_stone_spiral_pattern_stairs_connecting	stairs	80	d7ce64861d9c5258bfab3fa1f5046fb237a9bdfa74da33392a8dabb3e253bffe	87b0f51b49a805d151c0d3c2387645972c71aca151cb6212d153e6799a2a559e
rechiseled:end_stone_squares_connecting	full	1	7e5a32658388aef1882345bedf078dd9170db36ccf9f6fb8e93f708fb9e7517b	27d5b6702a90e183edec135be7f38d45d4babcf6e218b97b064d925a2cee3087
rechiseled:end_stone_squares_slab_connecting	slab	6	a433cf792a3969bdc23ca52ce8a88cb2e1563e79f84ecc2fc1e1ecc10a684369	c2e6f9f7003a3710a21db7cd7a967193f131dcdad86b9b70817b47aaa8288cf5
rechiseled:end_stone_squares_stairs_connecting	stairs	80	04f4d8a123ade299490357388a5f002bb2ca75b3cdb24b079b9ed661971d0d99	a7b3b5f086df064e927ef6778d4bdf3f2fdb65b1a9a349b189f8d288cfeb7ce1
rechiseled:end_stone_tiles_connecting	full	1	38355e8b380c2829f65a10d1b3d8854a0261ca6bf71c03cfe7bcc96d59abf049	2003ea3a7af68a98861adcd372fe78fcaa39fef2d966282d58107913ee9459cc
rechiseled:end_stone_tiles_slab_connecting	slab	6	e5223148855c3c8dc330c9602df8bce2dfa3e125d4e4d51c61c366fb7ba6d88d	a548f0a19a12f79909e89c878ff795e4f3aab30ab67d857f8685ebc703c54891
rechiseled:end_stone_tiles_stairs_connecting	stairs	80	2fc68fb2491877c567b454efaac7d39c7105c63d003557567278cbed941038a9	532bc13ede9d0a5b47c62df7460969ce6b35761b7b9c73edd6b275d532349fe2
rechiseled:glowstone_brick_pattern_connecting	full	1	ea339b0dbd07f5fe65be908b356fdeece8c40c25d329f624b7c1a9e3c23c0d1e	460112edbd73b47cb5d78d62ad7622582630a562753078de87f6615bbf1cebc5
rechiseled:glowstone_brick_pattern_slab_connecting	slab	6	4d8fc8ef153578d99e2ec6961f59d93dd28f8e4b2858f1caaf6234b5842394d3	39725d5c6ed749ffc37e0cb0cf771395d8774f58d4f1365b0083fccd1ed890f8
rechiseled:glowstone_brick_pattern_stairs_connecting	stairs	80	c4b362130d96e48fad1f4d53530baea49d49ca7e3ebab62aa93eb59b4fa2f02f	ad144940134f4ae17d00487322e38892f0632e9d95cd6822f482d9538579c680
rechiseled:glowstone_brick_paving_connecting	full	1	c61871b0976e897366c13b1b85c550b993bd10328529e11d5a73414b22e03baa	5604fb49e3b7720477e975263c9482dab8161845f802993c8b71f7381bd9f693
rechiseled:glowstone_brick_paving_slab_connecting	slab	6	4952fd5b86ba35cee20d176b9a9e70a2bace392f03fa121e821ba83125218574	326135046fbead88bb580394ad685305b0ad854cbb5f1868d97b6b42f236eb5f
rechiseled:glowstone_brick_paving_stairs_connecting	stairs	80	98092ba7927568b0c082e0ba25440ee8d1b277625d884e1316639f6e3cefe2b0	a7e2c9c95787ac2811728a593147bae27f96c82ecd4303b968a7df5fc6991db7
rechiseled:glowstone_bricks_connecting	full	1	880c442796fd2d4bac35f6537e5c7aaec642e9cbd76fc9b840c9f7a8e9fd12cc	33ee29171754ffbe46ca0430edb587cb67e9c9487b4bf86a36a55c1e0d7be065
rechiseled:glowstone_bricks_slab_connecting	slab	6	d796b82d8efaa149016769394532db0f9a1513bdefb8d85944e79f5a0da6a321	adb7190f4b1975722ad98daf1c4d1334efaa40380892c6fa78d9d1a3d812988e
rechiseled:glowstone_bricks_stairs_connecting	stairs	80	69a46f09210980ea57c6fd41c7d219681b331b50abd0e0f84e3cf77cf89e90e4	0bde2c4dc572a09eb4db363c15d75f2902b3813b2b7471a327e25da0c30fa10e
rechiseled:glowstone_crushed_connecting	full	1	9faca048b44dcdec8e1c258c7f6daa64803f79688ea0b62011eff53f1e2c90e0	db3b958e513799b59eec6adc7cef6c68fb397bbd8de2497883703c14261495f4
rechiseled:glowstone_crushed_slab_connecting	slab	6	6916a0cdd7653bd6bd70aa5c7e9b8fc54f2110e9f64bad8f34f514d933c80506	3bca955c51451da135890b62f9e96699b92c9f78de5c83b0f407ab1af1aaf32d
rechiseled:glowstone_crushed_stairs_connecting	stairs	80	3d51cf510d96a84507154d2c7512b2d8202212fcc7dda0d744eb3ffb2286e6d8	9057aea03bc9aab82259ac579c55214d89485c5da5860f3be697b76ce209331a
rechiseled:glowstone_large_tiles_connecting	full	1	4d1e4db04b9655daa823b30e5001049f9eb57135af3e19a5c5a27cd6afcde41a	09763cfe8143cc0dea21d3b7844deee2cab34fec158e6d6ffd5afcbad01767cc
rechiseled:glowstone_large_tiles_slab_connecting	slab	6	d91d00f31a2b544fefe7b005e02ab11e30285561caf673b27226ed31ebc08b3a	3ff2d31240f370212363d4df2a36751eccea2370be91141b6324f0ddb1339cad
rechiseled:glowstone_large_tiles_stairs_connecting	stairs	80	4fd833eb20c9aae6ebb9bf8cf539e1e7ccce08c3012e96c1c6c5fb06d56a6ce9	b4c3b355e20f55e0933030e5d906454993ad5cc3af7072be169bc8995957d5c8
rechiseled:glowstone_rotated_bricks_connecting	full	1	1e3b93648b95ae7c0f4752df583da489242e782c9e6f04c95c982650f269e61c	ead5d0a5ec08ea71446f634fe04461ef5de5c44f331df8e4112f11c31af6fdb6
rechiseled:glowstone_rotated_bricks_slab_connecting	slab	6	9a9c96ecca8f3b7d4de24360ea275b58344ca5faf3cfa8944a2086c25ee2bb15	a7c26c8ce9a72fed50e609fb185d10f3e278ba93f6d10a2988d4bbf3b6e371ef
rechiseled:glowstone_rotated_bricks_stairs_connecting	stairs	80	e15afdb78d58b3545b9f8d3a6e9e60063e0b4bc71aecc10ba4d8a084e25ef593	9e69cedbce58c60d9b0850d63b2355e0c45e07f8c87c3342d6ea9d5f23e94300
rechiseled:glowstone_small_tiles_connecting	full	1	80d01b52bd865732ba5835b5076aa76d2df7425aaf8bd740113c8fdd066f04ea	f3c3d9e3e01cf3df3a0f41325740b25f19365ddae8c14dc53966ac49b583b0b2
rechiseled:glowstone_small_tiles_slab_connecting	slab	6	9b7d39d1380a28db3b75918f52990142cda0b2a606b00bc5716fc9e6b8bc296b	73f78f6237d56823079beb74d7904ba5784ea96cd5f3ee234edadcb9676cc621
rechiseled:glowstone_small_tiles_stairs_connecting	stairs	80	b33dc1155bd03982f496e23b90557b48155ccd5698d27dd5f631af8d27096bf8	efd49c9485ff436148a3cef0721b242d1f4e9e3273f963d80b6aea938a7ea29b
rechiseled:glowstone_smooth_connecting	full	1	7331578564c2abd39943e16ca1c7836813efe4897d8873825ecaf0cda5d00c83	7c666feabfd9a4a44161da534ffd3ae7fbd46793a1dbd56121ac14c9dcedf0a3
rechiseled:glowstone_smooth_slab_connecting	slab	6	bf5dbff4b0c9d7d468439810c541802eeb25a1649951697f8fe9f8fdfed1c62a	6c7f7ee2647b5a4555b1515f336f0a3c145bc4028f5e818a364e3e7270cd71d0
rechiseled:glowstone_smooth_stairs_connecting	stairs	80	5f7eade9824fd5d0b4401303c191e083a7451d24edf119bf6747591d14fb4d2f	86cada5c68e74843857518e70c44a33a54742e8804f0ec6cdb0aebad27659670
rechiseled:glowstone_tiles_connecting	full	1	17f90ff20273e58565fbdb875eb7611bd6814b40f6d01c6b5dae547ba66a0e10	aae5bc27ca7b6075baea53757e2bdb023dcfeae8dfffc14a3406f27adab1576f
rechiseled:glowstone_tiles_slab_connecting	slab	6	33a52745199942d9e4f80f0aedb36276a182efbd08bdd5ee9df1b49034cf9fd2	f9b7f4a98cbbe6f8a937d943efbacf27425f5059e0453f3faaf2b048290fe83f
rechiseled:glowstone_tiles_stairs_connecting	stairs	80	650a6e9151956afdb5501d44d9791907120385f7ece4f82e2980d691b9c392bd	be542871c976bb65dfb7a693f8c13881b5ee567f70165d52fdf24661f98d5f62
rechiseled:gold_block_beams_connecting	full	1	203668722c9445cf3025af3e00c7f4a6de182430b5e2771f4a1d8462ea61ee07	1c00fac7cea233821b5c29a742a6fb15709f9beaf826ea17b074b0b061f0b5d1
rechiseled:gold_block_beams_slab_connecting	slab	6	a73bc52988bf5e29b08469905b73e5ba8cef330ad1acccc9190f6b22a5fa6a9f	7c660534b5a0c21e31fd99aecc95a51ae56e51e5c4c4fab14db91f3210458f99
rechiseled:gold_block_beams_stairs_connecting	stairs	80	af49bda7b27753e436bd58028e6a21030b0bb784a7c5d66891be42252a6c3422	5c23b04433791741ea735adea6c3bf4d466b4a024f0cc55a4f4d4f66503ddeb4
rechiseled:gold_block_bordered_connecting	full	1	db3191f99e949db3ac727b7642a233fad72d3ea6bb876e8716b6e05704d45578	522f36f77835cd6a53caafd9eb471ba3113eec2b576ee7546ad930abc0dd8f9a
rechiseled:gold_block_bordered_slab_connecting	slab	6	1f99ae6b770027c8856cf13ead3de28ea2f3ddad148f017341c96e3dfdc42571	de0924fe110c5e4819952f69f89a8e50b4eef748ef39ee953ecba578bcd7f033
rechiseled:gold_block_bordered_stairs_connecting	stairs	80	33b03c8a0978c13b09fe2739f9a384f911d8aae1a62faa9c3f26feb4fae5bc52	55c85f44dcc5ea1959585c0d400339538bb5a5ffa924dbdba9e921496c6073c2
rechiseled:gold_block_lines_connecting	full	1	280242376a35d999419f1ce1238aa489ad38be7e3bdd8b5fd93d1c0203ab683c	e4fd79d902ac0920f028e2ec4fe79002ecf1f5fd552fa971e29785dda7bbcb47
rechiseled:gold_block_lines_slab_connecting	slab	6	12fa6d14c0ec62145e0a0b25513a564f9dcade3fad8c78bfdcb71fe192475244	5704180ab7f4d0dea38a8bb6284e949734c9ed2b72cb4edde2c64922300e0f00
rechiseled:gold_block_lines_stairs_connecting	stairs	80	07bd07ec505f7b537e6a2c410ea98e6852603aca88baac92685d46d221997bf8	66d8998c80e20ab0e512d22b9d849806afc98a319219dbe95551679c5f2649f1
rechiseled:gold_block_pattern_connecting	full	1	c1a88af207dc202b4392fed0caecf0ad15bbabb12f3220b45e0ab88bdbb9c3c4	d809f71acda43eca113a25151af91485a55328b964de6e30856485346c461516
rechiseled:gold_block_pattern_slab_connecting	slab	6	f72442499f9c1a360578fbc720fde2364d3c07a08f59bb7b1b38bb5edbd27395	f26fc60fb7ef4d198f20f6856e8cd9c1738fee34038d7a329d0e7bd4bd9b6e98
rechiseled:gold_block_pattern_stairs_connecting	stairs	80	780df35a679c4c713a93ffb4b647423474450de3b1f70fd18eaddf3547a6a551	6b7bfb31b6c41074e3569b7160240037126770398f2609b3bd378c4554ef3f8b
rechiseled:gold_block_polished_connecting	full	1	c3a27defaeff9cc0a25ca4240d4f5b5ff7d7ce165bd8f16da970dff3937a5ef5	7a9c92d944bb9a833676043c6d924c8d10ba2cd0f6269e2083049ab71dc1a7c1
rechiseled:gold_block_polished_slab_connecting	slab	6	bc1288880dcb3489a26da800b9e7ec1aba5f1e73eee545be27586f3cce6dd485	04325d89fd746426c11e587f7c40cee0adebb245422432e19db62df1b9c34a0d
rechiseled:gold_block_polished_stairs_connecting	stairs	80	8321b2e38b2c4e42159b28e60e62ed5bc5fb2b7830f97062dd3b58ce8280213c	144d25398d41a6dce2c9466037b92a8f155cae11512a3515fc661f67759e8eb9
rechiseled:gold_block_scales_connecting	full	1	aa7a66bb24b0b03e5bd2c2ef938b41d6aa046e8ff4466e0320eeb7d59adc1487	0e8a538ea9768645f9a9abad24e79a52de3e5cd86ed3c7bdacd028d44c59de87
rechiseled:gold_block_scales_slab_connecting	slab	6	830139b4153b9dc5f19d107a8bb27d1d15d243de6a45c451326f913c6df5319d	6b2e828fad76fc43aba3a85f44cd441e04cd17e2df35758177adf86ee14ac082
rechiseled:gold_block_scales_stairs_connecting	stairs	80	3642765f3cc46a53e2a30af3a224ff663177f8253a1d35893a35938114347c6c	d5a065abdd366f088d4a9ee4c8e9931264e4dcf8408d6b6a907b275c133a06b7
rechiseled:gold_block_small_bricks_connecting	full	1	d38e324dee6ae4f32f94bb9cccfe5b217b92922ca703f59f55e4c946ed5b6b60	242dfbf5c9aa82c0400f69c42e223f77de4411227a7ed2203fe54c42103be951
rechiseled:gold_block_small_bricks_slab_connecting	slab	6	86406eba4eb887583d44a711037792af0697692b485a45a9eb8aad37b0fc70c5	858e0ffdb331930ef407abd40e727d48c928abe55d66e8587eede85f2a86078a
rechiseled:gold_block_small_bricks_stairs_connecting	stairs	80	b7320947413be01fae78d7039b303dc1a413168dbfa16afb078790510d651438	b02dfb065d5e6e1fcb7861b708fb69b1af74067f35a1161acac46a5b15635aea
rechiseled:gold_block_small_tiles_connecting	full	1	f32514055a0da7c53441de876dddaa677ca34b1c7cb6b38be374b72d73c5ecd9	bee5319b095e2ded663590a9c15e1bed5664dfb1e99d117f066a19a964c914ad
rechiseled:gold_block_small_tiles_slab_connecting	slab	6	74a20103970d256f9292d75cfcd1385a194489f62f82661452f08eb23b2c2fb8	7233b1ba7ad477c33f0b516e7302729465cab6c0f89cccd70186cdc97a94f1de
rechiseled:gold_block_small_tiles_stairs_connecting	stairs	80	2af914170b499a93c48ac7448c1d36b509f9f38d3c4fbe2473f8cd62e382ad4e	dd236deca15a37c68d0640f1c5ef3f12fb43fd62d07f8184b665058827b0cd53
rechiseled:gold_block_striped_connecting	full	1	1cecff221f75df880978a56dab61dee51072b58f116ff9a02d0be69f45a32103	23d2c24a2c2de5be850ff4fb00bceb6a48e423076b572735db54fc495c1ab1a8
rechiseled:gold_block_striped_slab_connecting	slab	6	c9127540800e2c3dab3880f54ee589f2ae2a457b44df9e3586613a650963efc3	d3650d01ef6d6e7d10e4da861d27fd4339b0190f1f498adc4cbf4b124e1d719c
rechiseled:gold_block_striped_stairs_connecting	stairs	80	56f8f1be1e4187731e3269b5b66e89528b7c5ccfa3c2010c478bc69a9a5d100a	6bd5e462855ad6386069e3e7723ae4c80dd132c53e292d55103f9c9c3c903c60
rechiseled:gold_block_tiles_connecting	full	1	2fed2230f0a3f5ca7376be8c7704794db6a110f7401ce91c27912adb990e2d17	3e7bce5d16db9b3bcfbe2bfd8c987d22448d09daa99b0216607314084d2e2190
rechiseled:gold_block_tiles_slab_connecting	slab	6	7727c78d265054b01b2d94b87a5b07818ad3c260c6a027985e08aab873b12ae5	3211c6ad8e200ed916aa5a44a7b5eaa7cda7fa63b837ad6ccacc9519b20187c1
rechiseled:gold_block_tiles_stairs_connecting	stairs	80	1d0338abeb2c60e63e725073e4b7535b7bd8c57207822a83172bd458fb28ca64	cee7504b574ce74c18cfc0f12d3c257363f6655546673f8de725e0205617ff7b
rechiseled:granite_brick_pattern_connecting	full	1	cfddea69e1dd56cf8a4856e02c1d3a610d6c15365096a02b05fb7d8b02b7a6b6	aad6e74662d38d4ee80bbe7eea45cd36e41b744ddd6dcd8553c785198faa40b5
rechiseled:granite_brick_pattern_slab_connecting	slab	6	5a214ed25777220705a6d971cb50769cb74a740032df817167e20505a24bd0e7	fec117cef14db5750d66a4546e27b1ebf989c501f3216e2ae2c05b4906824c73
rechiseled:granite_brick_pattern_stairs_connecting	stairs	80	bca0b8aa0785cf805c932592b091a1b09e56d8e105366accac07cfaaa9455302	1c9ed976004c25f91466fa1739304e90998139b20f5ff60ade873d6a916e5d37
rechiseled:granite_brick_paving_connecting	full	1	c992352b63771bf64167d01dbf4de8b059523e85e54db860b2f85b24e45af4ae	30c9e13e906ba12e8896c7c9f643923e598edb1efa021f4514e32be9ca54fca5
rechiseled:granite_brick_paving_slab_connecting	slab	6	2e24affa20472838c560f5dfb14d1d532ef4f17731f7dc92506016f5db907df4	14858b0224d4b2cde4af04db917b6f05f0e2713801bf7e7c22178b8fe9a4fb3a
rechiseled:granite_brick_paving_stairs_connecting	stairs	80	d031afbf6499030f3339b36b705e7565a41f9386542ce68a229754255a8675c3	9cf00e7cf0dcb2bd88c645ad91fbc6086277b3ba9526826203dd299ff9f2ef25
rechiseled:granite_bricks_connecting	full	1	d91de2fa9808b38032a30537729e61cd9b2b98e13c69c4f5f96d702ca4f45ec1	34bfdbb85e5ca9669e7f542f48236c571434a7a8123741f889f397851f9232d7
rechiseled:granite_bricks_slab_connecting	slab	6	49f63159b400e96879a0d20b9f1bb2f4bd2d658de4fdbc646165895d6fe9663f	9b7096b5f4a6d9bba77575cd6ce0dfe290e65361735807859aa55dc373f34783
rechiseled:granite_bricks_stairs_connecting	stairs	80	5b4a40a074c666009076d41314ee6b7a558ddb52db4d165e61d9c3512770ef0b	a773a7ac4898c3a6b8f90fccd7bda7c4467f591bd0c9a6cec8019c6dca755168
rechiseled:granite_diagonal_bricks_connecting	full	1	b5fe96205fcf4b5b40ffb521dd77895bcef0555f2da127015a455c55c53f1171	31a1ad7abef0c72ee5802a04812df08dfcd706a1a6995e3372307fe7351a3421
rechiseled:granite_diagonal_bricks_slab_connecting	slab	6	4c1017d8a4af9902b143d55fd72b085ef8f92da36c7843344b2524eb70fbed1c	b1d97154ecde806b9acc11ab862b1cc1f9224b47c896f9925e60f34b8fa3bfcb
rechiseled:granite_diagonal_bricks_stairs_connecting	stairs	80	02958e884e7c98538361add5ddd861d115321988c4931b00473f6cbba8a46ea9	decbc9b9c77de7bc52f5fb1ddd67a5fc9227ba5c606b47d0721f2663b1b67200
rechiseled:granite_dotted_connecting	full	1	018892de00db3afe9d62b673e4cb91eca07a5c7c3ba0683dbb6164a9c0c0a438	aadf761c1ebd690289d9a5de03efec23a172eec5909478d1fb981695b83dd42c
rechiseled:granite_dotted_slab_connecting	slab	6	05720d51a73058ce93493f0c7282305e8299166055bd4d37fd7183df28cd4287	d48e9b2904b2d803ed2e3f96f7f4cc1294ea71839a97b0bf9e87b8f9a3e2faec
rechiseled:granite_dotted_stairs_connecting	stairs	80	76704dfe6002d8f9ccc0f424a4fcd403d7a0fbddc5a7808895fedfc10d358271	4b768d28d9ba8afbcdac6355bf2da86b8f68ef4aa3bf8d459a58e7f76bf8d504
rechiseled:granite_paving_connecting	full	1	5d32be9ec8dd3c6f28e8ef51819e66bfb3f2b93f41b6ad22dc4f505ee737dac4	44f3235c4fcda1c311c7786f30256a219e0ecd40daff9e229813d8405b06b4ec
rechiseled:granite_paving_slab_connecting	slab	6	e540b75421cd8d0078273c1ed11667fa9eef33fd32d32a6dfddb8e9283db2222	b7606338f9906f50082f1e0725ba4e5f26937b11719f581253991351e1672437
rechiseled:granite_paving_stairs_connecting	stairs	80	2bfcb08a30853f2233355dbaf7952faa1ae62dde6e5df7711e0ec8f8a3096d7b	af33072ce10a5bd20e596ffd7496009bd4b58131a01c6b22300621147dd0c493
rechiseled:granite_polished_connecting	full	1	d5cec437ad7eaa18782148b757c15402e864c55f311bbc62622ade5ce579a3b9	ea71c7929fe3a7d3922c876b491007295a7a02959bdc89d9c75c3ee8e63b5da1
rechiseled:granite_polished_slab_connecting	slab	6	7d076c0bfd172006f5b154927c0efc20774f423531e6798d92fd3eeee69c882f	c10a6fa7fe5395e9514ac93c9aaa3c0ebb33f3ccfa497208eb7818fabe5ffefa
rechiseled:granite_polished_stairs_connecting	stairs	80	08a7cd78309bc6cd0e2b38350de0c495ca17b8d3993150c69c0fe789b72230ee	e2fe889c9df4e69a8737cda22069c83eb4340d59e0359fb5f3b7e34a74781167
rechiseled:granite_rotated_bricks_connecting	full	1	802c7fba1f1f202b4e87a6a5081e7ee1637e78adf17f87254fe60082dc25822b	c301197a26b5e309f3f2bd9fd3f8f6250fb27885ec641c924d938b86d9609053
rechiseled:granite_rotated_bricks_slab_connecting	slab	6	e8e1a5d77c8a60427ac97c824410ebb7719b740f3805a6523a157d92953d4ab6	713991eb0b1d00983b6dc0719b403c43a912cef9ecf10972c55b01d4b68f0d91
rechiseled:granite_rotated_bricks_stairs_connecting	stairs	80	97e4ce512a1ce67f039ce1e1111ecc723d0c8a730e888f06f24455a55f6f13bb	f47484e78612d0055fe6453d44618d7a14b861e79c687aa282e898f7a1a8ea7d
rechiseled:granite_squares_connecting	full	1	07776a81e2d921d499d06965ba160af8e8adea84f03655803a88a29feff4a103	fcbc9619dd9d086dedd4019864364f539518de3e1db40c543d2df2e30710ff2b
rechiseled:granite_squares_slab_connecting	slab	6	793491ad8094a884e3214c2d605d27c2be8e24383b96c7edb15565e75694ca30	6b4d0b1dedd8f5d2bc958122df01c80e7cf57efa25e249baa93f1c5b8313d310
rechiseled:granite_squares_stairs_connecting	stairs	80	1ded56e79d1ea8508348c0c1c392a03060db0a0dcbfd089d4d2697d0faa16481	3a976643ad871b97aecb61249912fe6527484392735f185c5240552999b07074
rechiseled:granite_tiles_connecting	full	1	315ae0fd66de9b06f522e580c6156134cd0f43e5af58fe3efb5da4e593753abb	3f45a86d61aa8154f92d744e02098ed4b2faa8c3a8c4df3659ab095ab6c5f1a9
rechiseled:granite_tiles_slab_connecting	slab	6	4e777eb52d80152ae40938625fdb305c5286abb3680bf856adb6c0f9dfef8098	142618b9e1b64e9d254b0f611acba0b5c291768a40e55f0d16763ab16d7dc766
rechiseled:granite_tiles_stairs_connecting	stairs	80	b08cf50593a71e77652c53a10568c54d4b49981534d394a3955b61149ca5dae5	fe857b84d88727422116e75f84665d2f7148832d245d3803b2dd814a214b8793
rechiseled:granite_wavy_connecting	full	1	eee29262a172f36cf7fb2ac5d4a03e5f9f7df3e0a73dc924c7973d57f9025abb	3d758fd9724030ea1e700c5b55a5ecb73491a8def94b6bdd5a591408f4a5c1a9
rechiseled:granite_wavy_slab_connecting	slab	6	863e2eb77c2662a78f3da91167ec6170e63a695a2bbdf802c0de31b334221ad2	7aae55379084f1868c338605acd1f4766e36e343daea3315762c9e9ca807a39d
rechiseled:granite_wavy_stairs_connecting	stairs	80	4ed4b67a36ac51f35019f6a62c92db96a815b8fb41870882bdfda2527c21365c	93a67007dbc1e1648710c9abaffa8cda81d55ca51158b71ed0614aa5020c5310
rechiseled:iron_block_bordered_connecting	full	1	b8dd89afe2001ca8c54b718ec1ea238a4563213af23f243044a5e335491d87fe	b4e0121147013970ef4eed46e3ff1f84f909b5fb20ecaa7cb4b31b2a9d4f6b3f
rechiseled:iron_block_bordered_slab_connecting	slab	6	f9c1917614ef3e4a9b1953255eda5d8a2848c2e4dba31ad86d26c3e8ab2eef02	c4e62aecefda05fc12ef0d20ecac2e0129af055ccbcec989ab8abf9d038c44e7
rechiseled:iron_block_bordered_stairs_connecting	stairs	80	a5fc3e72ec069c051788e2c83b15d66bdf1e6d9e3c247ffbf2ff008b896166dd	3ebd95b223e9e8ad591fe6f0a41f748d0e610d80942d8bc21e547a5fecd19478
rechiseled:iron_block_chiseled_connecting	full	1	d16fc873e239ea86b40e52a00d3d7df16728ff89bd9a18c8bcfb918da125ce5e	c0e8c3e446f90fe8a7cb91721cd3522f26765a6a9664110468df51b1eeb11d7b
rechiseled:iron_block_chiseled_slab_connecting	slab	6	d153da73e922760dd64d51accdbb185bcf73814024d508dfa1c94ee48f0a30c0	d1e9dca1821dc88209a84793422a5dc51f18a87e79a1294c895dfa2755152482
rechiseled:iron_block_chiseled_stairs_connecting	stairs	80	a1ff114936aaf9c97b5466347112d0873c16bc30a3981ef8bf0a0823c662ccd3	10ec0c437eb6a901dabc54ab1ec7a67b7ad61345f2b80b0e8e24e8adfe0cbd29
rechiseled:iron_block_connecting_connecting	full	1	f517c846445e202ea96f02ad6d664d9394ee132f4ec5f232024fd73f94cef6f9	68d303e2c8f5eb21258c47f0975f0f5ddf6b565b1aaea464b86d57efaa30d553
rechiseled:iron_block_connecting_slab_connecting	slab	6	c3216d65b1298dd0d497113fd56fa2d0c53f8e9c81dc829e2b5720e56215819a	6518186f4a80acae22cba365f4bc7d06a30597168a5e5c490e1a16e61eb30ea6
rechiseled:iron_block_connecting_stairs_connecting	stairs	80	e0bd50ef5fd532f3a523101772320e28a2070215f6158d0b8f937c09ebe1f648	96601a393ded7a3c380c29734c6dfc3876ac43d9dd11f39db868845e1ab56cbc
rechiseled:iron_block_framed_connecting	full	1	5650ce3bd120d32be082f61e6dbf9cf97cd906ed4697cbda499463ca6eab02bc	d1b7c73c68d85c0e943994725d1c5677688d8d860bc8d2c90dc253a0e2b95640
rechiseled:iron_block_framed_slab_connecting	slab	6	6e12254f16371be27e5297bd5d9c6ab4ce09c1c86c17d906a1eefbc0196bca85	a2eee779a0db66e7fca16ffb650bea51bd35cb19908a627fc564e420e03bc352
rechiseled:iron_block_framed_stairs_connecting	stairs	80	d02f1a68c22230b04be2aadd5a7f8b8add04eb4a216dc816472b0d48edd00fcf	cd6f94edd1977cedf31bfd18efd30c14dbe686130fabda3decf625621650eeec
rechiseled:iron_block_gears_connecting	full	1	416740750e8f43c3ac1b2fc908cb777f4cf28e903d84c398b99019caf9d7a1ad	7663940e7b2693cf85f9cb6e2cb647682b59b487733890faf36fa06ee9804ec6
rechiseled:iron_block_gears_slab_connecting	slab	6	4b864f9a9acae3952c2d4a95e73a2f1720fb9656cd3b353b1fc0fc6331e9e0c3	daa3e1979ee5ba009cf087173c8dedf5f6f71ebe93bc1c3a98bb364769643ef8
rechiseled:iron_block_gears_stairs_connecting	stairs	80	78845467892828ee7f42e6d780270f619f757ef9d65f2a6c6298e3a148b839fc	479085fec17784692c844ac4427e6d9c8c7ce43b993c7257ffd1513d4d5ba29a
rechiseled:iron_block_lines_connecting	full	1	97fb6c65c3130db816a286266017be52a8bf8ad2790d3195e47a2c27476ba357	861c72bd1ca5277b98178b72660dab07b8c1b494839b29b6fa48f76ba1407e40
rechiseled:iron_block_lines_slab_connecting	slab	6	8ba70ee67132481e7434257fb97df11a106b125d9ced7473ae524ec5ed9f0e55	f785f4cdb0dd34a9a06e0a26e09a34bb2c65c50d54d333d13e6fa83d1dd670e7
rechiseled:iron_block_lines_stairs_connecting	stairs	80	9805725bdeed59b9f4827ddb7c3f207234d97f2c9988abb63b86afa2df848d64	deb0627ca148d112486606e0f140f3a4c136d5ce1669423bf8306e8023b28081
rechiseled:iron_block_patterned_connecting	full	1	b982eea07189194e1f8305589bd9cf8effdc755becc3c6d303cca7773840fde1	3adfdf7579ac6398f4cc1a4954006a8cc3534c003769d527b95bdc459814eab6
rechiseled:iron_block_patterned_slab_connecting	slab	6	177678ae535ba38ba32cab13e8c398656e40a052fb219392b4367bd318f0f0e2	3a696818fd3440b74964ca92ad92b3a87772eccd2769462ec9b03937d59112e8
rechiseled:iron_block_patterned_stairs_connecting	stairs	80	33d5e5f01d64240e67508fc5a619028ac982709f99e638a7fda2c9ccd2e3e2d4	c3bcdc374724e257ef9c33b3958637586c739356921c89844e6b2905bb2a1058
rechiseled:iron_block_pipes_connecting	full	1	5949f9d42470d08c23856982295d2843e37f16ce19769aa42f9bedccf9832db3	18d19983b53533202b322dad88631c4f02c9585750c1b3fe9fe96ca68d7d1ca8
rechiseled:iron_block_pipes_slab_connecting	slab	6	ee427771a64e96f095b6110587d62fa9ade7d892120fac911f4b6c45cba51ca0	b0b4cc6fc17c92fe1474364de8caa9485e62416a474f9ca635c64d0479c429b4
rechiseled:iron_block_pipes_stairs_connecting	stairs	80	097f263a084becf8f46f5b15627e77efc1de96ff82d8639d8205c921c161b249	2a5d6d41fc06bb682ed731356fae2848d3a728445af42be49fd50938382adb07
rechiseled:iron_block_polished_connecting	full	1	121bbc1696d46789a9aa49bb7ecc8ee92f19f128e88c2ec90c2229d586baa39f	9c5bc4f91fb9ee88ca2daac315c347db4eaa98812849bfebe11af44c3bb6820a
rechiseled:iron_block_polished_slab_connecting	slab	6	2e8893ef110c5238d511282c27dcb5cfe5b4c2cf7b7348ac66aec1348ad404ae	65eff23f07298c34dd2d5401bf751a5d8819cc0766796fd71478025c75dbc97b
rechiseled:iron_block_polished_stairs_connecting	stairs	80	9605732f585c2454cf685f2ebfb539e50be00b84d0d2b2e511590eea81007fb6	32e0a7c9c33451aa8ab161709d6dcbf1ae9f9339785c9ee0af6045c87502e9cd
rechiseled:iron_block_processed_connecting	full	1	414e7ebb666c4e92e60b6e7a39bb04e16e40ec3cd5dea64900aef32b4284410d	2ad61e813b817ba1f4bf547408f56636981e475601143aece427e74debae987e
rechiseled:iron_block_processed_slab_connecting	slab	6	91d22b73ad1f6b471cefeb75e23b5478182686936f013782ff9fba4bb4143cba	9095241834bd6ea3c1031c18af4ee67f6629f8ef9fbecad05d7d0188ee189e57
rechiseled:iron_block_processed_stairs_connecting	stairs	80	3e969f77d09fddc00241ab71215dd95520603bade2b1752c00e5a57efc6dcc8f	151294c570a0aca912d6014d1a641c327cfa1770853257c26779b2e81ffff119
rechiseled:iron_block_small_bricks_connecting	full	1	462f1653f07ad7d2a01cc1a40259a0d326a501d8ca6ca86a30a72994a6a3f4fc	5dabaa35a483328bcacc9d9cf8e4edfc3029e86f6dcd9dfb8caef31b2f6003a5
rechiseled:iron_block_small_bricks_slab_connecting	slab	6	d059bb9a4ec525e7903c1a50b3b4cc053f96e39d57a43196ef30ab5529fa52cb	083406a41cce051bb56cf405779538fe1901ec0eb14aef41f9cc86cbb7cf5ec0
rechiseled:iron_block_small_bricks_stairs_connecting	stairs	80	4eb88b8ff69a844e01d86d58bdefd418622ebec1e6b6bccd460aa872d220cf32	9cc10ef3d82147f31fc1d9aadd26e8eb1c5da771be4a59c3e408685ef6c39c2c
rechiseled:jungle_planks_beams_connecting	full	1	162f7a1742c0ee4a05060e49fbde703208bfec28195eb84a48ae55d3a424b240	12eb1b7f9c0a93f41da4cce89b8ba28b6f774332ceb31185c234a83a3c9d0fe1
rechiseled:jungle_planks_beams_slab_connecting	slab	6	6129b222fcc94d75deb9dd616a0d3c2a898c60321c71020dce460f18d6372c8d	50e5fbf163471fa36161aeec7f69a34d386084bb94095446cd4e92d3dc1920e1
rechiseled:jungle_planks_beams_stairs_connecting	stairs	80	89ee8465a1046d17c9ebc1f9d87f797dfc238711ecdb49211cc6753fe9d0158b	f4541b0e500fc81ea5f829f7c66fca9cddb7ea43ba6e766c2d01aef7b3f93b36
rechiseled:jungle_planks_brick_pattern_connecting	full	1	fd7d69d24618e7c69fa0a219fde2fe478fe9a49a043f97afd6f87688c3aa0e2b	17597da22c21b041842e1cd07d2cfb246cd727e158ca80a22d99efaf999545d5
rechiseled:jungle_planks_brick_pattern_slab_connecting	slab	6	19c753493501c9761bb802aed0442d2ce5aed0d1095ae6c771f4d9b1f9136980	ace61462d22ac4aed1b7004ecd5890cf60940812185e4c67c08a82cbca7581b6
rechiseled:jungle_planks_brick_pattern_stairs_connecting	stairs	80	7b5bb4b89f7610507cdc4ce479a654ce345cda5cf214c868c2897c69f5cc659c	7dd7a62fd94657bbe080349d452a359c1573a72adcf2d2b799a3a701fc4091d8
rechiseled:jungle_planks_brick_paving_connecting	full	1	c4caefeddee64f6a6b4c9902255804eb60531c864805a6f940694cc1da6c81d4	fb965a8b795cf23652a4df5dd2767688f1e035e263ac84aec5f166f90032df1f
rechiseled:jungle_planks_brick_paving_slab_connecting	slab	6	27133f25f4b43fad9badc6744926e8b3e2c5bbb0f33e7dbcf70992bdc0cd491d	3bca808dbfee0c46fffb0742ae70c987289ed73786837547e3a4c8fd8ad8df0a
rechiseled:jungle_planks_brick_paving_stairs_connecting	stairs	80	d12358a166fa4a974fdaaaf45518dd5c525982ee672f133634472059b97f0c67	a55a324bbcd2085333d5aded734bf12b4f66a8fe428bc1478bcfad0edbd38fd5
rechiseled:jungle_planks_bricks_connecting	full	1	09fe9392efe31f989ea40627c5ea64e1fc4e4bd552c80a35f05d0d8b54170139	0c4c2531fb40b3e51061a69bc4049cd0db509a3e3b381ab7f14ce4162796098d
rechiseled:jungle_planks_bricks_slab_connecting	slab	6	fb91be8d05729dc8e3e3f5dc6aefb78cbe48a6d95c3959671fac924a24c60ec0	91a10843187054c3f55d2d459abe326c6e2653d551b239e87bf5f854e5db81a7
rechiseled:jungle_planks_bricks_stairs_connecting	stairs	80	e8dc02a5d213a6b0ed7fe35ff07b95a2eeacd8841a5995e46326c536442aee05	f0bd3c4481d3fb6808c64bbda4c34964e6d6c5a24a9a52e63ba9e00690e0ba76
rechiseled:jungle_planks_crate_connecting	full	1	95a0c718f58fdae4efadd5b64d222493c519fa8c0f5f2a6c1690b4cf1db9c4b0	afa44399f2bba957d647d5ded84e5a91af35e546442ea66768a3f47e2e3d74e2
rechiseled:jungle_planks_crate_slab_connecting	slab	6	2ffff7d828a0aa8eeb67d57bd2c0aafd414affe1d421e0ba4828d3076e2e7d73	da26f3ca8ef047514d98d2019ca83aee2d201fe418aeeb16ac3dc264c7c0d249
rechiseled:jungle_planks_crate_stairs_connecting	stairs	80	d4ad0d00b8c201228d4bd0442b9bf034e759ec81942c9910bfb7bc6b877564be	f2aee70ae1c934ab111686accef66ebdc68d06d9cc50ebefa39a7d3f7c328219
rechiseled:jungle_planks_diagonal_stripes_connecting	full	1	8c7e3f32eb909df7347c90cf8dc17010ce26e67bd3d541bd8f452b10d0cd0b1e	10ab3570c84b6e41bf8ec5c14d90f0f6a174b97beef2e3f2177649b5d4774187
rechiseled:jungle_planks_diagonal_stripes_slab_connecting	slab	6	bbed06eff2048f2bc36a5a6161532e81d099b62f391323a5c1398c80fcb27b0b	489120e779de046dccd6e0ec66bdfeb28aeb0c750bdf7dcfaaa986dbe6287e8a
rechiseled:jungle_planks_diagonal_stripes_stairs_connecting	stairs	80	90ce52f1a086b3fdfc0e1cf10c8e3a70ccca268210fbd9764dd8b74b57035907	0a9e5d311d889197831cc49a83642050514b1102a1419162afe62c83f451ac44
rechiseled:jungle_planks_diagonal_tiles_connecting	full	1	d8f31acb95256223720bb66269bd43af4e7f1fac4f229acd0712624fab0527f0	e8034816402a999fb1454e8ccfccedad884a57464b3a44bc29510d5458d68065
rechiseled:jungle_planks_diagonal_tiles_slab_connecting	slab	6	1d8129de692fe444fba7406b7e38b523e90c6c718f8c3a14b9e2656b86376d97	e8ff133d496de468d8e27c99a6d5c1ba2f6c12a1633b64fd87427446c4aa8d0c
rechiseled:jungle_planks_diagonal_tiles_stairs_connecting	stairs	80	11fb325be6cd720ec73fc818b9135c9f3c501ba6680487d0a56793c530049e2b	49e756a001c0e4975c54677df83e23483f22dc0e1ff7017f31c1bab0071062a2
rechiseled:jungle_planks_dotted_connecting	full	1	9738fae46808565b932b73508fd5db392db3749124e4ea505360b56aa3ec455f	062b59598fb575bf48cb6536f4d998971e7a44f9b3ef5c1216de8dc613892f95
rechiseled:jungle_planks_dotted_slab_connecting	slab	6	7cabc9066596c50ee8f4c3e1d608f6bd7f1177311718841deb6a3699023f091d	360bdac3d438f5aeb5ccad2a2e7e3afb41a22431a6a76d1a703ca4644973165c
rechiseled:jungle_planks_dotted_stairs_connecting	stairs	80	1fceb32aed72464fcbe813c9d4532a9e5f6594053ca799fea24c8268aabb1b0a	426656d07b3916238c387a6d42cfce303c255a55a9a638b1e32cf846d1018c9a
rechiseled:jungle_planks_flooring_connecting	full	1	08d055a8ec4e37e3d464c590453a4ba8044baa22016164e4f21ca09ea0b4a037	241ba949a8b0fcda67b0449c11642785e0cfcc9d2d551ab6ffbfe48dadf6a69a
rechiseled:jungle_planks_flooring_slab_connecting	slab	6	30224dfa2c7b20f1f502eab176e0f22c2b72c8179cf1fcea51eda82bae0e1841	3c6caa3547e4bcdb3d42283f089dd027c4aebe3a4d3ed7360133d56faa117305
rechiseled:jungle_planks_flooring_stairs_connecting	stairs	80	49fc9f266d384f858d6e8e00f01117d76fa11c9ffacf07f3bd49b8070db95462	01e83b5bb90cec2e7eae73cafecdb6975bb444e6643bc34dec862ef2cef0c8f7
rechiseled:jungle_planks_large_tiles_connecting	full	1	14892308b82d983c6a455f9da2bc636f9a1d524bf4150c600a012e49445e0012	5298287374959e825dc7f94258f765d60fdb0b8bb6a8f6951e1e6f2d8b748ace
rechiseled:jungle_planks_large_tiles_slab_connecting	slab	6	295b7c141a9b3b7890b2c675707b8d1f1c613842c7f46e7759955c96284aec2f	7138e8a3f1a8501aa79b8db22e29edfd486bf880943964fa233a480fcaedd015
rechiseled:jungle_planks_large_tiles_stairs_connecting	stairs	80	752e8c2b12c38e6854bff2202a4dc11441049cdc248d571367a7c71d2a247a64	101fe6e2902fe0532f25b22d60afcd750533b3ff59f7af3ff291a29f7f11ca00
rechiseled:jungle_planks_pattern_connecting	full	1	4e8fd98a788231a60e0663c5846d09614ffb111a6c65b7f67a163d7f31a6a2a4	3b5ca9e2ecefd2e6ae94b4ba801459c0aea31d7589d6075a56b597ed9292a0c1
rechiseled:jungle_planks_pattern_slab_connecting	slab	6	27d030180c36f4227fb98146847b1c6872c2f93d6469cd1cb1c390ccb041e301	8687f5304c4ba682f42b0fc00e688198da2ae78ad15f09cd655a88928de312d2
rechiseled:jungle_planks_pattern_stairs_connecting	stairs	80	8cc8d877c6fa450ce9cef6d97519091844870dbb7ab52df043693cf16960ebbd	4574ea5f4c6c3704cae41808ee5bd9bd1494b5e4786b82fe79793dcd6d101887
rechiseled:jungle_planks_rotated_bricks_connecting	full	1	a009268b327c07be2df4b2d82887cb86250f11c3ce09d5be1b23e2f0d3572fed	17fcb44ae26056ae42cebae52652c1f86a63d8018ec794b09ae30d5854a6fe76
rechiseled:jungle_planks_rotated_bricks_slab_connecting	slab	6	3713c5010e27d51658880665b825396e3c3c83b1d404e23de7c6a1eb96ff21d3	90609a43fbd25549f27fbdbc45029bc464a00ab2840953f2ee7975148a87274c
rechiseled:jungle_planks_rotated_bricks_stairs_connecting	stairs	80	6d8f727a85afca979abd8891c0ba7c3d42b0414d9fe5f604076a22bc294aea0b	7ba9c82a2916324ed706410382fa0076a59479b01b3cc19880706f181289fa1d
rechiseled:jungle_planks_small_bricks_connecting	full	1	0ef4c4af9f80f61f7ca792445aacf482d251a14f23304dc28e20be4a4a87ad35	502ea72ada7541fba68156f38a1f5483f737b3862d5a4b509ca9ed43c7e68553
rechiseled:jungle_planks_small_bricks_slab_connecting	slab	6	950f5e6fca7762defc1246befcc5ad2ecac562019919e91831cbdca61e7abf3f	67828fc615a549fbf511a69b2780d2ff50d39f60703d7c507930e5090b74f8d2
rechiseled:jungle_planks_small_bricks_stairs_connecting	stairs	80	dd47640cf138701a04c3890cd6864e8e1da5065ed0c98a7e36a27e6526a0c3eb	bdc918f16ff23490e74ce785adf06fe16b8e66a22160805958807c1ebf7a211a
rechiseled:jungle_planks_small_tiles_connecting	full	1	5f0fb73ab40badd9fbfd5a743b1bc1193bb399f0d3759e37d57ef4c1a5f363d5	098ae4b094512b7c2a784d6435ffde94bc93257caf7ed96ec98bdeeed3dcf538
rechiseled:jungle_planks_small_tiles_slab_connecting	slab	6	704ab1d8a770bf35fa74aab4b008ba5a83f59e9f87492b5459c1a1222c59b703	cfe716227a43d8add1221928e25e45e84d272dde6fd70223b0a2f5975d3b6abc
rechiseled:jungle_planks_small_tiles_stairs_connecting	stairs	80	33776b3c5941db4282b88b2f9ad1e80fe8d208c4c0c5ae52de32f15069377727	06846a925d3bbabbd43d03b18bf32a39970998ab3f3d36ba7c7e8f6da6246ef6
rechiseled:jungle_planks_squares_connecting	full	1	bcc5d83385585265fb532d6f9879e0ba1d3f48fed32e856f0218547d5145be66	8254e27a17f1178e407bf929c88f3a143642ed063894bd0c7c277bdce4c9330e
rechiseled:jungle_planks_squares_slab_connecting	slab	6	bb2ed6c699f933905212602f326cde779a725964fe3a77a3228b2b273ef204fc	ce437531221b95620d99bf46d7e5df5221dccea07a8051db9c514dabe44b44b3
rechiseled:jungle_planks_squares_stairs_connecting	stairs	80	317380bcc74385c95cae91fd74517b26f18add1a59113a660c41d3efe2c0faa0	56f619b4b328c4c7b8f6ebee2dc4e41b3e4ed93c213a51230f4fd8e7c8ff4ada
rechiseled:jungle_planks_tiles_connecting	full	1	3759aa01f0fcde1ca1fa1e454eb6425930638eab6e752de93f4b549ef1c1336d	f1ab619ccff14015f5b1d2fccf2c63b228716235c131059880b9e7ccbfe18199
rechiseled:jungle_planks_tiles_slab_connecting	slab	6	92be53c0d974b3548d307fa31291518992711dcf466d77d2cf68a22fda08894d	df637320da7e09bb143b1f21a31b30165eb2621db676e3ec08eca0a91b3dfa18
rechiseled:jungle_planks_tiles_stairs_connecting	stairs	80	b1b397255d7084a60fcb787eb96addaa38fff41b9dfc09d25ec1854df0370977	f9b3e3c8122c85d1b2fb0c8e06066e05f7d54d9edd8c48c99453eea76e1be410
rechiseled:jungle_planks_wavy_connecting	full	1	bc515ad97bdc0962a99c79340fadbd647455e1e6967fcd3488b9c309c49d9bd3	7908c33eebfbcd81c114da760d4b8e203cd88e6f3befc3d211cfbf90247cfbf2
rechiseled:jungle_planks_wavy_slab_connecting	slab	6	9c1e0e60395b6d32cb11aae1052d618d015a52d5207f0fad7009a01d2a545440	d4081a6a195d052f6edb0ec4dec32b27960c3fc0f384d7a41347f98f3cde9b97
rechiseled:jungle_planks_wavy_stairs_connecting	stairs	80	e5a4186bc67a64d014e6cbe54eb52ad16d5a7adff4f2d1663175eccf4da0dc00	b8ce91dad58c772321f027b2b58eec4e8bd751907cc60a84e686377fca07d801
rechiseled:jungle_planks_woven_connecting	full	1	89d47fa09e298c440578307a70f639ad952ded81958a8ea0e5a30b6ebe94521a	bf7483f8b956375aaabd85d7d8c6a685aff3f84f2b38d3ba6f02311b1fbb0e0b
rechiseled:jungle_planks_woven_slab_connecting	slab	6	035726bf962287ecd94807ed402e08010f2ce8a258244c53999065eb0fefaf99	b1db8b020275e48cb239e874e0643363ebd00b24ddba38dad45efc76f75307f0
rechiseled:jungle_planks_woven_stairs_connecting	stairs	80	3cea76a180a33c8b2ba89064164f5b2388d8d74f3d7bb87ae7b974168cfba308	90a4876c1f951561f653e26ffa65ea41079cdab324b3a898f6ca21fbc2addb55
rechiseled:lapis_block_bordered_connecting	full	1	4a5024b06d47158d699b73260a191296c8cd48e2ca433e7d40d3757700569dea	c1d4d110fc323928d2ffbf80c6cd985e892bc681c1f3e066386b3b2ad508c2a5
rechiseled:lapis_block_bordered_slab_connecting	slab	6	f3f8e660fb741663f68149cbbad831ca713d467d175764802b7bac84e90e25e4	b5ae87eb93c55457376096b6ad6c6b16c9deeabfdc999b69f11598ff8219b30d
rechiseled:lapis_block_bordered_stairs_connecting	stairs	80	c1f46bb58fb12004942ac263a20ee7f8bc529056ef8b0b921a260f55c1369456	23ac55aa6d7eb817b6bc0c3c7627d5efaa1532cd41a040596fcebbc897eb3b48
rechiseled:lapis_block_chiseled_connecting	full	1	15d8799f07365001f31b12cc27ed0823261b2934967d56f513e926816223e0e7	21fa944b14ec987465cdf2e39b7afd96c295fbbab685df3ec53f7ef0ce867a79
rechiseled:lapis_block_chiseled_slab_connecting	slab	6	88e349c6484c697b3e88b609afd837354cdb680ab657de278d1b7fca4acaccf9	fbe4496c88f74c5f5c4b5a2190ed222fa6b44b8bfe193945a4aa6610c119643f
rechiseled:lapis_block_chiseled_stairs_connecting	stairs	80	fd13f211c04d8ac3ab5fe2f5e04bbbf1d37bb837bb9433beb2367098983a24cc	72443da4fa66b765257aa8b7e86953c87fdac67d119b3314e605b9bec7e93b4d
rechiseled:lapis_block_connecting_connecting	full	1	d28e47afd66247c16b2dd6034cf590bf1420ac3cb390316d1453717e74334d2a	be0dbc5a561c9046cd76bc006bf95e3be467e554a0978d7cad0bb237a9fc6f5a
rechiseled:lapis_block_connecting_slab_connecting	slab	6	b9840686c02609b420e1733d922e397ccd8500151a7de01d1d64745b0a444ce7	1f59854516cf295a31de2d51e722a8d3025fc8d86302e07cfb36ffc1e237cc7d
rechiseled:lapis_block_connecting_stairs_connecting	stairs	80	78d5abde4bd78598b874af44b68fb7796c56fdad2a270e19e47a1687eda6379f	4e46301fafc6da1badbe6db35b80ba03ade5650c3077b026734083ff9bf1284a
rechiseled:lapis_block_decorated_connecting	full	1	2fd35c9823d97b792644a8c27a8a8c1a05ede45aef505e8824cd56c7ee167d85	cd8e0718d73ac15929910cfca3f25639cfa76da1c806e1ea6dc19a2f82548f8b
rechiseled:lapis_block_decorated_slab_connecting	slab	6	bb7e0dbaa4fd3818718c8d8249a696a71bc7ac395913f37e155d1ddbf8494e59	0c8c2f97e2836cb0558ffde116d4a655f43a2e9dba0b2b95e19f4475dfee7a65
rechiseled:lapis_block_decorated_stairs_connecting	stairs	80	5f2121f8d27010ab29bcc65826c0ceb597a1e9cb865a7090539d9e2eb1698e32	7f4c920417c5f2f8a191202df9b4f7f2c0ca65d5ca650c0b65d938f6c857a4ee
rechiseled:lapis_block_glossy_connecting	full	1	05272478314652275c0cc87dca7356527b8c80b5ca88397e542b9356669dc822	c4e8a5174b840ac4ce17cebad26fc66f4ef7f11230a5060760365d394a28efd7
rechiseled:lapis_block_glossy_slab_connecting	slab	6	beb9cf8bf81753235998fb53460b2126c7230dffa2f0e48277758f41d98c0ee1	d6c35751031d6904ae6e889498166a6a752fb1cd29f1b52d065ecff8cc60c881
rechiseled:lapis_block_glossy_stairs_connecting	stairs	80	5477f7d9ccfe2a83e18e7f2b02323e05d25a058f56d1122e4aff1321b32c9b70	18ec1f7db7e88b0430ba4c497f675807f01a388a7a6f49b875ea02ed80aef3ca
rechiseled:lapis_block_inverted_tiles_connecting	full	1	1d13ebdd802cf36a8c439d0a0ab972590eeb8a4c342496d11c0012088d4892c5	578bc6dfd3238ce8230952786680e3c8e12b2943caf29b3f83b166d8f0b5b941
rechiseled:lapis_block_inverted_tiles_slab_connecting	slab	6	6233693b4553d4a7819b9aa16465c2cd64faf4b7c2df7d94d34e76d95713911f	bfb93d6f6805d7979c9f39d1d67da0a174b14748c02a57bc14404ad71ce70142
rechiseled:lapis_block_inverted_tiles_stairs_connecting	stairs	80	7fc85d4d7d3a3e4149bb4142b70336bafb68feb99de6d705e473f58b7647aabe	86cb807241775ba7ffe2293c3e5d7142876e4290c274de73824f5a16aae5a433
rechiseled:lapis_block_mosaic_connecting	full	1	7c6717e2c5d4a7bbe390706e6d0e17001a08432df3c9dabf1d3f03ad83eceb95	bf2961877f774ac00bbc27e63c0a7a5e856b1ec6d720fbdc46952c68b1453527
rechiseled:lapis_block_mosaic_slab_connecting	slab	6	f697d251904c7d936f02407ca7f24d36f6561b0ffe454a19df2e189c442f3b5c	f256883d5c93cfdae666dfe58a963893cc3e34bb078b8962b6251e8902188d9b
rechiseled:lapis_block_mosaic_stairs_connecting	stairs	80	a86f19b35644357f495d51de611fcdad2629fbd7280b423d886cb92590b9ec96	211c7f3b9970de7fae181e803d6b37db8d724ab91fbbd06004832176c8b46f1f
rechiseled:lapis_block_pattern_connecting	full	1	f92c9fd7bf1011d90862a5c2f94e45c80d46864a5468e5eefba471f97a780382	705cbd81c2e75580f35d3ce4af7adb4af25e5239acc0d2f0457735b2b4fd09fb
rechiseled:lapis_block_pattern_slab_connecting	slab	6	3e097a177d7af2953c3496da99781a54e93a0ce0a1c9c2902aa8274354063581	21587e803ce2708f95c3755d6e1beb1fd1986ca7a6758b82ecd9b62e4b319c18
rechiseled:lapis_block_pattern_stairs_connecting	stairs	80	99191065a428fabebf7f6f13e48056c372146be10d07d8b65bf61ab840c0d193	e3b6f337e1d2e5c12fa03c189face19e23989ee91c6f2ee4b0f1f84cd9425976
rechiseled:lapis_block_pillar_connecting	axis	3	f8d4bdd63f9aee20b7f4949237e23c24b5900431c3fff3b17bbd8ba3349819ce	5e564df2de09556a05ac12e0bf5db6d4c39c8a976e43b808477947cd2be52f93
rechiseled:lapis_block_pillar_slab_connecting	slab	6	10795d8efca538bd57bbbc82a7fa02dcee5cb5e376503fa2045411e8b9abe0dd	ab1d43055c89a036f52245e580c51a0f3fd0fd63c0797f0dd34d1a81e5c02f00
rechiseled:lapis_block_pillar_stairs_connecting	stairs	80	ad1ef308b855c900cdb6d434c42c551f13ed92da2c6b1a53a6f85ec27608e260	e143b1b5d5da09adc17ad3aa5e1d09a1f4a79262ffcec5ebbbb1eb6f7069b38f
rechiseled:lapis_block_polished_connecting	full	1	5834277837b6c868830349301038ee4f8026cdcc512d5e18afb924b97394a990	6b2f76d630e46bd6f3a13254e5328c7b6fe7f81d953f59b2bc698aab5741f18c
rechiseled:lapis_block_polished_slab_connecting	slab	6	ea734a4060c6de319f27173bcbe10075700ee612f985dbc32a2a612f8f73bedb	8ab907c7dbcb95c34c1c8a97988f05c58f6212caaa1f9dd24e1dd6b2eea40fb2
rechiseled:lapis_block_polished_stairs_connecting	stairs	80	29b72a712637e4e390a2c287eae51a418dd0e7f925425e87956ce78f452dd3f2	cc57090c544cc1dbfa37d67a61484f1499c59d4ddcdac3f3e74327fa777fc23d
rechiseled:lapis_block_scales_connecting	full	1	346611e5e65596167d912c16c421610575f53109da1ac4623dfb53d7b74c1b83	c3ef16aa81c8eea9406057502ec0f2a26a0753029b285569a4f0287250766a81
rechiseled:lapis_block_scales_slab_connecting	slab	6	736970a6b8ebcf191d4933648c53bab687e4031f5d7611bc72e3c841f1feba6a	7812a7c02b9fb46193aadca0a9a30edc33f4ded662a475c12850d9812cff16fe
rechiseled:lapis_block_scales_stairs_connecting	stairs	80	ab95df48b11a534eaaa1fdae6bf323c9528e06f97a5a1610440bb88cb9dc99b0	2753c71da9d4ba70451947ab341e2f1fd51c1890439bebe2ebd96b1c85426b48
rechiseled:lapis_block_small_tiles_connecting	full	1	53192f4cf1a526dc08f3958cf4c75f5c3f754227f34ce5ecb3cd72ca35334696	a5be904e146c8ce90b9c97405d8bf4e3485f177f10792ac7a8f07acb15880254
rechiseled:lapis_block_small_tiles_slab_connecting	slab	6	b06b46b59f174ac8e13d08da8ffc895cf7d5804459ad63c7f30b60f5e8cc6c5c	82619ce703e80b8b87bc24c6e848242a2160c0d209e0d4d32b49ac28c3d50810
rechiseled:lapis_block_small_tiles_stairs_connecting	stairs	80	7bef3b243959198e20aea4347fc57c581b6045616859b6809b5d698d37de6a5d	b1150b0c7dd1b36f984e00b7124e0db178da95bcf4196227ea1caec9e03d9226
rechiseled:lapis_block_stripes_connecting	full	1	c5d9643fee07cf80ee1a587eacbe79887bab3042146773966725a612cf572755	959cdc80b2fdcc7d738782216cee81cd1c4b66f6809f58dac7010b07bed90caa
rechiseled:lapis_block_stripes_slab_connecting	slab	6	48f4b519efff4ebf3580479d489b7a4768fc51ef098940d981744e8d26c0f0dc	afdcce447aa69a6c6fc4dfd4df2eef498946ed19e791ff3c48bc20d858541530
rechiseled:lapis_block_stripes_stairs_connecting	stairs	80	33e8f1c80e559b6708c8e43250cab34b8e75b6051676e221b0145dab0b631418	dfa6911be4e97a1ae44a01eb2e1d6cda01169d901e1ebcf1903f50876877e077
rechiseled:lapis_block_tiles_connecting	full	1	58e1bd785cfeef46fd92c171b139c24ce41de28358852f9fa5e2744b884a369b	fcab5e4b1e8ac753549801ac05b34e7cf907172b5902552e909453ac97b961c9
rechiseled:lapis_block_tiles_slab_connecting	slab	6	c4124cf9abc71da6a38dfc6d9bd691be789c2b9255efdfa1ad3d29099140f922	ed67697e5591a06b500a919c1491457c9fa1d29fc32f9f8a9f9817b6c053bc8d
rechiseled:lapis_block_tiles_stairs_connecting	stairs	80	bb18ac094c48d3ade2284560ff80aa09ce86db3f90d92525175cf4cc8eda9301	7c81ebe53140c0384ed9f1d7574e649d0db39b2f8fa6e187d6e631e9bbaefc1f
rechiseled:mangrove_planks_beams_connecting	full	1	ca9687e5b38b57e37107d7ff0713e81fd9a9765045b66bf8779c1c81a54aa2f5	c132804fb34d3d36371818e7f5e7b7390e8f074d536e769df0e10dfae7856a32
rechiseled:mangrove_planks_beams_slab_connecting	slab	6	58b34c06658e34c8771c42da9eafb705d17268191e389baffa156c651fae73b4	d76c93de4a5ca9a453a58372cde2bada9d93b61b9be27c751d997f80b81897f8
rechiseled:mangrove_planks_beams_stairs_connecting	stairs	80	6357059063b4e0ef38aab5d9b16754dc622a34c02ee63a0221dbf59fa23c6db4	6efc9ab4447b155eefe778ab225aa0060915fe33bf7c5426e5fc30ee503d3630
rechiseled:mangrove_planks_brick_pattern_connecting	full	1	f3b3592918c19f9f35aad6e14cfb9eac87893cebc3f14bdd7cc3326f11a6455b	04d8b58de5e2b445ce83279c7fee4cbcf5e635ef92f738b4d84b75e155791ace
rechiseled:mangrove_planks_brick_pattern_slab_connecting	slab	6	411e34e6bb83ceccfebca823089dbaf70b7f50edb6a36c96e10cafd98109ca67	7b682bf2a21ce1bc7ff0cd68c1eb99b539a197e262155304ddcf30971632c695
rechiseled:mangrove_planks_brick_pattern_stairs_connecting	stairs	80	9bd13682041561bdd3c3199757dbbefbb0bdd268b54f3225b97b58ae95726c05	946f69e24917bd190941a52fb59cc11423fc5d4bd82b4e718ff5729f411659a8
rechiseled:mangrove_planks_brick_paving_connecting	full	1	1e88ead550f0dd29009d23b8e6795ac5a114aeb0062bd5a9f03d048295b1651a	1dcce314323b193cd13912be329af77c2131ddce6be0e622592f05c8ad1517ba
rechiseled:mangrove_planks_brick_paving_slab_connecting	slab	6	9cb98f164d7752f5100d49e3ca8ced8ca5b2eece7622caaaef3fcd95b4da3e90	5e2583f1bea5c749fc53fea44165f64e9fce714bec178cf81f97f8e24fa5c35c
rechiseled:mangrove_planks_brick_paving_stairs_connecting	stairs	80	f8ac4824a309ecd964c282990c310c3e98c5cf7ac7f93928325f4035e806d979	794bc64f948566a087c46a0d0bf70b0ce6586a1838b463de1ed775c419e5e85a
rechiseled:mangrove_planks_bricks_connecting	full	1	b627287ea67099875cc2b3f78754f70f40a012d2fbe8df2f281c9aca727f2ea1	f40e0c6711d05349cdcb0b97d91a27273ffe9a84d9f2573924cd0edd1162cdba
rechiseled:mangrove_planks_bricks_slab_connecting	slab	6	bc9fe0933d5b25ed9087b1d08369951294e41e47d659863f700dfc1afcdee6ff	e31c8660cb9c2b39db5e512126637fd88c07595246ee9afa826a9849be024e65
rechiseled:mangrove_planks_bricks_stairs_connecting	stairs	80	e083fce7db446a8f89564a73ff5be66cfdfaab8a552e01f951391d209402b167	90a487335330292bcb4fc58ecff0436b49e5566710ae4c554ecf788ea2d7e51e
rechiseled:mangrove_planks_crate_connecting	full	1	ef424c582d3fd55abd0ea64a3bcd87ee032a076a5ddb43c729b22e952eb6ff58	af0abef4522c56a3dc955ae48cf1a17db5f7b7296561fcd0c76ca1045feb3707
rechiseled:mangrove_planks_crate_slab_connecting	slab	6	7c9ece2a5fae63c9155f84b0b7c9b7d8884bc90bba4592c075bbe7fc4c4d7929	dfed96162878c6ee50dd4cb22e7bf52e94561c370144a798850fe9c3b2271ec7
rechiseled:mangrove_planks_crate_stairs_connecting	stairs	80	dfb8b280fc1ae53542a7f8dd6ab5387ca082c256e4edcddc959dd388f96a378a	ff7f825351b1a7d3ec6ce0fcc87a14473f2203367ceda87106803a1510705276
rechiseled:mangrove_planks_diagonal_stripes_connecting	full	1	28e621f1ce1187dbb8055cfc1f8f6a0f4147e9c0d2607edfa00d979a032977d6	ab41700f338378e5a43105b6b7ea77240642da0808bcf8ea72e5a568ac5f71ac
rechiseled:mangrove_planks_diagonal_stripes_slab_connecting	slab	6	18c2d00d1096f87ff9eed766b4496c180a5f33fe6bf474d286dd746e579efdcf	005d49e4707472951d2a4d657bbe38697c0671b51cd53ae336cfaf8e6b3777fa
rechiseled:mangrove_planks_diagonal_stripes_stairs_connecting	stairs	80	3815a60dc5d4cfd55092ebef6070e27266e5ffea4ad03ee22e130e3a15f6ae0e	d1d50aca8f3bb3bb3243ecbccfb898c46829a625135278c316de02fb6ae760bb
rechiseled:mangrove_planks_diagonal_tiles_connecting	full	1	2f05abbad9a0757a8d28ad58ff7ce88896873e80b4765a196c14cd28bc06ef6b	a34d87d7ec4cce47f50b93f9d9db632f4b48786ef51b67d5030d29d1af7b617c
rechiseled:mangrove_planks_diagonal_tiles_slab_connecting	slab	6	aa0b64ecca0d94e4f8e2c798b98ada431ea81472f48c8b68ef3f138f44474a27	66bd6be6b06e656ca2480a83b83961c1a89b39c01c3191d99b6bbbb05261f61f
rechiseled:mangrove_planks_diagonal_tiles_stairs_connecting	stairs	80	4aaeb4bff88bde9444a441df91cf04f9d52e1b102a13d0422c51493b83e16ae0	c13b44552ebbb24c0980d23cf9337c6ab83eebba9d197693607a9aa6b49d7a82
rechiseled:mangrove_planks_dotted_connecting	full	1	07b04e476b18e2d860c36c85c046ae9e90e7eb4fe1379fb920343b429bf3c6e5	c06a82e66e4c50afbc0f5b0d9479c031d63ef05a16910ff0b463170a3fda7cd0
rechiseled:mangrove_planks_dotted_slab_connecting	slab	6	5ee56f1604e7cdafbb4331e59ad61a0f919e136ebbc8f234b1d8e3774778d6d9	0eba72fed0551b89582fbb67dd83a3fe11646c1abb6c025f2dc402ce51c389a2
rechiseled:mangrove_planks_dotted_stairs_connecting	stairs	80	0b1ab1862bfb2390cdeac59da7f52083c8da8cef825537bbf10945b5926b8ce5	08f31a043007721741e609114543d13351d3795414e8a1f0b528888ec9f22765
rechiseled:mangrove_planks_flooring_connecting	full	1	90f98ffa9774928b29dadfd1a02b2259a0f25fba9de916aba4ecc0d601cc2a5f	710fbf2952e120094b88d7ff2d0cfbf0cb267580280a835d7c53b6bb07fdf1a1
rechiseled:mangrove_planks_flooring_slab_connecting	slab	6	bb4ad42d6e87507d77959d3164de495c0bddd3c2145878d5fb1aa009713ac053	ea69f85fa5c71369d8a76b3b1c7f28da2fb8b34e3e091425264efe9e16755f40
rechiseled:mangrove_planks_flooring_stairs_connecting	stairs	80	b2b48ac281908845b6bfed049c77a3822e40c209a942c2c8efa0e3fcaddbd05d	b86e1fce105a0f6f0df1ccaba5f8946562e78cfcca45d6aa378edc5fe718fda6
rechiseled:mangrove_planks_large_tiles_connecting	full	1	e8bd648e3c3d1151f68d0f36885926b6924874e43b35945ee35fce03f36206f4	5106cd249c244efbc639bea8cc5c69897885a5d57910d3b5207549112506024f
rechiseled:mangrove_planks_large_tiles_slab_connecting	slab	6	db17c3fb691af3eee726e1331db3608128dec0f1a1f1a2feb186116666e34dcf	b5cf01ceb0bbd987a28da872ec4c24cbf1564d4d26969868f3fd58ce333bd0e4
rechiseled:mangrove_planks_large_tiles_stairs_connecting	stairs	80	25bb2d11efaead17780ee236afad356da75f47da668f9b168c88017453c6de52	97327f87cd88bb40f7d4d3a2cb9cd1c84e6bea3f230108d0970f1b56bc546795
rechiseled:mangrove_planks_pattern_connecting	full	1	d45a638153468140e5387eb396537d471251554d0214612efc2843f5528de2c9	4b11c7fb4a8bd7ac935e210778227117cc7a9867b648dc91dea8fb94311bb16b
rechiseled:mangrove_planks_pattern_slab_connecting	slab	6	38a091a82b08e2f4d8e1fa43c1fe56249f0bd83a6c27fcd26e1d8b0fc8e3fc42	8da84401fda52fc913bbb3c1259a245eab3cc1c068cefe5fd8b465dff0d047a7
rechiseled:mangrove_planks_pattern_stairs_connecting	stairs	80	b4fac516f844b72200fc4b15ad480f65999fd48add188f2ded318497acf30c8e	317b01846f64837f9393d4aae07219d69b7ad5ec2ba73db1d64254151de9f3f5
rechiseled:mangrove_planks_rotated_bricks_connecting	full	1	3e4de89849eeaf8586a9486bae159b0febff15201e90991f085fd58f708f2c7a	14eb88be203f75e7cc36a14d257da64f9ba105dca75d862bf3d752ff58821eb5
rechiseled:mangrove_planks_rotated_bricks_slab_connecting	slab	6	4745a4480de6d4d77f308e897fa1e6c2029d014be10842525989397a98850a72	32aa92109389fa480cf9a0c0a13371a239f4ba444c71c3c72078fa27ed992afd
rechiseled:mangrove_planks_rotated_bricks_stairs_connecting	stairs	80	1dfe4066aaba6508cdee4736ebb223d11930e19c04fd03c8099275148b2fd4c6	13bc16a25bb676ed0241010bad26db28fcf01468ef150da67589a6cd195d2954
rechiseled:mangrove_planks_small_bricks_connecting	full	1	90e87c416b858b31bef315c8141191922e9b670d6ffc0b54145a4a23d4cb1025	9cea0558aae8a17b43d0e954b720bbd0fb363cb5dc058905f18c70e5d41a9f56
rechiseled:mangrove_planks_small_bricks_slab_connecting	slab	6	da5dfb06f9e6bf1bbf6840bd3e62a349a2fe30e8889d065fdd337c0ec6780df0	80cb3fe19717023c9c308c675579fe5cdabec50df3bd85b23cb435abd5833f41
rechiseled:mangrove_planks_small_bricks_stairs_connecting	stairs	80	c83e81c2db427481822b493fb31ef3fbd7d384d011d0576cdc6f9b403f1725da	5094af0ea7dd82f36c435fdca13629a64dd98fbe59baeeb75f4dae86116792c5
rechiseled:mangrove_planks_small_tiles_connecting	full	1	d274c92c972b0091dfc83be09e09d243bc11367484f768127d77b4d84471b948	905db91b6f447b7d856d6a78cf7f5cb5e87a68c0505b4ba4958964ea8feda9c4
rechiseled:mangrove_planks_small_tiles_slab_connecting	slab	6	db885bf7f1747d0424efeeed53e35cc828e10c4d1464621c21538b9199869389	bcf4847a7b7d78378391466dd4864baca91698407efff05918702354a6b34856
rechiseled:mangrove_planks_small_tiles_stairs_connecting	stairs	80	83682549dd4aac07b21d379c2281ba6682f8a5e06d4d93067614090745e7eba9	7248cefbb2a00a68b7bc02aa9f7d4c221c513f84b4513f6e1f51e0381765875f
rechiseled:mangrove_planks_squares_connecting	full	1	e8d81ce2119c05e7f4320e59bb07cc0c87f41f4f68b2fd98733d098078d99c1e	bb540653cab45ee4ba7059837fd59b12df9eebb4ec0ef7cec9119b9ba723e599
rechiseled:mangrove_planks_squares_slab_connecting	slab	6	8f88094a18c05df14702dd09c76a027772adc80863629e17e29cfc5a34460d61	805b3a80799415a8b883493d5a8c82f030fe1ccfb2a73f8b2569d2aea28b3a10
rechiseled:mangrove_planks_squares_stairs_connecting	stairs	80	cc46fac0fde322d29f464370c5579d786d950cc852df5b146c184a52c4e8eccd	f8a3cf026baafcc131ff3a9644b65bc2c266cbc1def55a641db520dab6533e88
rechiseled:mangrove_planks_tiles_connecting	full	1	6b53aea7ff9c1e0625a5e60e97d4c1c5e103a77b86386dc5a7e9d32b13fd78c5	4f2aafbe8b828164e7eb5973587f3acf5ce5ff610526ac0cf1bec135b649cdf8
rechiseled:mangrove_planks_tiles_slab_connecting	slab	6	648ace3b5f25af6ec1436f364c6dbd6ab4353e5121348d7523c97fa8717eb6e3	6844dc471e928a84fc4ef6585245fe864f1e987b5adcc09b3be1afe68046f7e9
rechiseled:mangrove_planks_tiles_stairs_connecting	stairs	80	7ab68aed8b4fc06ae5201772b6222cd63ddb4a97494d71bf4a3ad12de290f7ee	cac826f44b7e511f7d19fda90b57794145ab87a14592d72b28a816bb71e50340
rechiseled:mangrove_planks_wavy_connecting	full	1	e5a67ac21dbec7eb6de8169c02ad127cbe28dfa9d01fa15c130ab6281514187e	9122634cd98ecbb0b8fd2eb6f928dcfe29652926d8425f4141cbec46cd18ffa7
rechiseled:mangrove_planks_wavy_slab_connecting	slab	6	8c9a708835013d9517dacb1802575104e5ab686bc9a45a5fa54b877862ddd592	21310a9fce3be7945e93ecc498dd5f78d9a6b5ec69b2bdfa051273fce78d9634
rechiseled:mangrove_planks_wavy_stairs_connecting	stairs	80	6822c813fcaa19d71989b9e99cf9a210918911270702282c78181ae29f06f6f9	ae079520e154fac8a06bc493e05a79b535b5a7f86d5bb9d2de51890304f23462
rechiseled:mangrove_planks_woven_connecting	full	1	74598185e8d5a811675ab9bb1700d82fb7c482a8d1ecb4e10d6ad81912d5baaf	1ea0c3a1fa5038085a0545651d43a6e13d73b3a36d5b6aadd0a18d7a105b3b13
rechiseled:mangrove_planks_woven_slab_connecting	slab	6	add5b74b84122d945f67527d58fa7d23d5cadfe86ae9d88cc2714da1273cd8dd	d8a1f217cbecc4768f3e9e4f477c4d4965876dfd9c0776f5d3c8188263795a4a
rechiseled:mangrove_planks_woven_stairs_connecting	stairs	80	15cee3f75d940b0b40dda4b092acd560acc5398e0ff4de9447c961806c81c2fd	3c77d7c83d9e4a127246a520f683f23a9641850159750c540071ee2e7f904f74
rechiseled:mossy_cobblestone_beams_connecting	full	1	4020b37ea5f22d418d4102ee19fad231748ae045fcf77c4363000b26c474a5a7	a84d917e4a9aa5593e1f2786c02e941c643cc1389ee28a6b712108966d654810
rechiseled:mossy_cobblestone_beams_slab_connecting	slab	6	9109632e04cb65c8874c75c2b07e01192073bf9c7b70110495bf176fc43828d4	daab0cded973a8ec3ebdd5c5b028089441878be6ac7f5d376dbda89b93b51913
rechiseled:mossy_cobblestone_beams_stairs_connecting	stairs	80	7591646ad505f25756332525430656641077fd2a392903490263da54c9b2d301	648c5624c4ef7ca000d29d12c6fc2b58caca954735a3413fcb301ad546879398
rechiseled:mossy_cobblestone_dented_connecting	full	1	c2a73f0af818d8e1d8ff4a1890d5dffcce1cbe8a95be22dfe9f754ee83776e40	31c8d1cdfb1f4f84e11c57ee1c10478c76f9bc89154df89869a1a9d344d846b0
rechiseled:mossy_cobblestone_dented_slab_connecting	slab	6	a5f98fa1593914959731fa07056d75ae32eb7b22262d4d41b560b38f76851954	0cd045358975ec29c13cb4e30a9d356753289d6a508b969400cb3b02fc41dc30
rechiseled:mossy_cobblestone_dented_stairs_connecting	stairs	80	66c4f6fb52eb39983f95edd3a49e593e7d909464b7ed0eaed5803c8e39cb0970	84d8652b83aedd2645012db5817f1bfdb04dac10a4485dd1b66ee779e9ff7e82
rechiseled:mossy_cobblestone_inverted_dented_connecting	full	1	51e8dbc034b1363799991c64c98ceb624509bd60eb36449a2c4a98b1358a58e7	8e857b4be492b5b1de8c49afe53e633131949dc4fb960473a9162f6bed8e53fb
rechiseled:mossy_cobblestone_inverted_dented_slab_connecting	slab	6	c73dbc6d09c788fc24bfd28fcdea4bcc2a992bbf276369ade66c4f379d551894	b4628b18b793c9e436680ecb9dfaa3988d2bf09388a5ff01afd4eadd2c5fd7e2
rechiseled:mossy_cobblestone_inverted_dented_stairs_connecting	stairs	80	906a8919a1cc98510ae30cdd19ddde466950fc791e04bc9f1e2bca5983d547cc	e6904561d05efced6b2109ed228c91b876a08f12110d91bdabe6b9c59ad5ca4c
rechiseled:mossy_cobblestone_paving_connecting	full	1	06f058173c41a516dd8798833c9a3732a3f0ea3f6dba88590d863396d32b8cb0	f70963a3fb0456a48dc705f8eeaa228d85ea00f249b88511291990e8c6378511
rechiseled:mossy_cobblestone_paving_slab_connecting	slab	6	0b5c62619f86890e12a44fa0600c1b5346eed7c61dc1e66a11de5509b5c5e2c5	53b05d1f048a23c5c1e27facb6dea2666eba05cee3698c749481c3303e7063f5
rechiseled:mossy_cobblestone_paving_stairs_connecting	stairs	80	1206ac22e397daf9a5f6c2962e5553561a48bcf02eb0608d4254b091283676ac	ab178c7b9311557250f7e6b08560afb1e4daa9d3297889edabfdd25158e54689
rechiseled:mossy_cobblestone_small_tiles_connecting	full	1	a03e05bc38c288083d0bee93e60205f1f1a1825ad30e36dc37a9dcdfa43550c2	fcefbdd2840f41ef142bff953d5e2eb59f177558681991252e92c6042bdae843
rechiseled:mossy_cobblestone_small_tiles_slab_connecting	slab	6	947140ee12818f06196ef60ed39a08cf5802206006e1f244ac6aabec0a231177	e2853aee378aa34a7da4f5d61838397929884b956a9184ba1a47e21e0060df3a
rechiseled:mossy_cobblestone_small_tiles_stairs_connecting	stairs	80	5cef19f2291d17149b58d251292e7c6cb91b662550dd744f05337940c2e40795	1ec78619a398a64dcc428b01010a2e52adf8338e7d2f7eafddaa6b7d3bdce6fd
rechiseled:mossy_cobblestone_squares_connecting	full	1	ad0a677e556422cd16faa322eee3e1cfc5d59ce8b946802d6ac96e5562052b7f	a98dbd16187aa82cdfa4bdd54ba2d92caf5897bcdc2db55878e223a2836733a8
rechiseled:mossy_cobblestone_squares_slab_connecting	slab	6	d44b01c14607ab214dd589e8ff0045ad096376cdeec9042323036615e5a6559f	b5ced4feaa2b88946e5605cbec1dd709a3b80b3e41083d656a08d58970feacb5
rechiseled:mossy_cobblestone_squares_stairs_connecting	stairs	80	e1951edf28c9eed828cd24d4d8597d9a3ed3a5784e37639e48f39a5153388f92	c010e5ef8059c4db03ca133bc5ca335f089092f602e772bd6e400afff58f8ebf
rechiseled:mossy_cobblestone_stripes_connecting	full	1	6ec4ddb3a519313d0d28039702ce3d6db802c4591ff18280f7dbc3fc6e29627a	fd2176d271aa77598ed0bce55f279e1ddfc470296ccd6ad604dfc669768ebb11
rechiseled:mossy_cobblestone_stripes_slab_connecting	slab	6	848daeee5d40eb94c5fa553c0bf604fae4212c8a9357095b5fcb2410fec9d0a4	a898892a481c0cb72e588a2dfb6c87d210b5670a62fc807f1fcc1380dd329527
rechiseled:mossy_cobblestone_stripes_stairs_connecting	stairs	80	edca4873d9b1a84dc06384ee3b2fca854f0ac2fe1636bc802f2718ab19a8bd76	0e0c9ffdab456d1a7844fe5201f3c9048a512dc329a4fc1ca5bfea40523e2803
rechiseled:mossy_cobblestone_worn_stripes_connecting	full	1	1a8d60ce6348e6285f8e0bed5956f0e9874989128686c65d3ae702c1498104ac	169dcb21809e7c58b995d71c8cbb2cb850c9dec787d8e87e626f6ce07e909a66
rechiseled:mossy_cobblestone_worn_stripes_slab_connecting	slab	6	3f193a46f09acaabdfe8bfa33d6e2c9d5b2a9ef46d0b337880318f6939656449	abb7f2e0d4a8597583b89aafdcd2add0d4aa792bbc98b4d5fb73e6d7359fc6ac
rechiseled:mossy_cobblestone_worn_stripes_stairs_connecting	stairs	80	4f1f55ce993a28a106f72f875d22761fd7207c2e4a1e0bdca0ef5c1cd53a82b9	7ccf07d8aa9e52d1075e3ba8bebfd6c17d8e161b445db1545415cecbe6ff6ed9
rechiseled:nether_bricks_beams_connecting	full	1	d3fa0b908d0e25eeca6d7fc5311c980ad26223600cf29b489a223084e079b7a8	e0376b090adf43972148963bb01d4f842e4118a6361b48576fa05f2752112c94
rechiseled:nether_bricks_beams_slab_connecting	slab	6	9eed578e68357524918389d04f01311a8886355da86e3fc4d48967e28ae35211	08f2707bc67a9c0a9ed9367f59396c3f665abd80ed66899ad8aaa89408590edb
rechiseled:nether_bricks_beams_stairs_connecting	stairs	80	592853d3b80f9610a9d95ff867362ec54a13082fb0b3a9fde7a4875e1345ade2	1c5e7b66be2975b32718325b98fade4aef12e7d5deaf949984ed5c59e93bb603
rechiseled:nether_bricks_brick_pattern_connecting	full	1	65e7aaa39f05224b94c23dbf6ffad76d1b887a03d1a12f458c1ee3b076d22bd1	11d7444358b0dc3b7063bdebea1238a0f8b0f8ca16a735c7f8a04917121bec1b
rechiseled:nether_bricks_brick_pattern_slab_connecting	slab	6	bc288943e701dd3f5adb7d633eeb833fbe7f34b477a9e5d8df5777e56599b06a	d6ef687ae844f07ddadb3fa1b9215bc8739c202babaec75feb7e5fa788c1b53e
rechiseled:nether_bricks_brick_pattern_stairs_connecting	stairs	80	48ebe77861ce529e01e7f35ba9ecf3864f5fd7b328010ad9281689a3b42a6b52	0c04ece1c8bf0f78a17f997f587f5f1840d2185df380405b62f6920ed588a170
rechiseled:nether_bricks_brick_paving_connecting	full	1	41c8eff1a0047a87a8ddcf3c35a15098b1be5b4e97993ae8f72e083506f43707	2ec61915e39011ab501d4695e3377b25d28e4b170fb469884e7cd7a884191dbd
rechiseled:nether_bricks_brick_paving_slab_connecting	slab	6	1f311041c8b4bca3247750b04a1ad212060d794f79631ca8ac067fc3f73083cc	05834766fb1761ff1c2deb15288bba15216faece55678315ab57fff65f7abe7b
rechiseled:nether_bricks_brick_paving_stairs_connecting	stairs	80	93940d5f852169c5146d013486cca8e0d5d75196fc47091074e30dfd84120107	92375880488c64539cfb21b794c8d2fe3d05e9a95d5c853a0ff6abac8a9fe4c3
rechiseled:nether_bricks_chiseled_squares_connecting	full	1	ca3599d4a7160b8ff4324cb5961b57778dd4306538a2e3237b9dd8923b4e0d76	f67156944954b68226cc1371b09534c4ac8a6adec92297a52a7237cb5b5df6cf
rechiseled:nether_bricks_chiseled_squares_slab_connecting	slab	6	a2911ac67736148da6c22600158b396c8d83d2c22117afe578fa791b40225d06	b575ef3255e6ae51a9fc5ab4972ba7881f04e361e9f7453e6f1b766d0d8ba5fa
rechiseled:nether_bricks_chiseled_squares_stairs_connecting	stairs	80	19d566314a0a1be00b05d0e3a3cb101c4e9a5fe2577f52e7fc26a480c476cf3b	ff024624beb36392c4d4fbdc18dec0a9056909443e8366fed14b4af7920475df
rechiseled:nether_bricks_diagonal_bricks_connecting	full	1	dc289ccaec3e20218b8abdc9f9a1324e96d33772fc633229fbcfe57103a86bb7	1e15a3decde0aebc0e3c10b7d5ddbd2ffa1de146841331079d9ed3435e0f303b
rechiseled:nether_bricks_diagonal_bricks_slab_connecting	slab	6	899047faaff9ecacdd623e2c4a62ce6f97d48d6024c4fcbbfdcde06bf45d7795	59028a8f3d785678c19279e09b0ac224060b6e01de02290ccf76ba11d72ab381
rechiseled:nether_bricks_diagonal_bricks_stairs_connecting	stairs	80	cc67ebc6992e470219141eb65e0a4056fe46268aad651872972c5b7f67101d3e	a852b6530916eee8bdc0694323b504258d11ae8312670d98aaab77e4d6c86d25
rechiseled:nether_bricks_large_bricks_connecting	full	1	f8e5b806246bddfbf85f4e23197e303d244799502b92c5658a33562a86833063	704777725048d301d1b441b80fb5d597294bcca7e7c8d8b40049dc904d5f766c
rechiseled:nether_bricks_large_bricks_slab_connecting	slab	6	ac003a0ff736da0a5773f00f513c437dc9dac5ab9a5becf78dcfcd33d2f9bec8	1b4419adebaa8a20203c4107dda3730b5dd4d62266faa2fb36948f311e2e5a99
rechiseled:nether_bricks_large_bricks_stairs_connecting	stairs	80	92dac9f58c5262cea6733d1c36622959981402f74fb6a40526387647fffa8aeb	88a409598d3cac2fa05f7230564538e13bee4d5f39cbe5f811f29c812219e4a3
rechiseled:nether_bricks_large_tiles_connecting	full	1	a86dcea22183c5d9f9ef0e987e110a9540ad9ff82b48f8aea7064d2fa8031750	3595a78ed7e7df71a8417648cf5061f5b03f3ea7343f34f2e4a95167c31e493d
rechiseled:nether_bricks_large_tiles_slab_connecting	slab	6	48e014ea9089143dd2399ed0fa549b16d4803b541c62db6550b425efb6437901	4411e91f82452dd8810bed1646d230063460927be6a26726202ce90a20f75126
rechiseled:nether_bricks_large_tiles_stairs_connecting	stairs	80	a712695d457beafd8db3806a8b72ec32310d788eb1b3bd3a1b0657f2c9d2c00a	e915f698a126183e871a77e49cfcf995c52db62d151211e2e971e27a8151fcc2
rechiseled:nether_bricks_rotated_bricks_connecting	full	1	b687f184527bb0fd5151e7c014d1f06c568c87bb685a89f15976af9c06a7d6c4	e6c0943795b1fdd086b038939dbdea00cf47f41a3f6e33fae045978ff7f0e77e
rechiseled:nether_bricks_rotated_bricks_slab_connecting	slab	6	c9aece0aa74c4df3f981acd6a7ffd51821a0198607f885b1a066ba3470d0c829	a23a1afecdd3d1a7b1fb1bab5954b4f05f7783a1f481abaf765ed530c0c97124
rechiseled:nether_bricks_rotated_bricks_stairs_connecting	stairs	80	721839399e189be0ca39a482b8b53a9583c76aaa530eb282ab9409c33e93956b	a6d51b9eaf8b71491ec3bc7bd9c3ee74a0c293b6e4be68ecd09a0a40acb27b41
rechiseled:nether_bricks_small_tiles_connecting	full	1	a231795a86cbd6a325d06cbdb31ed7a558227df3641c1f82b4a6150a508a7662	036140806214ffe2bf8666a9b54bb0da891194e455bc78c7eb9a39e739b2666b
rechiseled:nether_bricks_small_tiles_slab_connecting	slab	6	fbcd05a30cb7b86bd6c3bf799d9d1b58dd2305d987c9b9301f642c6380625740	163fcb3fad829dbe77008210561951de59126fcb6069d3395141191244dd8739
rechiseled:nether_bricks_small_tiles_stairs_connecting	stairs	80	5528e714c9c3af44cb32b1b8b3085dfac5647b41f63fb4b56761e006cc409ce6	d59d3f81246f0c2847938af73f6bf5afea78de1cf773ad261d601c161c963451
rechiseled:nether_bricks_smooth_connecting	full	1	c5535032c9f16c149dadc243c771ce10b583d629eb793aa6cda1c003f30aaabd	0594aa6b5a7f9427ef301be8f05bcb1149bfc2369fbdd8eba522a897ca33c5e6
rechiseled:nether_bricks_smooth_slab_connecting	slab	6	771c9a9ea204f3c8031ff86ad66fcb05f2617c1e301a3b65f45714895409a68d	40556cab918c71644bcfabe9603319bdd9b227663f51e3ca81252e2283d13ae2
rechiseled:nether_bricks_smooth_stairs_connecting	stairs	80	b7716b331bd44c829cc58fa7cd3ae434d31686191e39ecac20d7e778cee823c8	dbd32ac43a0d8648a140a02305d31ab4f8d8dde78fc583aaee70c4edc38f6e10
rechiseled:nether_bricks_squares_connecting	full	1	e5bba4dafb63aae9f6dfd2dc5ade2ceb3dad38ef5fc40b49a5fbc2c5948c7872	5a101a600354c5fa5e97fa6333e332d4f8f144001fa602b4c203507cffe2b9f0
rechiseled:nether_bricks_squares_slab_connecting	slab	6	7560152cc7b7d62684804e3292f8d0d0b189e20d7c21783957e42bdf09ff58d1	8d223a56ba29fae1026fbc3206338a3a8942896b5330627b8a5cff1afe9aef2e
rechiseled:nether_bricks_squares_stairs_connecting	stairs	80	6cb772e63ae4e54cf397432a81f14418b0aa4777bb99a7b5712426de70e3ffd4	b5f82399632beb9c28a5364099ffe06c5edfc1d212444630241d94d0a6b8a1b8
rechiseled:nether_bricks_tiles_connecting	full	1	7fd1e498cf3a24da46f3d9912f04cb5dc3d5ee70ca4c5d0dcbc3c82cc7dc0a30	d07eb958432ff0cfd4852fbd90fe31a0c62ffb10e9056724b3915ccb827459a8
rechiseled:nether_bricks_tiles_slab_connecting	slab	6	935b521c34a7ba4a1440c1f9994885f0cb41b4be7b8ef14cf435eec657dda507	c46d326b57071eb35a5a8bc7da6e10ca19c4d0da16f327ae5220a4d8d1133f11
rechiseled:nether_bricks_tiles_stairs_connecting	stairs	80	27565bb24199dcd2eddaa87b354bb3edcbbfa773a66f37574d633003f1445204	e8194f9c971e9812a75a530969cddb2a1c296e623b98f077c7588f33b00de4da
rechiseled:netherite_block_beams_connecting	full	1	a6c990632321f2d0effd22a6729174756caaab8f3c7a98cc322aaed00ceb88f1	f0267b7f028361f8a46d9827c4b64c1e5d3fe33f145d29662c92e7b7f54fe2b4
rechiseled:netherite_block_beams_slab_connecting	slab	6	a19a2e98d48cffb4982f278966d3a834d30c4c4502ab77f83bf5f61fdf936e6a	d2ed64a4783b7409a8882f175d6a0987f5c3f6e49bddb0d5bf578879ab3e3d80
rechiseled:netherite_block_beams_stairs_connecting	stairs	80	509467ca6ef87626e599d6d241273f208774bd26c2581b9d0a2d46f1d3dc121e	4c3e8d897af8eff9c869080097443e5b7a2097e4c2d87976357795f79d0f1e16
rechiseled:netherite_block_bricks_connecting	full	1	fcf2aad5ce8d99ecff64d755ecbc23b3b0b0fa4a39e101f9cbee9e59eaa98ee7	c44255bc036ae45fa0631b43876cb1557d77825ddf27339eef6f051c23a7a764
rechiseled:netherite_block_bricks_slab_connecting	slab	6	0d0abe58d38167da6d6714e79bb5239ccf9f4316c6d3df25a54cd53d9bb2f73b	1a8babbf44159053654b080eaa7d656a28cd904aff95d140cb8203646176e69b
rechiseled:netherite_block_bricks_stairs_connecting	stairs	80	a906b27037f0a37745c10ed11221de1c227c1e4d295e9aff291a2eb1bb24e708	015d038670a5f572441f38097b69415d366c866c44bc7c8eb87fe770cf06006b
rechiseled:netherite_block_chiseled_connecting	full	1	d413ad1ec6c99bf887adab4e7d50bdedd5633d64e67d7ed2ee6b12bbe1acf074	86f73b2412a4f16ebbb3d0525808093a6c28a181d8799800ac9ed4e3b33e872a
rechiseled:netherite_block_chiseled_slab_connecting	slab	6	de953b23ff4f5b84b3c5f9fe4e4baa32a31a5f6666e9bbeefa44a3b9e231b903	04b3e179547d4edd0f715cf954d46539f1999157e001106a95a925a8177722ff
rechiseled:netherite_block_chiseled_stairs_connecting	stairs	80	a0198a8378461111c24c541c942ee0f7c683b33fd8410e822cfe03dd3214c290	1139c65190a5fbbb9c54cfd06b7bafdbc6fb40156eee2479e12777baeb506354
rechiseled:netherite_block_compacted_connecting	full	1	c3790c9e110d8f0fee89b44b3937998b6a36d696e47ad70ddd2d10ccd586f242	115fce73728374de8e2e1cf13c08b828e18147ec1be82f8cfa9e8bd58ef58f98
rechiseled:netherite_block_compacted_slab_connecting	slab	6	81e3276cbf4956ae53532eb35352ac614d2ab32dbc1c7db6164f1a192436d3bf	e2c158e943bfe066b05c38fd049d308b03e73a51a4805749fc86b92d447f5edb
rechiseled:netherite_block_compacted_stairs_connecting	stairs	80	eb864361b5f3f34efcddbae7fe9bd41deb52997c8d327aee0779df891c6a7124	c37816c784b5e206d028e9a670b81208959572b8cdbe4a8f772efe551acf150b
rechiseled:netherite_block_decorated_connecting	full	1	2f5d2b161be792652b8f8868ef81598ebd21c6079a69105b8e179816df624eda	65f0a23c8516dec8162a90a071dc275edb877ab3378913417e92b2749fa790ff
rechiseled:netherite_block_decorated_slab_connecting	slab	6	16bea26ca666386470910ffb362fef4ea1c5234f083c60a03d5de10cbfc487b2	9e908d783e7eac7bcbdf7a12505547fe19ce4465c626d904d6e0889075df4061
rechiseled:netherite_block_decorated_stairs_connecting	stairs	80	c92d5ace42f7af19b0c707c4fc7d97b6e5a65250a8e8877be9e16680718c4088	fe5f5da51013b0170525fde5a3bd8a5976b2d7cc3f43cf8381d9c4b041397d9b
rechiseled:netherite_block_diagonal_tiles_connecting	full	1	ce59529d5c7e24a427d1793509e479450e8e23e8bc34c01fc178019855f2e5f5	1fef2d26605ba5986ea97e303af148e0e7c31176c5bb08b7504ece9e1e062a09
rechiseled:netherite_block_diagonal_tiles_slab_connecting	slab	6	5e185ded66a3fef66f6acaf926435cdd4759116b5b42bae1cc49a1bad0dfe6e6	45c0a9630a42c80cd00530b8ecdca84c690aef1ec82acbeb63e9dc95711b228e
rechiseled:netherite_block_diagonal_tiles_stairs_connecting	stairs	80	f4351185ac23c639153f10b377ba87367c70cb9445d1090d76ca3d3bcd2f44d1	cd3b15f6da87bcd6d1b39ddeef8515248a11bdacdd00c1fbbdb72d38aec32ae2
rechiseled:netherite_block_indented_connecting	full	1	fb9a464021e00f8f253599304c138d26c3ee6fed39f8faa5582500ad860da59b	53f8982cdb8e2991c93394e92651ee6d11a1567422afec164dbe3db1b963a655
rechiseled:netherite_block_indented_slab_connecting	slab	6	09c7e9d61f10f593db3d6ea6196a1eb2633d69adce062f8378d3b5c095fb42dd	d1431ca7a1bdc6565f48b9acc8f588aa4b31e3fd6a23153e5d18afdaec18a476
rechiseled:netherite_block_indented_stairs_connecting	stairs	80	78312af75f99a2e188a5251b3a7a2517a194f9084c4d576270d988a1d76d6947	4e01c3c449d5547e51c2e05fbe67f16747199193059d47b7ef2f90148b0967f5
rechiseled:netherite_block_patterned_connecting	full	1	c955ab833be7432996ebeabd2adea7f21fe6a83a52c0a1b3d5853e3ec779b021	4611a26d545a2fc46c300610a387664f5881d2248dd7e7f5386465b0fcc98f17
rechiseled:netherite_block_patterned_slab_connecting	slab	6	9c069e3ce737b8649d164412d6f8b4fa522f90473b127cb6f8bcffa3fb142393	3909090fa9cca7304b2bca1fad02b9ea8a1998d976ff8cb67048adfbc692ffde
rechiseled:netherite_block_patterned_stairs_connecting	stairs	80	1af4861b4ef9a752f4e765309e1f8c59c0805fcc6981616c93093bea46af4c2c	d60e209265b15559b8a2156bc772f03b795f77d535e7ad94269926f37528ca6c
rechiseled:netherite_block_pillar_connecting	axis	3	35e6c8eff7c4e43af23f8c95868e5492356ab1b0cb73a0908f43052cc0a741b0	c2b8737f606a97405b622139b423cba5a3446ca7aba5a1aae9ad63a743dcd9e5
rechiseled:netherite_block_pillar_slab_connecting	slab	6	a3f24c595e8054f3fd0a1400ef30771d268fded836656df2345b45552bd0b246	36f63b52b34ea113401bd0629c252e94313fe4e39b0a7af2f3476133f1638be1
rechiseled:netherite_block_pillar_stairs_connecting	stairs	80	f5d1a7ac2ba763f504220892331c283139084cd776114f228e7bf6c4346e3c58	844ab01b6e279008caebabd28fd53eaf8c4f448c62c3c533541a593ff5e18200
rechiseled:netherite_block_small_tiles_connecting	full	1	41853b977026fbf510cec379e2bbd6dfa40bbd0cb937cf09b89f8f949ca476a5	2e91a6ea0d9faea1e3d79c3c32bda1063ffcc8b2131115408741931b14574bba
rechiseled:netherite_block_small_tiles_slab_connecting	slab	6	d68c615a9586007d3aa0c925fce4b48e5b895be43dbe362e15c3962d3a8681c8	e60d6421ebc3d539aa8200f338a344de9df634835c0dcce47a0e9faf1741dcff
rechiseled:netherite_block_small_tiles_stairs_connecting	stairs	80	ab818865a8b1c3f1ef597aed9c87572490fc171a6029610abd0d81913b4cbb29	0c50fc13f5b50bbf9bf172d604a8bce661c15dc25e4d9e0eec61234f24ed1aee
rechiseled:netherrack_beams_connecting	full	1	a58fd9210138d997e4b20450f29f3b60481de7942b4c032e53494a70459b9bf5	1a4026a4684957babcc414dfe7b0c7bc303bb635fd16592a3efeb597677f6adc
rechiseled:netherrack_beams_slab_connecting	slab	6	da86841e541d9096db83bb81815bfab85689cd79ed485b0a4043660428aca801	d95b2b66ad161e5bc3429cb231f9b3b3e4a5b053639dec18e125a6a272852e07
rechiseled:netherrack_beams_stairs_connecting	stairs	80	305107dfa8b37be13f7b983f690d66457014a0b38ca4bcdb910fe8e69c24be88	2b3ad343d085e68cc1720289ce3f823cf53044bf848bddb2a95ac304a8c34d18
rechiseled:netherrack_brick_pattern_connecting	full	1	bcd4d891ee7ae99a6a96e4288e7556d563cf83773bcdf3163c82f7d7c1d89b53	b81b84490e5e70202e98bb9bd0e5be677233fa6a27a664d8465360c4bfd4f659
rechiseled:netherrack_brick_pattern_slab_connecting	slab	6	67eab9484ef3e6dfa2bd649266c7595f16a9765fdc95088421932ceec0c22beb	c4a80b855bd77aba8cd2e4092784370f9e0cbbae221ac7ba714f508dc5f2f9db
rechiseled:netherrack_brick_pattern_stairs_connecting	stairs	80	e9afcedac3fa0bada142675eb4d5065963fa175553210f5b54f604412b3a30ca	03c429fa7331907673fea0522d218903719fdda856b4cc1d3c0f41a107b38a86
rechiseled:netherrack_brick_paving_connecting	full	1	7ed704ce3f7b22bb7976688314b64cca163cf4aef99792b0f5b46286d97500e0	90dbff4fe75fe6a89d5055182be5ef2a713429a883d8e4c85d456a9df08737fa
rechiseled:netherrack_brick_paving_slab_connecting	slab	6	6f4708519d86acd3a442c13e4905ffeff94047f5ca813fb3e7b2bcb2ee41fe96	381495d3924ee3dc34a09819cf1c57499e2c0457463f86e612fced78291a1447
rechiseled:netherrack_brick_paving_stairs_connecting	stairs	80	aaf16f239a2c69783952e51bf7227bf3b96bb19b4e7b80e6701f5e08356e4f73	7d6bbde8e018cdee7745fe552d1062b53df6ee41bca38646a73faa30acb4b2dd
rechiseled:netherrack_bricks_connecting	full	1	f239ad3229dad8027741eb04e9f1d3d4f04f0315a80581abd824b780281cba6d	6a9f11312e5cecc1189094c60a72dd9a382583a7d4d9a233cb8c057b231f5b39
rechiseled:netherrack_bricks_slab_connecting	slab	6	24e981a6bf8ce32863b61435961db60073ed8188cead136667d7f55617f6f614	722007c13c534e0416bba0e6f7160ea58f60c5f89adb9558a0fd879ce18592ef
rechiseled:netherrack_bricks_stairs_connecting	stairs	80	7bde9a884c8dd000d61b767a97018bb85e62fb58c5d09b6284a6266bdde8f4ea	1f24dfac6d73dc54ece240d33f5d3f19245671c0ebd2c7697578695ef6e8fd11
rechiseled:netherrack_dented_connecting	full	1	612563715acd85f4972c22160fb2f4bcbdcb8072159d9d2058e60fd0ed002f20	4659a8b2c8866b17c7da4c93314cabb3cc9808a2733a35208499a2243d5add3f
rechiseled:netherrack_dented_slab_connecting	slab	6	ede8b32a6b1e098475b545fd4f0206fd7e5929afa3aa43578419e57d239cca38	6693db050a6b861a93743e3474926d9aed773b08e768f0e29b137fed2523fd0e
rechiseled:netherrack_dented_stairs_connecting	stairs	80	32255d9c2330402ac869ba685fe500d3c5dc8596b50e6b39918033958574aef8	f4b537ff136bf8dc19f8822cf375c869c1c45e4c8b22e8829a6bf0c44ec055ce
rechiseled:netherrack_rotated_bricks_connecting	full	1	41d885b7cf7938d662c148cd08ba6b04b165c0b932e62fa01c7df293e5aa0c69	5310fec9ee2d9501ae64261b1656a7642a2d5f9e7e7aebad1d6956c226d9e7f3
rechiseled:netherrack_rotated_bricks_slab_connecting	slab	6	fa6582ec185b1210ea616de8b784ac9723e1ab45d42f161aba62dbc5df284ace	7aebff51d76663ba5f9bcd3a0d46e7994f79c47a7064ad6fe384e3387e435029
rechiseled:netherrack_rotated_bricks_stairs_connecting	stairs	80	cc5e002b9cdabba7ff2eadbaafa0c45cb5feb1a2ca9398899ef9c13b72f2509f	dbd51bbe9238591ccd5a380e4e8b284959858e46d087528c30b02f4a0aaff335
rechiseled:netherrack_small_tiles_connecting	full	1	9e8ad5dd6b5d082ba6cf413a50d2787a059f6ad0f9e7a143e007acefc576c892	254241a462a20539ff36457784670d455bca970a1c532c8b7f868f8321632918
rechiseled:netherrack_small_tiles_slab_connecting	slab	6	3fe82056b7c1469d251e4f81ac9172e02f3cc8c1a4826d2b8cd71d00956932d6	9c366fe11a214622034356b4c93528dff374c7b81647e2f0d303717be5f82e11
rechiseled:netherrack_small_tiles_stairs_connecting	stairs	80	cc53145b4fdc85376f344813f3d99087b2a89342ae01b7a0dc54afdd2ab46d3b	bbdd5e3337d65ebd78211d0226735708205db38a4589686d0a8f775cd06c43eb
rechiseled:netherrack_stripes_connecting	full	1	97831e536529dfcc74f50b12fa11cfa9f2e913d7f25e576e34d4c257897a8a1a	9b9c8695b3d7e45a4708ac7283955f0ed6a4d5e9b715e5169a99df5581416d2b
rechiseled:netherrack_stripes_slab_connecting	slab	6	30549e75c58658c4797f8a423ee9d507f14d3df92b6f5943743a893a84909538	dbc983977a70c0ee0c996e2061de09376d3ed77d9ea7b9b58e75188bc2d7bf4b
rechiseled:netherrack_stripes_stairs_connecting	stairs	80	e092b0907869da110a559316418bf73bb40652c9e27c1b440aba0c916da80d1b	aae75efb95a79c872d7077a655e4c8dc7f41a376521d636cd270900cf49da490
rechiseled:netherrack_tiles_connecting	full	1	ca5e58760160f9c97289759cb8c67145d5fcf1de8187da829f99dccc53e64307	74383c4f1d96de7d3ff3a2174964e7d57c97fddd78c0dba23e60bf27733e2565
rechiseled:netherrack_tiles_slab_connecting	slab	6	a973fcab37c7f763c9e826b1b72be1ad0983a952c91aee8ebb534d71b04ef4de	56c8c2dedb50d24c02096ca43d1310d1b6a1074caa07ff9b74890754e726aed5
rechiseled:netherrack_tiles_stairs_connecting	stairs	80	6fae38e7ff957e9267f7db8276e7e0f17ba21d55de0253528a24a670cb21cedd	06a9ca71c878f7648969c52da806dfaa3274fdba037f76cc902e32ede6cfe3ba
rechiseled:oak_planks_beams_connecting	full	1	cfd426db8b2a2c943695cb98174c6dd4264851bef0db243ee103a579b12689a5	0ed80e23b13060c71bd0b0bb71bb92b68139ac6fddbabd6db2fc880272fc53a8
rechiseled:oak_planks_beams_slab_connecting	slab	6	123bc1dcd68196073f2f47f6cd3cd6d84b583bc2464519fedb919021332d5de4	82e5514f01a143f030a3929ea5e42693b0e7f2e9a7dcc5f24e5ec9235257e01c
rechiseled:oak_planks_beams_stairs_connecting	stairs	80	2464618ec7abd6da911115c63490a7e299681b7d476b8479ce1f1f5fb9029868	3fbdc90dd5b439888e9a3d867e059fffa58e478c7a2b98bac45614748292f527
rechiseled:oak_planks_brick_pattern_connecting	full	1	9a1ab7cb8905be53c8023dffca294f8a93e96309b4510df86eedd7c2eb7e664b	9a67179c829e335beb68fe6ff2e18175d101c50553fc73d2e2ac56681830becb
rechiseled:oak_planks_brick_pattern_slab_connecting	slab	6	dcfaf5daad7701be241926fb582788f83bd3d4d257e57abf70e0aea4c6c89bc5	3acc8be60baeaf34af36788039859cd1e941d952f45e9a0e2b07a135f997c723
rechiseled:oak_planks_brick_pattern_stairs_connecting	stairs	80	1cbe3b987ef711783d4e75a175e135207378c300a162da7e9ed73bb14e14bcda	d355da9c02e9233106d57473a4ee0cce8d5ab5b93308b96ac6d22db0bcd823ff
rechiseled:oak_planks_brick_paving_connecting	full	1	a0aab053953146123d812f2ee45891c3b186c98d17953a8797e4a413ffe8e5aa	1261005168f29e072d361dceaef6a1ae428349b1a3a41e5190570954600eff92
rechiseled:oak_planks_brick_paving_slab_connecting	slab	6	ca96127e40dc26e4063ba19a6c175025a684eafd4b6b8d79473b2a417711660a	a9d657d59edbb96693eff1de3fd9773ab2c00fc0ed78fe6bc9882d9df465f034
rechiseled:oak_planks_brick_paving_stairs_connecting	stairs	80	c525df81a4000cc87add78ea07d4a38d2af54388d21c53f053e7141372de7c91	c6c3133f65f29929a1e91458ecb2de8d2359ac701b76deffff560b5a7356318f
rechiseled:oak_planks_bricks_connecting	full	1	ffe1adfa7cb9be97a8ac51795d22498d894074fe11cb321a81c101a1640a8eb9	37d73acaf6a1a32971c029bd6941754036b8fcfe29746c1ea3986e84b4f1920b
rechiseled:oak_planks_bricks_slab_connecting	slab	6	b4fd19241461494bf809f7ceb63282652efaf27991dc12ce4ad401dea53844fe	483ef446f2cacf0b649cd2b7166c1ee9651c098717520f0ef7b89c2bb3515718
rechiseled:oak_planks_bricks_stairs_connecting	stairs	80	4e794cc53e3e2a9afb91bb203700c04c97e3a5f2468644c4b61533e587f29461	2e6305e97440e02e9aea9bd0ec9af8986b61b6deb1bc40df2a2e078acf914082
rechiseled:oak_planks_crate_connecting	full	1	2187bd3942f018fcfd7a19ce8013a68f7cb51dbfeafd76ae1872ee9db0dac135	5970f10f17d10d8fa64223fbebc280d2a797d35c796f62c03acbc706b60ba9f2
rechiseled:oak_planks_crate_slab_connecting	slab	6	3349e986acc299af2d9f592d7ffcfc25403e52480be1c2877ca1090b59f1a905	0ae989cd7ebf38b95fed9a7fb8c24f3f2fcf336bdd8a38e58f6af675a0e29e4a
rechiseled:oak_planks_crate_stairs_connecting	stairs	80	ee4aa9a24a67f75567cd7299f2f31ed27b6814d105a9953023970e2f51a4d9c3	04ff4cdf0b0bd39ef542d8be51d6271af5459c7e15838cea511a8f69405735bd
rechiseled:oak_planks_diagonal_stripes_connecting	full	1	4968f90e4ae22b2f0d9950c894f0455930c84d1261ba160cf8332fe3e2b5a83a	26b2c3b50735dfc23722440c3115a6acbf6b6eaf90f8ee2eb3cf70cc62372f51
rechiseled:oak_planks_diagonal_stripes_slab_connecting	slab	6	8ba26cadf7b6f137ed23d04552561f0ecb33eed23be2c8155c9f018041954ad2	935c44d728b84115c728bf11593d9b729ede5b577b03e58220df20c055a67da9
rechiseled:oak_planks_diagonal_stripes_stairs_connecting	stairs	80	a3dece225b80a9cfbf519d060ecdf59734de1af0acb381891912211123b05dcd	06a06bc5ecdd44d4b29672612d34cff6b79113ff6d233177b41e9dc7dbc07b12
rechiseled:oak_planks_diagonal_tiles_connecting	full	1	5c50de49e2351a94949a58497cfe0ed0f348f8fc6916ebb2717484fc43260844	3a1d1bcca042d58381f3498da2866c0aecd273c330d64a101a4724a7ae59830b
rechiseled:oak_planks_diagonal_tiles_slab_connecting	slab	6	8f8e45baf6f89834f9633e6ecd8f38ea55faa9f5365d642edb1c976ae35050e2	df30ccd5c195f1c93eebc8861802dcd7b2b36afe1a0700780855b7e17b13c6ad
rechiseled:oak_planks_diagonal_tiles_stairs_connecting	stairs	80	5515c8b113ab147525bc9c37fa12639de0b523c0dcb54554725eae40378f9af0	b199f1f97df59aaa39e3d43a24f9d96a26862164ea37f67e985303b0ddc2cc26
rechiseled:oak_planks_dotted_connecting	full	1	097f3d549d71bc925c3b8a5416a287a12e96b858d24293591a19175954b4d6b3	97c9cb0edfafbbcd9c2b70187a4d535f4693147b264375835905f5ae8ec24ac4
rechiseled:oak_planks_dotted_slab_connecting	slab	6	12629ab7c6c5033b02e4f6287ed7741067f0161c33faec154076b1cb745d2e0d	6a67b9d176fe77abf0c9556f3430ba80fe70118911a08a66f0dfe05c530e53f9
rechiseled:oak_planks_dotted_stairs_connecting	stairs	80	f751c80b7f6b1fe4fa63be0ae9d8ed927c551ecd8722163b0bc6048d5aa1de27	a7e5574f1e668df384df792a9b82bfc596920a27a76e96a233219db02f4fa635
rechiseled:oak_planks_flooring_connecting	full	1	6210eaf64588a5e5a95e7983bcee0a64fd027ce3a8027af583713ab2683c6f5d	ce0b5c463e7c2ef932736085d1df2f5b6d7c7b377eea8e4c7d01151c24ba3dba
rechiseled:oak_planks_flooring_slab_connecting	slab	6	05d733b886c4d27ff4291911b07185664b9ac197811b586c025cf7dbfabd1987	1315dbda57a68e5ea5c990ceb7415e569c0db79126a1c5be2de7e49e9951290b
rechiseled:oak_planks_flooring_stairs_connecting	stairs	80	8397ccef4b98e5fcbcaac317b4e510090e80bc70b54e4616c677329a4ab55628	4898f49428a977b08167c97b581d513d2add0fbbbf6d74f6e952b17e4bf74781
rechiseled:oak_planks_large_tiles_connecting	full	1	19b31c3a65e2881de22439d07c27c2cb0d453ad8def2af6057e47309e9d6ac3f	0ddc9f95d108188bb12d5b9dd0f7ea8f24d157157713df13cb44873f86fc74a2
rechiseled:oak_planks_large_tiles_slab_connecting	slab	6	9ad898926dead7a53a075c3b98e059ab74ccacafc38ee33f9dd19bfa2a744787	9ef57ad6debe3427fde5d6cc2e485f050c9fba9f1ca92c33e4ba470611d5e5fb
rechiseled:oak_planks_large_tiles_stairs_connecting	stairs	80	feefe8bec972a66fd06c51746837ecf9de6f212854ccd88aabbdfd00f50c4767	b0260969c6c114d63f2c97896dddc58aa940a4951f2e4a75492841660a6ccd7c
rechiseled:oak_planks_pattern_connecting	full	1	b3c9a0e52c14c82a40dc63fc4e8e368725ed5bcbb00fab2dc291d06f7d7e022b	0d81d74a56dad5a73f7f1a67be889d16469dabd58d62e288620282f1745b75c7
rechiseled:oak_planks_pattern_slab_connecting	slab	6	181cd9eddc60bb0cd23bd39d9e7db030bbe9b8b6207fbc152ae72df29c810389	b28c7061375bfcc14893f586736e1a2841b08eb177d470fae5e09809cb14460d
rechiseled:oak_planks_pattern_stairs_connecting	stairs	80	691e8468a283f548ee4ffde88b7cf62eb6ced1cb911f2ce801d5fa92dc643665	7dc798c34330e0564c31155bd7758a046b49f8a46d45bfb06259f6631770b11e
rechiseled:oak_planks_rotated_bricks_connecting	full	1	c28c04418e8df3da921b11817f8a1a28038d86c216eeff98dddc9c93a3a248f9	6f10edbb0d43f1c09791038089dbb48332c1f64acc87f0670f4b27b7b4255fb3
rechiseled:oak_planks_rotated_bricks_slab_connecting	slab	6	d4e069df2380b994600a51772cd6ac9881ec01cdb29bf70ddcd9afb21e9c4bb6	577f0a4c4b9aa50316af1f308e2581d22e1f2d9c125ecdb9d26bdc630ace2949
rechiseled:oak_planks_rotated_bricks_stairs_connecting	stairs	80	6cde2b319f2d5fee3e66b0f586bef25777bdcb7e093c855501989d5eb588e2d3	9d82affc268b05ca1a756a9b17c42e15249a6f4a6e66ccd1dbc198fd73dc0a96
rechiseled:oak_planks_small_bricks_connecting	full	1	012a728be40ca3b88fe12f36c99d7310f5513d3f7f3576192fd12f776680ffb8	b47e5a2e9ff209803913f88a3aac1f1bee92f06c15db36a7e5858dedb6bdebd7
rechiseled:oak_planks_small_bricks_slab_connecting	slab	6	5584f61aa472a3c10f291b6d201eb0b2f952811ac59ef936f1ddc4f0ec25640f	001db5367b17f3fc58fd61dcb034ed64c72299b0c0e7e49bb311870be45687e7
rechiseled:oak_planks_small_bricks_stairs_connecting	stairs	80	1acfd520b56b82f187772ad171cb4c82cc446f61034077f298b291da22ca2078	05c69b96c01dda50fc5ba7811a8c502a2788826d87f8766889d7d903c1162089
rechiseled:oak_planks_small_tiles_connecting	full	1	c26ebcdc4fab7c5741b94362220246a5efc6d9e6561a59a088b32de81b47a57c	003b039535aa3cd9c4876b48cdd478e4af85a70f2257505a2dc49a23fd7c7b5f
rechiseled:oak_planks_small_tiles_slab_connecting	slab	6	07cad8953d52f4da8c822068c285e3e48c06dd539f4d11ec4dac0fff55bc787b	f08e6d0474fa5617bc9664c6b4098c9f819fb3dfdc1ad9591d42ca2d58c8b59b
rechiseled:oak_planks_small_tiles_stairs_connecting	stairs	80	860c4ca20312a3c4a8a0b4c8751bb33940c50efe58e998273752198ae236ed0e	095e92371bda65d1db366753390f8fddd8880ae064d5f93a74bf0328927c5b59
rechiseled:oak_planks_squares_connecting	full	1	b85db8594bd40934f82f0e25b19ac0395deb21b14b316e6955f3e7510bc32cf5	65b89d162acfcb2bfcc5c56e648824339ed4a2ec08a2fe79bf78d9a83cd49a20
rechiseled:oak_planks_squares_slab_connecting	slab	6	dc1af8c250cf55d77b1c57647f1c6b0ed7021ec267f77510376e713a35be03ed	927bc11a67f822357131fb86e0f4b6a672f7c6376161f55521379a55ede424b7
rechiseled:oak_planks_squares_stairs_connecting	stairs	80	6ca96586540086ac21e243ef8eda6add97547e77b752dbcaa830d78961eb5b05	bd33a9aee5ecc27efa1e98c3fade92d1e51c2ccad3996f42d248b580ba8a9f5d
rechiseled:oak_planks_tiles_connecting	full	1	ffed10ee75472e191ada9f9c2f979d18dd0c701327fc3141749de2e982a9be67	9cc34b3e76d056a718b6f94d5799f397bce2e327b2df8fe8833e3e89527a4dc1
rechiseled:oak_planks_tiles_slab_connecting	slab	6	ae357d1dcaf3bcab7d5e23df9f5427c307fc42fbb451555bfe8021294f6c086f	db0dbad9058af54a43cc2499271aa7b1d0cc6da30623ed020ab53aa8d769f851
rechiseled:oak_planks_tiles_stairs_connecting	stairs	80	843f21d833e35d4a28f3c995b10023fe2178aeb862c741d93e51f49b304591b8	701a3934f05e29c473f51a85d9f3d577183067d30df9d877a37a8fc6402996a9
rechiseled:oak_planks_wavy_connecting	full	1	d88bb8321a6d42f8bf348323a78257c42750d0487675e8162db9e2953de0c8b7	d5fdb07535886ae6f2c35a68aa3ebd16476328a211df9b1303c36893880eb4d4
rechiseled:oak_planks_wavy_slab_connecting	slab	6	93bcba6a133f21d7afd3eb5c262a46092d1588d530bd5f98dad26feb22c77ddf	9ccec6224b854b765685842263ba42ff0df2031f850aa3e6b1bfc68ce119145a
rechiseled:oak_planks_wavy_stairs_connecting	stairs	80	c75c3ebb69e5fda52abf85514c9260e960efeb7003f0e9473d9cfb0a583c74ba	7e3713bf69025b23bd6154290ae34b6d25e1bf61e8c529531a9356481689c8f8
rechiseled:oak_planks_woven_connecting	full	1	6022b95f154168ae8b615587adc9815b208acdd5374da0feb509c0385087e61f	88742462d57a0513af1462cda8bea207fdd04ba8e718455865ecc8603b3bcc3f
rechiseled:oak_planks_woven_slab_connecting	slab	6	d13c9e70a2b77c155719d1e138aa684262af92841876f7a797b8667e0cd42ffd	e1c4b56552d7d52ed18ca95568df9092db5e56ff4b89006a6e4d64eb37644a98
rechiseled:oak_planks_woven_stairs_connecting	stairs	80	06291fba2cb66f01618951f9cde274d0dd86417663c212bd4680955b707e23a3	d1a18593357119e5fd13feb39a2e1975676893fce770af38507609fa913bb6f5
rechiseled:obsidian_bordered_connecting	full	1	b85370dfb5f375d36daaf905f4b97526438a6235122eb8b554fc0173cd612839	2bebc3db23d4a8950dd9b5399eb50dfee1e4fac61623948ab8ad092e4eca8881
rechiseled:obsidian_bordered_slab_connecting	slab	6	bb331f67d9e683aa2b1fd42e133b4ffcae43cd153ff9d81f87e4ab9aba5980e3	7dde5e088ba4731b6b111fe686198580baf30a2965226c4cb8ef1f1a87cfbf56
rechiseled:obsidian_bordered_stairs_connecting	stairs	80	19f73f3dfae86b86c3a1098a9b4d222c8bd900b77765b7b42c20f05fd93d2112	3beb29f43345b93dae018303b97254a41e4303c6d69d1934dc535ef1f064d72d
rechiseled:obsidian_brick_pattern_connecting	full	1	1c3d9080dd4ef737f9ce7585b1a0b0085aa51361f54b57b5d675cdc8142a8d13	72135ddaa29fd5bb8307db059f2ec67b7df4ea224ff3d2ff154d4fbff0f7d809
rechiseled:obsidian_brick_pattern_slab_connecting	slab	6	a1427909617dfa808a982d307a9fff72d10d7058296cf82e093501763a7eb08f	6ea301c88f9691bc494a28db7605b0f3264f842a620ce464a00cf2d506a8837d
rechiseled:obsidian_brick_pattern_stairs_connecting	stairs	80	6b69f547293048be521f4a6c1450fbaed35f34db90626cbd4c93d0b8c7397bcb	858b5735e2a5f4c81cd8fa242fea46c4ddabfbbdc88847cc5b0c9a02fe15f2c3
rechiseled:obsidian_brick_paving_connecting	full	1	d8b83ace2227c2a8a1b19841e4914981c70d08e89e822f6f6f5e9250722eda91	57eed378197a2943986f9687feb59b6de1a84fe6f454e73b462470bbf9076a4f
rechiseled:obsidian_brick_paving_slab_connecting	slab	6	572c6a4416cc3b0129adcd11a78970a509bd7fe6e5e5f9bb8746596140722293	385b3c78baa805db7f6853492e7fc9e9cdf00d5c4ee6d4e3148024372510a7cc
rechiseled:obsidian_brick_paving_stairs_connecting	stairs	80	c03df134ec7bcb8cb4e1489b74c5c205b9c314a6358bfddb3e842c94191b4c5e	3807999b52fc347f7284f2005c65b439d68c959c573106634de5859710213163
rechiseled:obsidian_bricks_connecting	full	1	abcbe90bf6b034653098e9bd3227b4e4c9a0c187ba97897ab2e39de743ad5742	b9d0548d5d6184dd4949a6b73bbb2e3320b97dbe3c6b86e54f02b4a89f2188bd
rechiseled:obsidian_bricks_slab_connecting	slab	6	a31e170320bc5bef2d5e25d1d47881ea3ced8f7af5b3e953b221307270c45e40	1419b115b3577d0d8779f5224db310635ddecef89b7e7d059ad6d77a7f163f08
rechiseled:obsidian_bricks_stairs_connecting	stairs	80	80fd67dec9872f62c81d2ada4ad0d22bd162e7dcb47fd1731198badeaeab8d81	f1b4261cfbb01bd5ad0f53285bd1bcedaf5d3b22d3145362c2643b5564b504a3
rechiseled:obsidian_chiseled_circles_connecting	full	1	fb207d61dad1fbc0cd67641320b181f2672667070365210fb1b7ded589526159	a5e4cff41e39182f6b0bd77ee209292423160e696cf40bb491ed89dcf0caab10
rechiseled:obsidian_chiseled_circles_slab_connecting	slab	6	f42d6a17318c1b1ed4c8731a66d032ed85348059d92f82ed788741a5ed6ff36d	36b67aa7ac1cb319df4c5e3a836908f27e8f79da57c5d2c80ce7c49a2e686a3f
rechiseled:obsidian_chiseled_circles_stairs_connecting	stairs	80	fbcb725c8d30da1851bcf42044dcaab330e8110e683d9429decbd37e43280e99	03bcd0761c49d35f3ca7fcf0d015f3d1abd9c83a560c6da513cc0fe701701a52
rechiseled:obsidian_chiseled_connecting	full	1	6af41b800dff6c42ef720dcfd8edb0d7bf882a9a3a148c5324151a9da9c1c61c	24043d4a57199fc4c76792bfe76bb379080119b7ff500173505175f99bf4f7d8
rechiseled:obsidian_chiseled_slab_connecting	slab	6	10ae8f62412efe34adccfd243cfb0e871342dd485f1c6c1479c3d392a7633977	ea198be51fd02e9f8969d5596f624ab231aa83894f2e8ea50f6f3784b20a1870
rechiseled:obsidian_chiseled_stairs_connecting	stairs	80	380be1f48e73f567e8c99c2877579e8a9a7803061a7e19d2682fa02c96b81f76	0cc0f28ea2a274f2142f509ef2cd25d7d2ddf3c5f9750fdbaa10c6679e9f9e84
rechiseled:obsidian_dark_connecting	full	1	bd4e388a78ca22636fbce70738940a50d43873f748bc5d067d72692853c1df01	f073c1de5f75d7ee090f0c8f191708ee41e0f6986f08628e03b92fb05f958ab7
rechiseled:obsidian_dark_slab_connecting	slab	6	26aef2d65b4ea0f9237e34b8665b936c9d47d070e96f969b3b2e5a07bcd30909	8ee551f9cfd3b6ef64bb94bf8319fa4628eff8c0096f445b3c215997c2b0b917
rechiseled:obsidian_dark_stairs_connecting	stairs	80	263f70b42afe72ad3664b69213049c61230d21b841de5235529a5f27acdf7b2b	b057ab3c866937290b47a5e0abbed13267745cc8f659d118fdc4ed9e122d4829
rechiseled:obsidian_pillars_connecting	full	1	0ca26b0c24f1bc24a40402bb508092b8a13ab50d58470c7ec66765bd73a27ce6	6449be183d129f2990ad0321f4cbe8dac8143d25b077ecee9de46c51db3696cf
rechiseled:obsidian_pillars_slab_connecting	slab	6	a84ba0587e63840b7126a234a7ab1f6e77bf1234a4120a27cf81c2c4ba3b8eac	118b3216a824843d25323e3ec8eab30be5ff6e567d87203012db4812f20b5bb5
rechiseled:obsidian_pillars_stairs_connecting	stairs	80	44d82ebd0530cd06c85861e6ae5ba45138d996f270b88923c96c4d186b8553fb	6c08523effb5d63dc39aa997e2fcd1a4801e4d17043b0d582334c5de57f59330
rechiseled:obsidian_rotated_bricks_connecting	full	1	512262fcd36cdb692c7ce401d5ff95f22d7072fa706b7fa4ac99d1e043f5893f	9bc834b7d9a30f46047c87184aa35b4b700894a4a2801a5082d67361dd17bff2
rechiseled:obsidian_rotated_bricks_slab_connecting	slab	6	b12e89e1feef6823c58e5103b108b33a45cc6c7a686e2308144140b56be6ee03	6b3edd5653cd5a1765bbd46c6d3076c5fc7bb81405b2169847d960c37aff5fee
rechiseled:obsidian_rotated_bricks_stairs_connecting	stairs	80	7e921ed966c03ca618a7e2118bfa13860cf018dd67f74e7c8fb1f2e837a383e7	10cbc8e7420d94870b166eac623b9a2919fd2c6e39479bb8113c593570767f27
rechiseled:obsidian_spots_connecting	full	1	f4e32beceaafc91d508c55928c957b876c4eae498cb6f2b6e7e4d369893ecba3	c2775f59859e4c38ffb2423646358d1d65b4639ec32f5b870caf114a4946793f
rechiseled:obsidian_spots_slab_connecting	slab	6	2c8f8c99574395c6b6d87733de36b6d7a63654997bcd5d7886b8332c4fbab018	05f791fc9676660c6c752bcd49c5504c94a121eebc020593c5314adb820e77d2
rechiseled:obsidian_spots_stairs_connecting	stairs	80	fe793ea9f43517a6032395a620a95d61e69010f9c26e4e3320c16fc1a9ec20ff	43178764270c9ef7056a0581e7e6386cc838fe56974f30d496676d30e294e854
rechiseled:obsidian_squares_connecting	full	1	8de73dad135fab8fd31aae95c82001cc0e0f9c7eeffdd6ab5893ecbcd4ef6473	bac5488a503e304470fde97be9dfcdd32cd647586ebd64c9d39283e0da5d7e2c
rechiseled:obsidian_squares_slab_connecting	slab	6	a06e56aceb7dc421f0a83a927622bca2783c6e8ba26189f8485c6b4ac26ad86e	7613f78e793f7d9a9739263c1dd273ef9e2446fe0b00eb1099accb01e61c3cb1
rechiseled:obsidian_squares_stairs_connecting	stairs	80	d4c38d872e112f169e19db099ebf8396afd13cdc743fbe692327d0bbecadcb1c	41230b606e174a7e26ecf769ace4a7e6b611426a88fb94137e17a3a452e0a34d
rechiseled:obsidian_stripes_connecting	full	1	f55f083cc700858e81aec22db15eb406b146ae016fd2fb88370d009e6f69d956	0e797e0e1ebfcff4bedd5b57f0af7bbad9a03ae3dfec0c3303c9574b2a385f88
rechiseled:obsidian_stripes_slab_connecting	slab	6	e26670aabf142dea470f4db2d7d88d3add2216c0ea38260cbf99b695e48ec838	64594d497943b04cd81687d7bd9332da7fa04ef70db25f2842cbb533bbe44915
rechiseled:obsidian_stripes_stairs_connecting	stairs	80	a2effbbc2fa9deba4c7927858ab9137f20ed0563d535e67fa554139a3fe12a61	260d0f7a91b9c785223bbb43e4f91be3a12726aa458bfc7fbd02ce3626ceec8b
rechiseled:obsidian_tiles_connecting	full	1	b4dd3671c4e7fa7dd71d618a19126bb0b9db68456def3feb80a2ed2bed4abe69	09801b7806502bda74e6e9f0bc591d09f19b41fe3785642bbfe101ddf18910a6
rechiseled:obsidian_tiles_slab_connecting	slab	6	5fbbfbedd3b700e6132993c1ac9a34f787c590d6310f58185eb9e92e38943a46	641fa94b0b8d7d72a8e19e2cd3163856a8f1dd16a9e0a2313d2361412912efe1
rechiseled:obsidian_tiles_stairs_connecting	stairs	80	eaa60ac6529fdc42fa60ff26cc742033c8f984bd21891765b74359e424454d75	7959557d349f609607f51806f9677ea65b490d4a1d6659c317aa1dcad16ad924
rechiseled:prismarine_bricks_beams_connecting	full	1	ebb19c739d9014fed3c274cc8a0bb1d717f09812e27e77a620fe18460ff733c0	709da2f122cc7d181be370f8e1af623467d8b0fd483b87ad0f077a8a72334869
rechiseled:prismarine_bricks_beams_slab_connecting	slab	6	ed859605fb7ee204c99d50876eb379ceee9100caec6f223595388f3b0886f8b8	b3dbf7dd634374ac152c083d407604610d316d78a48d78902bf7509747e5e60b
rechiseled:prismarine_bricks_beams_stairs_connecting	stairs	80	c28d277d1c9556a5b308ff1cb63cb462cef94c22cc4559facd99acd7a7c1be30	a73ef1b968f578c2025b66a2c184850399f3aa670070deed5731579cf6aea0f6
rechiseled:prismarine_bricks_brick_pattern_connecting	full	1	8adfc295f1c44417ddcfcb4ee2e262279e47ad93c102928dff37d1acf782d0c1	a5d7ac4d7901322bb5df477f6257b95801a3ed8993c7078780769aba5a9d6a58
rechiseled:prismarine_bricks_brick_pattern_slab_connecting	slab	6	294dcca343e6b885461a470e50c5f835f1cb718dba387bb46a7e2bb09dc2dc03	a374714244d69b95014df847d2d6413d637a9cd3bf3c22db13d2a13bdf71c1b8
rechiseled:prismarine_bricks_brick_pattern_stairs_connecting	stairs	80	3fb4ed8d01591e77446ebbf337ffb55432791305343ca44b20b5ee70fb2fd357	45e390223c3f69ec691ba33943e01870c1ac9c2fb96e197e7ca517ea16a11672
rechiseled:prismarine_bricks_brick_paving_connecting	full	1	caa95b321dc2b0912cc3769bf718ac69df0ccbade483691a752648d9e2449952	0165299b495f5bf8b445816f56155c65211467b78af5b8d118b5877971e9058b
rechiseled:prismarine_bricks_brick_paving_slab_connecting	slab	6	3c1967815ff5605d22f488f80b6df3d82a5e6fdc6abf64fca29d70367ba54a77	7e3a0d19e10472b5fa0bdeeb05570005c2ced8c0da273c827543d799ac84d3f5
rechiseled:prismarine_bricks_brick_paving_stairs_connecting	stairs	80	ce5c082b87ca3cdec72f7474523083fe870faf841faf35887f9e0f6a052139eb	c4304878b708fb5da211f9f920f50e6e408257aa9a11269e958f68a4b41d1e10
rechiseled:prismarine_bricks_bricks_connecting	full	1	caae106000200bbdcbfb6b5309b4336499f8df2b00bc95a3141fb4db3732f836	c723a5c87468439c11affdfa4b35c7a2747500bd0451cc16b01b3d75416206ad
rechiseled:prismarine_bricks_bricks_slab_connecting	slab	6	10c509f91652b5a1e72a907279c7713077dcd702d73e894a2aa6161f0604e25b	74221ab62e988528a50f65d25d4b4c8e645aeffb700868979b9c485379f444f5
rechiseled:prismarine_bricks_bricks_stairs_connecting	stairs	80	f1ed04e5de56291dac30d00f1dbf084edec63d6f668c83ce03f23547eb24cdd1	38b55bfefea2219927b8ec7170eb7ecdcb240a5fa3658343aa02eeddd515d976
rechiseled:prismarine_bricks_chiseled_circles_connecting	full	1	87df5fafd0dcd7d6dc1957896bd01f21c1301099aa4e2196f40e25f641fedb38	10976342e34433728de9be812c404f5fa8c4dad12d9cd194d1b86ec483cce4ca
rechiseled:prismarine_bricks_chiseled_circles_slab_connecting	slab	6	e925f8d083df33875f68d1b3daf497e56109312fa4c82ceb059fdf29cf681769	c14ae17fa897bd6517de63aeef6eaef88dbe3a52636472be70a1b40d03206a28
rechiseled:prismarine_bricks_chiseled_circles_stairs_connecting	stairs	80	88f36db515b73a7758b1759fa3745de011691a047c17f279fe8516bc6079d792	dcac1b1e55945d5ea4259706cae966b14ecad118bea9205ea695fb61411c64b1
rechiseled:prismarine_bricks_chiseled_squares_connecting	full	1	a5ce4321428c6a112fd755c460e825afd97929ae3eeb2edff67a440c7541c208	b4558408cdde6f18781877c8b935fa842623f98565c034dc7ceb8763ed203303
rechiseled:prismarine_bricks_chiseled_squares_slab_connecting	slab	6	2b7c9addcbce87448949161cbebce6148eff034798fcb5276b6852b47c423df5	b18e98c3603d6a4fb878e94fa26aa1f4d92f081d2f0fb1ed6e72cdcb3939ef1e
rechiseled:prismarine_bricks_chiseled_squares_stairs_connecting	stairs	80	b4db6842db15850570c7a01b2d47a60662fe4bd152b8b09406fda7fdbee60f5e	eb12bdb7ed1b0e3ab0effbe40611885b7acb7ce145dcdfc42f6a5fbff9e558a8
rechiseled:prismarine_bricks_diagonal_bricks_connecting	full	1	0930b8e73f12f267c95184485e2cafc1a48769baa1f35d63785aa6c9330ea51e	0f6dc2e7b91432745de4c78c9c986458e4f27d8f635481fbf86b749214a9edf6
rechiseled:prismarine_bricks_diagonal_bricks_slab_connecting	slab	6	1a618e45078400928c1a0893acead45d4504d8483769e4806f8c03dab7796d2b	13a5c8afe046ca78d82e1cc302ca9cd5bc7257da6c6d34ca0e5ab1cbba23530d
rechiseled:prismarine_bricks_diagonal_bricks_stairs_connecting	stairs	80	74c91cf2c505cac063a3bb2be28cffd1c3e5f9d4d2aced088fba470a11f92a33	282b53c3cdf539f6cee4aaa33d1ce604e5c9096879847f9e8c1e481aacff978a
rechiseled:prismarine_bricks_diagonal_tiles_connecting	full	1	3bcc48b5698685057fde2845193ae30c6b67b8b55c2bffcd9b245a15ba8fafff	35bf2e111ca2ad8ac54a0aa17959e48974f1a9f101287200f99d9599e801775b
rechiseled:prismarine_bricks_diagonal_tiles_slab_connecting	slab	6	5323b54b068ea1d90ae155096c4d4942086ed192a95ba3633b210f1033bb4a8c	4288b9c61dd5fc8892164feaeb61f1712a4bf3c3742ac0d4fc213b4205dde1e9
rechiseled:prismarine_bricks_diagonal_tiles_stairs_connecting	stairs	80	45e124f40034c874718f5c03093c9f646ddd1a4fe8d9ede627b8416d3f9d05c3	169bcd074c89c3047be9b793b2e63e16f23e7db9c69ed236d07f84eea2270960
rechiseled:prismarine_bricks_dotted_connecting	full	1	16b83d2f22421fa1e81093d69a73763a9e1bada86f2143bc0d9f43af45d42d1e	e70cbf81baa1ff358250f6ddd2c0551eed557f66bf66bfdc09f8a85153fd54ef
rechiseled:prismarine_bricks_dotted_slab_connecting	slab	6	08d57c75ac5aa0fa7972ba1e01b7279485247dba762f902e7696a471ab4650a7	abc6939182b0169c4f95c7de0773cf87cc59b20678365ac38feda162eeea7bca
rechiseled:prismarine_bricks_dotted_stairs_connecting	stairs	80	217ef77d279d414200277e79c6095ca173c74b834ed82363c0192cb75d0b4399	4466c0f838f97621417f1cd5f89e1707bf29f74cfbd8252b7a6cb1aeec42b29e
rechiseled:prismarine_bricks_pillars_connecting	full	1	1c9d779e522e8194ff50ae15e90631266c2b0254fa1db894db9ff66d98d76c40	20c24b93a3f9e780570022564963e708bf19b7bee9e493dd5b86847353d7337f
rechiseled:prismarine_bricks_pillars_slab_connecting	slab	6	9de1aa8bd9a13535b8f499cad24d5ac6ace508e7bd83bfe040884a572dc25eae	0ffc9d22a32ca627dc582c8766aacd9276ac98808cd55ad7649fde8a09d7d26e
rechiseled:prismarine_bricks_pillars_stairs_connecting	stairs	80	437e26158efe634a7561dab6fa8b64e37adee7809f7baa48fa4a6ef7fd67cae4	0b5a5df4d0b36a9879a36e340a27c7863697709c7cd406cf3814941a80e708ab
rechiseled:prismarine_bricks_polished_connecting	full	1	ad93cf2298f3d8b68a64e3b5983ec8c813a0ec37e23723f13f162a9269d9e968	e03f36c939448db2a12f292ca5f6ba34a2c180f6893eee5a64aee5016c6e8c5a
rechiseled:prismarine_bricks_polished_slab_connecting	slab	6	7240fafb6b42289fb5d92a409e772e40ddac975d093d8cbeea39424fa1abb655	d22a47c2a994323bab8804208a425001ccfc842026c660f771cc2fd6e02af0ae
rechiseled:prismarine_bricks_polished_stairs_connecting	stairs	80	fba861686bbc7d71379fc65b95635610a3606ba4b3ca3de9029e738cdf8d1cd8	222dee4cf1c79eda09039a640d591dd60a52acbd94291dbc86e03cc797bf8873
rechiseled:prismarine_bricks_rotated_bricks_connecting	full	1	ea954d4ed8c926fb1becaa100b8ab5259dbd79c6f4b3e42317b7bdf3d9398cbf	48d6d4798b62127360870619895b13f98fc7c6e78f98257fcff204a9abe14c2c
rechiseled:prismarine_bricks_rotated_bricks_slab_connecting	slab	6	264fe2a551eba7918215b6661d472c0d9390ad5597ab04dd8ab593ba832db59e	68ce0da9075a34a4ee2d400e00d61796f311bc4fb6051d3735ce2c0441ec2b01
rechiseled:prismarine_bricks_rotated_bricks_stairs_connecting	stairs	80	84ecf716f8bfc9bdaeade41eb25bb8f27309741cef5c2c7019bf9549db766faa	d5f8132a24b5503e5c8b8722ba31b6b94485f25f57298ed143ca67ba0d1915a0
rechiseled:prismarine_bricks_rows_connecting	full	1	0510e8e111944a14fb456f028417fd7fe2ad87bdee1599bd310bf85f356111a4	f811da2f5afc70d3e329e9afd8da0a9f8c7ca2e491870e33b43dba73c6a53dd8
rechiseled:prismarine_bricks_rows_slab_connecting	slab	6	853cdb253e542f54191234ced2cd3945a0817f4dac09559cd09a02d7230a5f1b	52a938bcd40e755123dfc82bb318c9094c069ed81417f8e15aa25acc54a681b5
rechiseled:prismarine_bricks_rows_stairs_connecting	stairs	80	7da655514790dde8ffc47530123e897ed3a7432a3fc3412827e2d36260ff94ec	03d77b02fee9133f00d7a20bf8f6777b1d2a24fe38d5dee4cc9179a14fd61a50
rechiseled:prismarine_bricks_small_tiles_connecting	full	1	88f11260960caa5827c2563d35cec26787eb9b04bb82512d4cd65ab0608eae16	3468b391658699deea4d455350f5d59d9ef00fcc2ffc06a7ed3336e90b170d3b
rechiseled:prismarine_bricks_small_tiles_slab_connecting	slab	6	cadf83e3ea48e7f2094574f7c9ca911e429c46ac94a4f25c3afd11a182e89375	324cb39d99a8af8fce0f8863e489e097aaddea981ea2627d6d9c0f98c90c350a
rechiseled:prismarine_bricks_small_tiles_stairs_connecting	stairs	80	e55158536175cb4ab0abb0d4b3ec2e5800ce059d206f6361c1f1e4217914a036	3b14df54bfb75e91d58d832cedd72b60735aa645604dd8cbb22d7f2c1acc144a
rechiseled:prismarine_bricks_squares_connecting	full	1	26535197bb2453a7e828576b353437d12c003908c5f5eaf11fb9d1d23924ac13	c0cc44c93665c274027fac16ceff6b35b2a3b914708c840feecba6099f5877c0
rechiseled:prismarine_bricks_squares_slab_connecting	slab	6	0d7b61327cc27aa544ac080b9be47002cf629c4cac5f3d8d8c207f7f3e8bc4fa	e8d1a84466b88a07c54a63f149b70e152e2cfb815b8521f3a080d952e46f4e13
rechiseled:prismarine_bricks_squares_stairs_connecting	stairs	80	202ab7867a0e2769c8df65853570a157975574ad7d51e1325955cf599cf5d0f6	aefb46256442bab4e74e8486ab714705ff9340cc94a7580fae42c43b7fab4576
rechiseled:prismarine_bricks_tiles_connecting	full	1	b445556d45618ea90b00e292a4b98e1b0a3e9f15aa9a6ddf94bfe0dfd2e93634	e361aa066ea6cdd02c8bfd319699e670a7a3aa857d6e47ca97f51e21c43818c3
rechiseled:prismarine_bricks_tiles_slab_connecting	slab	6	b006dfc539a6f52ab3d8f679db66f6d2334e48b44e01bb78771b1561c45a3f25	87cc3782e07fba2e5de64686807c3a27604341abe0af976465338d4540592f6d
rechiseled:prismarine_bricks_tiles_stairs_connecting	stairs	80	2cba3cc2839a28a8208acb81ebbc68848eaf9ab816190dfd82b4a94f45e2e0d5	55a97efe5c2291763ad52a7e7ae9c3a7fdeb20bf98df5ba3eca7f7c6f3874597
rechiseled:prismarine_bricks_wavy_connecting	full	1	5f56ce0924771164d5732e4b1c710f00d481cdd10dd243e22d4e4d9a15892c0e	bafe7290f014fe83cc53f72978c5d73a3ead97302ab32de28775e2fa58ea74da
rechiseled:prismarine_bricks_wavy_slab_connecting	slab	6	3d653038efddf0f32074f13095cd6f117e71f8b2904a01ea36532990a61fd5c3	bfc2b30bf39442b85b80fd7956804aa9f5334f77baa47987f5571fb868126bba
rechiseled:prismarine_bricks_wavy_stairs_connecting	stairs	80	2c9fcde5f93ac7ca116ef3a2fdbb8ca5856d37e689ee8fb3ce0a63f57cf6c56a	8ef16f51d90acebefe638fc26efd5af1a79091076305786983cea4be547b4919
rechiseled:prismarine_bricks_woven_connecting	full	1	281361fc1aa7ebe5d7a4c0ba753f1074e84a71eba3afe14d1891d71f6774b853	06805a5baac67964b773a03c8868e7de061332c819bf9a87a6552091f4cb342e
rechiseled:prismarine_bricks_woven_slab_connecting	slab	6	e839c138fd354d8a2771288fbd82cb936f8ca5aeb5f27e7863a82b3dfc02612a	8cfec78468bc03b41d99b55f81e9957359ff769d99fb7e7f822fb3d395d5286e
rechiseled:prismarine_bricks_woven_stairs_connecting	stairs	80	e579956e4155e60678b9bbea57eac192eae43fac042fbaa1c2ea59a301a69d1a	48b6dd39032267454f8a6822000bfc825755385c94e3d243cee011d2c5c091b5
rechiseled:purpur_brick_pattern_connecting	full	1	a2b23722b884d66acab64bab8153a177e934c431e9436098c3b6a683af21f4b9	385b8862e33534ee988ead3a88c23afd191f272879f9c46ffb640623cd866c9e
rechiseled:purpur_brick_pattern_slab_connecting	slab	6	1b81c0ef5c217a8bdf75a90884fe8d619be34c35b65effbe2b9ad77cf8897ab9	3d7764a5557780ddbaa7f548c8aaebaa9c90f84de5fd8dbfd57d5e1fc70ac59a
rechiseled:purpur_brick_pattern_stairs_connecting	stairs	80	84b8c5f63e2deffdf9751582e03e7d0058710eb1e00dc3d0cbb6bbe7a19020bf	89bffea9dcc25a3d0ca8f70452cf49c55c63f8fcbcfcae5d2bfb645574840128
rechiseled:purpur_brick_paving_connecting	full	1	de362d06d135321d395b56ff1ee4301e80aa864a7fb4775ebd5e30d9bf340e25	48400a93539c1425829dab9be27c039c1c49d823b19d5dd165ba775b99633ec9
rechiseled:purpur_brick_paving_slab_connecting	slab	6	820a3c4ad21d09e9d383fdf61e3761406124e19b55b6a01e3d5a82e9662a7529	41fc3b9b273b30007a81775f8e235959ee489a5df6137165b8211defeea14bbf
rechiseled:purpur_brick_paving_stairs_connecting	stairs	80	273bc355634d2567ab0f9c1845d16ed71556c6b916b43154686238de40953228	0b5f44a0efa3500f0f1e8ccf3cf5202032891a9542bb837681a42918e495beb0
rechiseled:purpur_bricks_connecting	full	1	01a49c959a5f42adba2e94a9c266bdf3b6befa83c028b3b72a0651e70a058858	4cbd40e14a18515f01114bae41f05a4f55d62eb4d39fd32253ed7df18bbad141
rechiseled:purpur_bricks_slab_connecting	slab	6	ac8297cbb7779e64b3e96ee4af4cd8e8e941b0ef1aa533810955aba25eecec7f	848d4c348cdb97a5ed14d41cb7683b51b3c5e8987e3838dce6a1092085ca4a20
rechiseled:purpur_bricks_stairs_connecting	stairs	80	c5d6c6d28bc2ec410baec603176db0f8a58130db05519ce7891821dbdce04b67	e0e6037b673c9d36fd6f3f7b395666c3a1bd06bf19385097c60a4fd588c3ee79
rechiseled:purpur_diagonal_bricks_connecting	full	1	c3d22701a40f2b59885523e3dccc8b8d52e85e6a828ebfa40b283da97b21238d	cf3d331945d9434e60bfb3f5d7c66b3ec4a6d6c28ea1da9913cc0341863069dd
rechiseled:purpur_diagonal_bricks_slab_connecting	slab	6	69d23b7ef29fd9e93a1eb204fecee41292f6c58eee82583ccbab9ec72b36af59	8f720d2e03fadbfe28fc6b40485d3d69db2d5be8c2ecf67e12820eebb39973bf
rechiseled:purpur_diagonal_bricks_stairs_connecting	stairs	80	c8c83b342eb5dac67e6036597c172098f214c12989baf3ae7cb78f58e6698ac4	0d11a78345dea21f6f2f54c4c9bb1bffd189c99dcb98035a5e7d3223d3f12c27
rechiseled:purpur_diagonal_tiles_connecting	full	1	59bbe31649747de131093d10b9d1fe14ae647fb5e6b4c3f51e2939630f717763	81ab7d51d9bfa928fd6a32f9b90c6b0f2a7d86c0f8c57dc13b2771e01567ba4c
rechiseled:purpur_diagonal_tiles_slab_connecting	slab	6	819f6b6b1312afdc539a648e229d4c5b027df1442becf1103e9ec1026ca96924	99dcf88c65e19a1a195fb6911c3d842798ccc0ecbb418c4a2e35a9defe8a37f0
rechiseled:purpur_diagonal_tiles_stairs_connecting	stairs	80	78083226ad1d4b87d676625813d7059bce6c2b1ceb49edcf0591494135a7844f	5b73ba1bd4af896b0cee3d08be3d3cc2987522c79ca84523460d754d874737f4
rechiseled:purpur_dotted_connecting	full	1	599b4df4a7f97a40fc477e17ab1cabc205f21b340834fc4f6f7b43161f6a9afd	353555ffeb1102bd54c430e5d0cb496c2207ff1c543429a85f289577b86bbc26
rechiseled:purpur_dotted_slab_connecting	slab	6	ae5508f7fdc2c397b7e6a76ba3ba3908c38c965563903c3ff85cc7a072713f8a	f2dc4f766995b6ea4879514919fbf3c06d78ed316cbe039925ad77565aa4230c
rechiseled:purpur_dotted_stairs_connecting	stairs	80	828b3a643c3a7680ba4200d881c8e007eba72cd15452d3ed1af5a1b494143be9	a18685c64ab3aef690d85f4d2ff44b55e1599c177c1a2185d27a441c23c85537
rechiseled:purpur_fabric_connecting	full	1	17abc205992a0c332ad3c6315fdc92a39959e0dde803e842417ad42f38cfe6c0	016cae4d0d7eacc40bda2f0ca18b2dc07eef0955b7d0ba77461a015a8f6270a2
rechiseled:purpur_fabric_slab_connecting	slab	6	d006da829f0f5773ce780c1979b89ff9107357c578e23b87667995e38ece9284	07383ae26bdd5b61fcece0eab9b82681b16d5817f626c2c90ee6d3f9613c9412
rechiseled:purpur_fabric_stairs_connecting	stairs	80	5571720e5ba68068a84be6db1f8089a94e0b77d43af0d8a64bbe68f966b8a114	8bad1b26fc19ec12bfbae2df6a5fd0f6441ad85e7397de801b417ae98e559338
rechiseled:purpur_jagged_pattern_connecting	full	1	c7c2be59d00f4d813e6a04beed869deaf39e5f072459f77c2e07fe6e6c13724f	4eccb79245c2a16b0144cf5d1300d65fb194e9144a94bb811e740d1e2717639c
rechiseled:purpur_jagged_pattern_slab_connecting	slab	6	6917c67455d055a804543d6d3fc57268b9fbc21ff2af3d27cc69d8dbe95c7471	c098e960e4ec5131442398030ecb78a3c8e1b11fae13941720a333cd4dd7ef99
rechiseled:purpur_jagged_pattern_stairs_connecting	stairs	80	f541cf82e871046725499290a2cb2c4c0ca0fba373ff78c0bbe7e430c11280d7	7dc81d2c5d48a13ea10c65fbf6640792b8deaa1face342187d3a23c710d6cd0f
rechiseled:purpur_large_tiles_connecting	full	1	5f81108ccc5ba4a12e148f4e7b7bdc24b16a7f7027c9229f8a256a66f722c7d7	f8e62ff027de7ba05905fcfabba05e834dd165d8bac3eb3427c851cdb7a1d35c
rechiseled:purpur_large_tiles_slab_connecting	slab	6	3ae22626c90dafa5d94b185cf1c2fac658f6755cd8e62dd3b8565c38cba22e3d	e3b6436f5e0ee411a96e12ae8391b732a88cd4b7c3abf405c72a02903d5b940b
rechiseled:purpur_large_tiles_stairs_connecting	stairs	80	ad223719dc5a68a5f1cd1ece21519313f07d9fb8c5f0a2b9160a2b9198b53be9	0dd82c78f085578fb5ca85e26ac0f5974cf8d40dde4413d0fe29193e914b6d18
rechiseled:purpur_organic_pattern_connecting	full	1	e4dd170849ef0f724afcef2e5633ef540fa54061c1379bb2e5467412f91f8638	82b2bef7c5af7701950d3ef4dbc56a06c3a3208931ccb9bd6eef7903e3d683b6
rechiseled:purpur_organic_pattern_slab_connecting	slab	6	d6a071c54fb0dd0bd2cf83ba92ec06eb2dd014299387a8bb5384360fa8f7f654	153411b15260a595fa0526fc6a04c9df7e6041cd540709416334ea5f4103c1e6
rechiseled:purpur_organic_pattern_stairs_connecting	stairs	80	8b5dac984c6610acc8fde6b197fe86dc0079aaddcb6e82e19ee9d0b5cef5a542	18b5e2afe1609b5302a3aa1e235e9cc6cad49d9b4b62ffa2dd54236a23f77820
rechiseled:purpur_pillar_connecting	full	1	784d6982c2b6312025b8336b05259d50d2ae600fc833cc8c9d787696224d5224	5eea3c2101550e78206a44e00fa9d1161dbea7334edcd00be999cd09354a7772
rechiseled:purpur_pillar_slab_connecting	slab	6	4e7550a8d3254c3fe4ae31d1b83727c047817cbf26583f2248602380d1f443fd	ed0daf3721e6789a4f90695f3bacce347694b1c725cf57b398f1f47fe45ed4b9
rechiseled:purpur_pillar_stairs_connecting	stairs	80	4e552a12e28eb5ee86301c2d2774985351deb9886681bc13e49e60923f3f70ca	fdccdec182662cd0d783274ac811285ab4645641d5b43ee79456fed0aea3a330
rechiseled:purpur_rotated_bricks_connecting	full	1	ee26e09354b20b914f742f2034da351ee7482bc497ea50fd8b667e84f9623b3e	925f82a2f12125b82c7d791d49d8ef20bf365c755cf75271cd29dd8b9c936a58
rechiseled:purpur_rotated_bricks_slab_connecting	slab	6	c2ec6601608f637ec72e8206cf5275f4ab7e36287aed418984155c5ef3fab8a5	ad86a6c541130b0a9d71e40cb8bf6c39e287b81859cf6ebecdb7b351bb3f4a0a
rechiseled:purpur_rotated_bricks_stairs_connecting	stairs	80	eb910bce5cf1d7d2599775bd589775ec53e76dbc51a75f4b934e8ac1c9434490	a4782a9931c4e0fdf29ffd607f09e65551006e11b1628dc2da1d2c01636e8bf0
rechiseled:purpur_slanted_tiles_connecting	full	1	0be81c5dc6926125593ac4bbe365fc9b3ee954e69f26b068ac05072127b8b613	df5eabc588f2365c5b93327d2ffc683b504c53d96c3c1055d0df8aa116288081
rechiseled:purpur_slanted_tiles_slab_connecting	slab	6	0fc6cd241fd1c3b0833883b80d973f13c6cd6182643a758589f45c5aed0ed49f	19d307a0355e3c2cc88742bb61918d923ab8942aa21f81cb9f22754d15f8ce6a
rechiseled:purpur_slanted_tiles_stairs_connecting	stairs	80	a8628dc0cd1648b8982039fb63474d823ab90a50b950cbd0a56a4cbe687d3271	537db7f954c4b5d610809af120c359a939d6febbe583201fc86a094d4e3919f1
rechiseled:purpur_small_tiles_connecting	full	1	bb3fd0d6a3dfaaef8ea756e8484712c924df8355e85ed233cef4c1936a88ec45	4f30be5dbb4cbb509268f20ca5f306f517c40bec20c0e7f162cfbe59d6f43cd4
rechiseled:purpur_small_tiles_slab_connecting	slab	6	1fb4b6930dc080c504005c3b380d4d167f473d96b0eefdf2b32cf98f2682b174	bcb713cfe6867e78aafa8976d8a03fa53b5e569b3b8bbe0106b8ec92f33b1ed1
rechiseled:purpur_small_tiles_stairs_connecting	stairs	80	a8119123c1e3bf3a73c7122acdee6877be4cf2a0a7b5d2fcd11670397d7d4312	d9a12f8af12f1447ee214d88c09412d233a937e171362d1e749e39b63b1d6f21
rechiseled:purpur_spiral_pattern_connecting	full	1	a30698294ce7febcf22bbce811021fa55ba4d83fe88eed85375b9d5020af450f	ee820e06c1fd50e8a928cc2ed4057b4c8fc667bfb264e4b5d054dd0fa2ae0d28
rechiseled:purpur_spiral_pattern_slab_connecting	slab	6	12a68356d9496bb1993d6ad70bba34e82a0bd81ba43fb3f16ee5061284192c6d	0d6092e4df33cd541b314e70ee2ddfc994b249203ec668771cffb9b922898f5a
rechiseled:purpur_spiral_pattern_stairs_connecting	stairs	80	c320e56de448b7d6edc907bf6078b314be3f1a5a57b9e60486e0cf9962080758	865f3a34ae444c2518c4ff3f352637108f2cfa1c3cc41de3c9acad3aaa7ed238
rechiseled:purpur_squares_connecting	full	1	a13f758664ca21229d2ab1fe092e3e19b181f84ce2c3fec66ab0ea373ccb3a31	60a8a8c6d6bc959f225c69b12a7e0f253d5718ff407555a477289723a2214bf9
rechiseled:purpur_squares_slab_connecting	slab	6	0809221a8fe67bc20e3aead0b160be327c65f0add33295cca494c7a4e280dae6	5346e74447667577c835f7ad009aba76e0f95879cc70b59f034401fb394764f1
rechiseled:purpur_squares_stairs_connecting	stairs	80	533cde2ed270f792ff02aea0df16630d1c1c2cd7979155418762923b9fb1ac82	45d3291ac602b5819794b3b0b367884bd08fd6aa92e765bd4e67387e4090043d
rechiseled:purpur_tiles_connecting	full	1	fd2a044827af8ad2258f3f4db11f38b6df95e1dce59f0ddcab3912a1d258883e	ec938071855063ec0309ab66cc64ffcb02fa81b67b679eaa6e7984f0faaf133f
rechiseled:purpur_tiles_slab_connecting	slab	6	6f03baab98fb4c9d5e419512f7059f320e5e18f006a343cfd6fd088f656d2c79	04851cc1233a9ddb2a029542a36d8ed0b3bdc1327b1300ecad9d9a75098c0fdb
rechiseled:purpur_tiles_stairs_connecting	stairs	80	c470e5e9d228a0e651ac193bac056bcd4083027ba8768a62addb37db838254c3	75775a4b2bc1cad1cd61dbdbe939ebb0c7b18091b59ae8185aab63bd73f603d3
rechiseled:purpur_woven_connecting	full	1	4b8bf6655434033be18a93dcee93d8cf1bc3b3cbd4b5d8a7f6d9c1237dd7915d	4e5c51aa176fb807957bb0f3ec221f17e51caa99f2b6c5e34fde4964183d70c0
rechiseled:purpur_woven_slab_connecting	slab	6	e0c7df7e1eb6f4f819caffed5b605d909666d5bd86806c7eb1ff4497167b10f9	da205fb7fcc5c6ea7386ae56df76d92c7458b2ba5413e28848f7d6c6a8b1e19d
rechiseled:purpur_woven_stairs_connecting	stairs	80	2e24c824a1df92137d69608eb11594aa54645baf24cd769afaee13e28980f820	eade65a07ae727a9a5827ca19f5dd3effa868b4f81f57c430589c11cca35fbc1
rechiseled:quartz_block_bordered_connecting	full	1	0a6cde41b4f6b60144917a3147ce7cd5ee2339310c38a002552ec163e85c3e7d	d9186e84c0f5659bcec868f83cf45d7600638c63d7b7319a2011d4609f62c12b
rechiseled:quartz_block_bordered_slab_connecting	slab	6	35c8b6ac9266be6b0e7d62b5371f41c47157ba04b415eeca4511f78a4d6c831e	48037cade9c271b8abb27316338007bce2d921d9deaf89465df6af604d88218b
rechiseled:quartz_block_bordered_stairs_connecting	stairs	80	d889fc45c31ce59237f1a0b28b2c9087690699872011004dea59cca6d2ab0292	edd44f091ce59f877ff24898346e4003d488bdd0df811129536da2d02fe747e2
rechiseled:quartz_block_brick_paving_connecting	full	1	8567613fc9b7d7101a76138158b52f31c2a44859bc51a7f751ae5877efb8c3a1	a3e2dc23ce0393b0e5e38da249c3a2838a4993fe9b4ef946e887f62a06b6c1ee
rechiseled:quartz_block_brick_paving_slab_connecting	slab	6	670e7872a4d50d9f9b62c0767ea6f32ae6c8a7177506cea8dccc598161720fed	b3033d5ad708b5b43ea7192893d33500b7d65da0958e33f620d8f031dab419a9
rechiseled:quartz_block_brick_paving_stairs_connecting	stairs	80	8201ff758481d9a6ad773463ea6a11b8bd6aaffaeedbdf32a5862b0578fce0cc	363f353d436074efae2f30330e6a11f3b97b726a88e3e00b25a934c933e231d8
rechiseled:quartz_block_chiseled_pillar_connecting	full	1	6f97b7cc086487a8e075b5ad6893238bc69c4197d4756c6ae7dc863da23c9a18	55fe0e831cd0d6720de8f62b8879ce34d1a0c1210b9aeccc48ef4df85adb34f8
rechiseled:quartz_block_chiseled_pillar_slab_connecting	slab	6	4f619fd07214c1899bfc2bf3abdf9c30c52bb2d416c810afaef7c7508ea74a46	f2f6ff475f2e22962140c27bb33ba866c6480f64cc5696ff27f45181e0df8930
rechiseled:quartz_block_chiseled_pillar_stairs_connecting	stairs	80	3f224f051564c629b7dcb3b64808134174f935bfded1a150c28621e00d94609c	1ac2d7d86bb0aa3283321ba45c77fba8b168b68a8fb0fa6db680442f085e4053
rechiseled:quartz_block_connecting_connecting	full	1	cca87cf2fc4c4d68bf2f57ca0771894e538a1732f0f519493062cf83accde531	2539a1551d16da2ab57e4d8b18319791667ba353dc7cbf7228318feab8716ec1
rechiseled:quartz_block_connecting_slab_connecting	slab	6	fcbe75a131af62f4a78b915f63d348c938c9eabeb76e561b705d466c7129fe5c	8c8484a7c7ac57a2613c23b3e801f83c77960d926e98ffbb9913032e96cad5f2
rechiseled:quartz_block_connecting_stairs_connecting	stairs	80	e0a2332e32abd46f69e13fb585235912e29ff900b8524f84f1748704712cd4c8	df5f61d84db9f0aa1c2590d53acb6d6d5e849adc3dca7b458f9d2b49a9eab925
rechiseled:quartz_block_crosses_connecting	full	1	380903d75009bcf49442cc1274bce84e4e85c1a5c30fbb11e04a24c1b0be8cba	744e2459343db89b2392d7900bc415e0485ac5b79b777f294c86753d7b4dff93
rechiseled:quartz_block_crosses_slab_connecting	slab	6	402c080860bd197e72b920f94c749c7aed8eedbe8ccea3c667acdf535e655bcd	97b0c79853379043000f98b639cfddc16987dddbc03a40f59d1968bea523cf3b
rechiseled:quartz_block_crosses_stairs_connecting	stairs	80	867a1d8aacc6bbf37fbe0f5952823a81d906c9180f52da2b97141a2d13c46b6a	6baeba73771351b3bd3a97a6403785c061b3838a796520861a20746430c728e0
rechiseled:quartz_block_diagonal_tiles_connecting	full	1	c0b016e8fd6350681666ff80ae376b9a01c10da06b5c1759947dabc54e17adbe	0da926a7f4e5ab1eae1b7a22ecb85d88d37940623df1cdf3935cc0fec416f8b4
rechiseled:quartz_block_diagonal_tiles_slab_connecting	slab	6	6a4602678a552a2dc7011840489593d3059acfeeacc06edb44612d3d264da897	c484533dcb1d2ed1f848e7ea56a0ad418ebd7856ca8d5193ae4c2b30c06a7bc0
rechiseled:quartz_block_diagonal_tiles_stairs_connecting	stairs	80	c88d484d20ee02dfc9085550e5d7a87a465e2d926c278b52369a852080077ce6	10f69840757495ef9c31d6cef03969600266751297dc4f67424e12ec23b88b92
rechiseled:quartz_block_pattern_connecting	full	1	daeadf306cdbc9981b8a146cc1aa0b012c1615a896d0be3be88bea1a5edc119c	ab77c3190c1ff5c0e0ee189eb04ef07df4d8aa4135ed3fbab27ba9e97a3582cb
rechiseled:quartz_block_pattern_slab_connecting	slab	6	3d4eb45a52ef3dd032d2fd018f9602d07e622f6f939d3c91420d0af0c2d67ecb	235c7e3bede25a1e4a26d199a254e839ccd27a5d324ed5250f9c9b79ce1c580f
rechiseled:quartz_block_pattern_stairs_connecting	stairs	80	461c16d3adcd27babbec1b26251341a2c728920cc40bba17d452d8b9ef9021f5	6e9be2ee26330cd6a19a62599f60ba2450d064c4c09f66ed421660c4a5613198
rechiseled:quartz_block_rotated_bricks_connecting	full	1	a0e027aaa324eb90247d54ad3982d144e502a8c8445d5875337079712b4cdb8c	3c4125be2f86192ced359c4c367bc285518321a13071d518592aff88d4929bf6
rechiseled:quartz_block_rotated_bricks_slab_connecting	slab	6	e8665050f6ad8a85c18cc46217205f8e78119dd19104b83eef1024d4f940419a	927e67384108e330cf84e3c0efe1e636932736b1fdb93c87e5a7722ddeda17ce
rechiseled:quartz_block_rotated_bricks_stairs_connecting	stairs	80	e51701e1ed9ff5a37d9336018b0c024060d371a3e0af92e351d3c828f6bb67b1	07121e2fd4a2e1c4b0bfbcb78eb145cbe5e6bbb240b08e0a889191913352e881
rechiseled:quartz_block_rows_connecting	full	1	2ff155d97e9ca9bd12f491cdcce1a006805d1251d5be389e555eb6b580471f89	7b64420eae03c2932eb3f7ae2834e3eb501e94ba8efad77806718dd57749aa25
rechiseled:quartz_block_rows_slab_connecting	slab	6	5dd40c4c494d7493e6e753f01d9a9f78c04e90a92ea37c2b26005c3ac13b4aaa	4383d77e1ae2e369b35c574fb6e644d3699069d1adb55cac0b7aa56f906296ce
rechiseled:quartz_block_rows_stairs_connecting	stairs	80	731c92553800ba4722d0dcc382d240589d425424fa23260c0eab24c6faffeb39	43d15b0ed790628c1b5a1f90066bbef8f8f223f6ff28b74dea98806c9ef81817
rechiseled:quartz_block_scales_connecting	full	1	ce86b0cdf9c6d81f05deef55c8628a26c8ed373fcb06497e3ec9e159d8d60217	4ce47e8387900d364cdfc3c8a29be4c965f7aec0a69b0396178b8f1534b43721
rechiseled:quartz_block_scales_slab_connecting	slab	6	8bf05275e06edc987ca50c14e4c580c38e0bf9e4d436670eacd654dd7003d435	b13c81b54b9f5f3690e828ba53173debdbf2fd8677b81c6112ae6ae39597d8f4
rechiseled:quartz_block_scales_stairs_connecting	stairs	80	bd89cf3bc9743db39c4edc6465566ace7076feb6d8348e81ae08fa07afffe8f9	b03e559223a702bb6858e26e0e373e4d08293f6d188739ffc709431c42a35237
rechiseled:quartz_block_small_tiles_connecting	full	1	761ac522366e68f1874aedcfe2775231e01b71b54fcd2b83203e561300e89b12	8451cb99ab323be5833754024854403356c5bca77d3b4457e817e3ccd9a1e5fc
rechiseled:quartz_block_small_tiles_slab_connecting	slab	6	b719372b9a38684f1cdcadfa9b10f6b5b23739f8748eb8418c79a9639ecaf455	1f94e7240dc1b73e2179f9a0b1a1775e62e1855180e8e405e226d6d1c3af6626
rechiseled:quartz_block_small_tiles_stairs_connecting	stairs	80	d7e7bb737e19c8adc2ab487c373f8f9c58e5d439a7a918e8699497070e269333	3f317170481f327aa0c454363b26034f0dbb303fb66eed596849f8a5465a793b
rechiseled:quartz_block_squares_connecting	full	1	5e082da9765e6bb385bd540e4a164bd65a7cfbed797efd8c783e724db7cf72c0	2626147393b965a8f431cb6eb1863a6038f5db9ac5ef2719cba09e74e85bab82
rechiseled:quartz_block_squares_slab_connecting	slab	6	3ec44466d0137fd1175c2b87c06034fb60901b38dd4d37df3376611ed5ee37ad	dab8ed19093845bc786ba0346e0298c5dc18d69a3bec8db393a45cb3ebc7db95
rechiseled:quartz_block_squares_stairs_connecting	stairs	80	feebaef9a06c20d156577b9d578de6a57a8c3f46171b1a3b26bc20aae00fa8b2	88de6ab02b8f3ee794c99eb5cd84dfdf3288f9c779e0f3a1bca7bf8f9fbf57cd
rechiseled:quartz_block_stripes_connecting	full	1	311d17380f5c6adaaa58a1e23ff93bd7d312bc71b1da681e8eb9ffcab9ef038f	56055ca93cee3615b89b804e92c6f313cf3bcf5fdac3abe5cad24c8c4a0f6df6
rechiseled:quartz_block_stripes_slab_connecting	slab	6	3af801724f9ea59f63a5c7cf13a837bad8127091274e4480b4a85a70baa14337	376e53b026a3f93dd89489724129383832f7fa4b6d57d8d75b80d35693b018e6
rechiseled:quartz_block_stripes_stairs_connecting	stairs	80	f6c634ed7a99b8f236bc7461ac1ff997e6349b80ecb9735cb8212d030acb6ae2	688bf3dbc400bd120cde100185dfc98ff820f67004a6deba36c121dd4bf8acd4
rechiseled:quartz_block_tiles_connecting	full	1	3d7109d0cdd3c39fc47a99abd3ec08b04f6bcab3b484b72771b57b7c922ac98f	5c5de3e726342df19c9a6a89c69a377a7f5ca815d42946c2e47c32abd8a9ef80
rechiseled:quartz_block_tiles_slab_connecting	slab	6	32cb6a70a97fa9d828308edd3cbdf0b94c4d26371100f97f6864fc9cd50f8b18	3777a23443079a52df545b254abc8db18787732d24823e2446c51487df8fc4c3
rechiseled:quartz_block_tiles_stairs_connecting	stairs	80	b063042b6408f60321e648ad45b3dc110985b4a5bfbd774a5ec89895ecb60494	2dd9df502bc8563e1c57acdb1c889a4c4c03875a43a73d8988f4b6b796a13bc1
rechiseled:red_nether_bricks_beams_connecting	full	1	ae5d1c03ed58bf0a4cfeb667830f660bcc3a8760861bc0ce8cfb099bff8bcae8	e6ba675675dbae93f8dd32a6c0e6de80a17bf533b466fe7495d517727e42d992
rechiseled:red_nether_bricks_beams_slab_connecting	slab	6	7099d905b0d7aafcf76c862bccb151b9d3eab9f0dff67ce6577f1815907fad6c	dcc9494264886fb6bb60de9f9a9ff4e0cf55f727ccfad659abc79b6552cbbcdb
rechiseled:red_nether_bricks_beams_stairs_connecting	stairs	80	f28fd342753ff75f7f9a6759164ce05db3da668b3620aeccea85d669f9732b3c	f1b012fa89f1981091b1245d9e07eb68eb4b1d8e407c6d5bc5a23c839984903b
rechiseled:red_nether_bricks_brick_pattern_connecting	full	1	9ddcdbdf753d1faa21e5f9dfdeb7729152f14a8a81139ce08b00c780f4350ee9	0e999b56c47ce7c2dd8bec9f68ffceaadf985b461df8356d872308f3ff9c712b
rechiseled:red_nether_bricks_brick_pattern_slab_connecting	slab	6	cc2170b2567eeda1788749801cc8db45005d37db84b08811d4923ad1bcea25e6	1e7ce49c71324a4ebd8e8c6213389df43c4953399ccb9c498a77039ccaad7c9c
rechiseled:red_nether_bricks_brick_pattern_stairs_connecting	stairs	80	bd3dfe987db1f6e769baa3631be415333a871b89fd2bd815e2303182982d14d1	f7c5330ca81753b5c413df0f3aebd171252d438ef5d6b63d13c30e16c1dbabc7
rechiseled:red_nether_bricks_brick_paving_connecting	full	1	96a110224d3078bd2a520419e9e49ca4af2296bfc81765850311554ffdc055f6	9dae0ef56822a38c763449fb506ca5a321a64f8f30401ff618303ce23ecd3edb
rechiseled:red_nether_bricks_brick_paving_slab_connecting	slab	6	419864fbd30b5af86b8092656672dbf694a5d29df6f098447e6d918dacb1b1c8	fea17950581ae080dd071de634ce906d1f097f13a9d2aa80a70c3ce75034ec59
rechiseled:red_nether_bricks_brick_paving_stairs_connecting	stairs	80	e685cf345ffee9c7de1ca98e8236669daabab178f83430b373fdc971bdb25ccb	7fed19021c030c344cfafd49384d2c4d20efc4878e4fabd4d40d394643b94913
rechiseled:red_nether_bricks_chiseled_squares_connecting	full	1	2a9a97dda5ede8c780a92a047698e22ee9a477d78c5c1d61e1898ff13ab60643	1e1728355fc9783675b09f1e1a65fb7d022c1ac01ccb24e4f2b95b2c9a8eb303
rechiseled:red_nether_bricks_chiseled_squares_slab_connecting	slab	6	72d65d65d093523155d5db7f52d27ebaf0a62014d9feb1ee1c9723d9c4396ded	6c85b6783cc704b9ee85e6026432285d94ae1046ce4dd16828fe1fbb506ac35e
rechiseled:red_nether_bricks_chiseled_squares_stairs_connecting	stairs	80	3bb0e08e037219c25c8466f34c45941058001011ffb553dd5dcd42873fc3a949	0ae28341575be154d94460482469824cff5ca3c17bc4f37433fed21a6425c371
rechiseled:red_nether_bricks_diagonal_bricks_connecting	full	1	2c7a0b7511029649bb948845d26280e52d47bd2d42a70c893c236960df88c0bb	f86e9d988b29447f326092a17a9c400f8d2d71e34ca184aa729df82ecf852f44
rechiseled:red_nether_bricks_diagonal_bricks_slab_connecting	slab	6	cfea3a7c3b265c81c85f5c4573f6f8910f1fa5df05234704e3347a674aec959f	bf4843802e741f5f6dce5f452ffaecc4a7328fd8814c7a7643482085faaa56de
rechiseled:red_nether_bricks_diagonal_bricks_stairs_connecting	stairs	80	59228a749261f118509e19e879c4c341635a606f8adc50ca5924c92fbac897e4	704121792028982c00592d676879ffeb34706195b352928811e72f694899ba0e
rechiseled:red_nether_bricks_large_bricks_connecting	full	1	f8b8493eb356cc9b9d39fa003f6b22337db58372ca90a31c0fe8866a4a9c2abb	9ca6cf578bbfbe97756087a76df9557a19bcac979ac99c5c4c08e67d0bcf5e7d
rechiseled:red_nether_bricks_large_bricks_slab_connecting	slab	6	5ce8b972ac5813c1eaee4dd9aecdb0041496375812c063b361b905e33d6860e8	00c9ac9459c7d6e5a6ba6f8615ce870eca0104df1dc7f46f055b12b2f059cc24
rechiseled:red_nether_bricks_large_bricks_stairs_connecting	stairs	80	ec207348f81cdbe8d07eaf8f89c19818e235372930c83eca378a2f7806abf466	471e648b8d2f3ccb9ea75caaaf0af99ac48911799151d0cbe859340a7a816a17
rechiseled:red_nether_bricks_large_tiles_connecting	full	1	0ed0722f6910ffdab963c323a13d7eca0c0f79ee22fc8c05e5dfadd49cf98cee	dd87523a82f610584fa8ca2ced4f67a83eede44522d43ed8754fd0656f8c8e46
rechiseled:red_nether_bricks_large_tiles_slab_connecting	slab	6	0a1923ee240f38c1d51435edac89f9280291b5ec92f0325c47be44cf36d2251f	afe5f7a811f29f1f34cba0fc6c26b56c23fe1e3407ff4ffb07108149d5032777
rechiseled:red_nether_bricks_large_tiles_stairs_connecting	stairs	80	46e0899f5215220749b411aa01272281687a7f97c1c54176dac4361775ff1d71	b22cc4436dbee02d5b1949bd8b3079a8cb66c3e621594599e4d32e4aa1265e8f
rechiseled:red_nether_bricks_rotated_bricks_connecting	full	1	2db42803bb56be161dabf40736681156d2166ef4b28db2e3d6f8f0c85df6b266	c1ed18ed4af7f0666b08e6451e6d5994a03c3a6a5db7d3a31904fad3625efbce
rechiseled:red_nether_bricks_rotated_bricks_slab_connecting	slab	6	078be178ba1f3b65d8c7c7f621f3892ea7de1cccc5a8491a596a73c9f0a98fcb	99c90a8f057d2a4af1d1122a65755d312613de2bae9bf43c7d2120d48fbd6c10
rechiseled:red_nether_bricks_rotated_bricks_stairs_connecting	stairs	80	e1908bedbe0b0410670bc4e9ed02d4f03f92d4d51340769fbc1bd7ecc6699c12	4661fa8e3b230cd0c77e0a350345568dde35b21a00807d1e87b3064ae7fc31bd
rechiseled:red_nether_bricks_small_tiles_connecting	full	1	be5d63126797738a647f87a6c413fee821faf4ec77f378d2631a83342dc63142	179de1566a3cda7c80ddf506ee82e8f80221337fdc9aaf6203b99614cf96619f
rechiseled:red_nether_bricks_small_tiles_slab_connecting	slab	6	9cb53e90e0396a9f781f0b4e037dc79d5892a892e59afa395eae2019c634a41e	c84777519815a1755f7734fd9f41595aeada63d1458e7be0fe7930f45427159b
rechiseled:red_nether_bricks_small_tiles_stairs_connecting	stairs	80	152e63d6600bc60e65dca1ad49ddf06a3a26ace0296c56e0de0ef2d9f5a28e1a	0731e809157a66753a04230005fd60b6fbbe5cd91c3320ddb7c808de5d61926f
rechiseled:red_nether_bricks_smooth_connecting	full	1	d9562d3cbca2b037a21d167c5a6d715493107db6a69464eee5d8d898e3c300ab	eb72a3581c5c2358e35af586f34c269470c80107af85cc565c3420ab12e68370
rechiseled:red_nether_bricks_smooth_slab_connecting	slab	6	fffdb5dac2ccb09154989e61fd9923d159aa793e6f621a0d1a50ce13d89466ee	9f0bccedd4ae9f197224e4f03a4f006a15c5fea4e09e833ea2a563a53bfa171b
rechiseled:red_nether_bricks_smooth_stairs_connecting	stairs	80	89fa1481adc15542637f7993dc8068b7a6209c790d5fbbb7afcf28a9bff72f8c	962505eb824163edbceb53122668d8b1912e69b301fe9ab87a794fb7f96dd3bf
rechiseled:red_nether_bricks_squares_connecting	full	1	490eab155aa5d1acf4ea3e4f109de96087810f087440c8ac00f33a0266371a06	804901d67c1ab437dbd11be49552b1c7eaf8818a80b6d0385c3b654c47a8b32b
rechiseled:red_nether_bricks_squares_slab_connecting	slab	6	58e6635e79809abaa1dcec386b60165720e1855021d4dae301a4620be7243d6c	714f78bd2fd067372e660eb75d2d10e38cdf565da53e52f577be08f4b3270ba8
rechiseled:red_nether_bricks_squares_stairs_connecting	stairs	80	e66f5e15308c9bb28300ee557573deefdbeff91a86c3519eb77a8227fc07fc4a	c2efc15ce573413c3ea90410f7272cafbe79008ca0713e18a618bb63c3157509
rechiseled:red_nether_bricks_tiles_connecting	full	1	a375a64aff97558bc0b6437e8d72c6932167a2414c1248dde5a89dc49addf186	ac352e161f09f7006591c03a180426d19d67ecf54f965ec029d62869e5f667b1
rechiseled:red_nether_bricks_tiles_slab_connecting	slab	6	7084978025436ee3f584422904a13849b28f1d8b96cc4911b0baececf791520a	0109ddef3d173fb08dcce87037c8ea4aba6b1fe494c4cf8fdb105e7a8dece67e
rechiseled:red_nether_bricks_tiles_stairs_connecting	stairs	80	d6ab522297ae5e5455a64b2f7f650bf3fd4d05c5f5434d8e37d4fe626582ad3e	18350d3ffb61155b5dc955335b267fea465020b7e69e66fdd01f407f7ae53005
rechiseled:red_sandstone_brick_pattern_connecting	full	1	90f9b887064a2bfb6626c013712411c3e404671e1556b9e3b2c56fe29785e3be	f65eecb7a496f11f936cf809bcaf2209cc2819ad65e0263d18ca101729fa349e
rechiseled:red_sandstone_brick_pattern_slab_connecting	slab	6	7252aea1d07b8499908b4539ac4510d36ecc8b21505f90e7bc9fc02d5b15a2b4	3e46c16f90fa3d27f9f06f99d8b061fa7cf6fb4e516ea4f5ece2acdedb8aa00a
rechiseled:red_sandstone_brick_pattern_stairs_connecting	stairs	80	755d04047038fb2230c2de260c4e584682f6ca39f5f3b2865a5d9b72b40c7405	c4a2d9fd418a860ec60d93fea64e09809159c15757cda3c1317696cf3a58187e
rechiseled:red_sandstone_brick_paving_connecting	full	1	d8d5baccfe76e51a0c831d3b55936415ae727e1e798ef5e9a2fcc1c19a988974	9484dcdba990d28743bf08475d9634a898aeda0c7d2ee8cfb09b85773128e809
rechiseled:red_sandstone_brick_paving_slab_connecting	slab	6	573f88ec73000bc8a8b2061c92063e03a45446b133036d9af52587ef728c6e7d	cff77608af3b83250b0b4267f719164759a8269515e22a68ce4b4bc124b8e3c0
rechiseled:red_sandstone_brick_paving_stairs_connecting	stairs	80	c1d7d8bad6250b76b41f3676869106f55f52eda8fb93806366252ff9b51451da	574342adc6a42ccec310976a31bfc6ef726f5a17b93e06a3fab9e1137678d57d
rechiseled:red_sandstone_bricks_connecting	full	1	692ff47a83d7b12657d46b299da6f42fc4a2a95b50a5a83eefd0f79ddc821f42	a59cbfc5471904e5b7428c425bb890d0036c5b445d81478f436f5be2b5e5defa
rechiseled:red_sandstone_bricks_slab_connecting	slab	6	73ba64a1e7539f303b2d90e0f72607e8c5411ea9e3c27325851da1f634850ffa	51ae70e10785dde3e9a9bb353b5850a635a243feb821537af8af29480e590ea2
rechiseled:red_sandstone_bricks_stairs_connecting	stairs	80	0e13ccd615ae6582938dc2c1fc36dfbfe7b78ccc0e05718f7a0cf2d1d16b8f8c	52502bf7fcd65d1424bb8b178c7be2daf822a2383d2d95d0e13aed79595c231e
rechiseled:red_sandstone_diagonal_bricks_connecting	full	1	4def4261f08351f340587e65c9f6833b616fab96ed6260ab4b4dc5f925f15de3	c628ac7824daaf08df10863eb79b11daadea641f534e2601b268e82ea1c20f9a
rechiseled:red_sandstone_diagonal_bricks_slab_connecting	slab	6	fcccb0b650e8c403312c8d9797dffd7a903e295a982017fe7e81892aeb748e5b	f1c404dfceb68a616e21be9af0534bf84128427ebebb0f262761eb7114f19508
rechiseled:red_sandstone_diagonal_bricks_stairs_connecting	stairs	80	2e8baa4234eebdfec9ed691e7797433988938775b149872935ee3347c8f0cf5e	dd6e653a493d3637bb391aea3d6e82fb2e08aedc4e3c1115eaada2275da684ac
rechiseled:red_sandstone_large_tiles_connecting	full	1	d172b69719e182bb7fedfc6bcbc3da6a348f6c0eb2304d46a18a6f0c9cb0070d	7826ece529f496ee34f728f636a771b4577fae10adbeae5949c19203ef6112c4
rechiseled:red_sandstone_large_tiles_slab_connecting	slab	6	0a775f6f527a4808ee54024a66bbcc303abbd4558835c2040826db5c4a694ce8	a44b5ed46249fdec6154bd592eada7fc9853e9728726ce458fbbcb48b3cd6cdd
rechiseled:red_sandstone_large_tiles_stairs_connecting	stairs	80	9b6c75aa01aa4403c998c80e3e6b659fdc73ac25d975a4971132cb85753e3562	de6a8c209c444f273b7ac72b0fe440e0a3367b9ee93e70e38459813fc5473f44
rechiseled:red_sandstone_polished_connecting	full	1	8843e7c49c97ac0561949c82e771855112ac100f8cb03f7adbb2622bd7004c4c	d8867e389caf847455d6e6584b7cee9ff0d8df010158614b496a839880a0eeb0
rechiseled:red_sandstone_polished_slab_connecting	slab	6	aad8d47314bfe56f2341b65351e88b05573cb9a323ace5f224deed3565d69378	a45a314fba4414c21840aa9df734d6a5703a279f670ac2e0cbe5557408355f0e
rechiseled:red_sandstone_polished_stairs_connecting	stairs	80	4cee585396b62fb8927652cb4a2e290e90a3896e7e0b0ae4eb07e8fca2d27735	589fe8aae0f3c970fa7bb964a40cc50afdb06f22bffd9521644356849713a41b
rechiseled:red_sandstone_rotated_bricks_connecting	full	1	3db8a36c807a4f7959f7e7fca8e3315c7016274e8a9f839348c9b14e00f2dd98	70a3bc2ae110fa60423acae0359739cc9faa9700379e2f9ba4851f9ed687075a
rechiseled:red_sandstone_rotated_bricks_slab_connecting	slab	6	4ef9bf1749f1ae765ac04afdbaba4830452ae5f6c4a6a2a7483c08f149a059c6	b399d5d5927854140b1b464d3d72734565aaaeb24bf97ce4bca2781cac921f86
rechiseled:red_sandstone_rotated_bricks_stairs_connecting	stairs	80	689d563fbf107bb2abf420583e23e4fc576c9616cab6b2528266c9e6aa548814	5fbdad18a0bce1c78ff9255baa20f0edbae2816888d45ab87a2ff4f646b42b17
rechiseled:red_sandstone_tiles_connecting	full	1	9fcf6ea0b61be626451b21872d1217410dd57b837ec70664cdd929461b89ae4c	764062e2e508290ea71cc41dc4253767d5b1ce06f399ab092c28eeb238291572
rechiseled:red_sandstone_tiles_slab_connecting	slab	6	7ca27d6f879047ffe1b189dfa396247d5c93e0e5107c8a970726e482193498df	e5a9c7d26e62617a62ea0817dc8ad902fec54aa1ebcc0050fd70592662c98e99
rechiseled:red_sandstone_tiles_stairs_connecting	stairs	80	9fc44d8d4c483ae42d3931e2f9f71af2ae4907fa907a3ae37e77b1ce8d39dda7	f158481ceb71fc213243d19c72c2a559adfecb1c0979d39c5cadb6670f841d03
rechiseled:redstone_block_bordered_connecting	full	1	c0b36a7543279fe75ed7df1e68649cc3439267faa4bb2efdc60a8f76825ae96d	ce04f621f71d8c66a5311edc288bb785cdd6a3563047f92fb4d761888dc4663b
rechiseled:redstone_block_bordered_slab_connecting	slab	6	42ceefc5ed0471ff7f73aac0891feea67bb7af7403a1316f85f1757f4eadc257	7a2fd548dab71e9f0c57c5bfd244ef144ff17b0b9cde7fbf4ef32b406f9b85a8
rechiseled:redstone_block_bordered_stairs_connecting	stairs	80	19377bf4e57c854eab35e3973dbbf9caad31635723c9fb60ec4f306fe4502785	6d69363e857991a8812634982a662f56888635ad8199e57337522423882cae3c
rechiseled:redstone_block_bricks_connecting	full	1	d9db2da8b0bb1add310b12d546970b5a311bb8a6450389a885886591a2bf924b	d4f86a1fc4e41c01e389cdc0b463d4bef01016a1c4caffc46a135be4757b5fcc
rechiseled:redstone_block_bricks_slab_connecting	slab	6	e5b1094f707ed6fbf5a1b38f893bd8dbbd94fac464f1b27945449bcd03cd3aa4	467aadfbd4cd55e67ef02e86db7bf8fd4071183e8027a0347e676d1dd4e62da3
rechiseled:redstone_block_bricks_stairs_connecting	stairs	80	2049307404ebb0fc28f26cffcd58604438cd65ef81d360a0256f3eef4c924f48	3e4623b6fd8b896ce8858e04e879056bd4eef4c332a71c23a1df1834d5f0e3c1
rechiseled:redstone_block_chiseled_clovers_connecting	full	1	e326501113d9ae706f0689a50fe29daef1134d6b5ad62bac157f0fd3800363a8	580407955fa4cc5835b8289f31b4e61742510590d769b0e1eda71ada4d6c0ab4
rechiseled:redstone_block_chiseled_clovers_slab_connecting	slab	6	f24f27da873a049c28e12bd3c42a57556765380e91b991e9ac56d3598517187b	3ca13eb0381c5dd828a162544d93a99620fcbb61b88301db7013d997029b872a
rechiseled:redstone_block_chiseled_clovers_stairs_connecting	stairs	80	575eca576ab5fc4f0eb830a9d938ddc7df40e6725f7b2bf6039a1760bca75b34	f855b1ab0f7e01bb7c9bc9a394aef43cc6fdeb6017179892e8789eb56395c484
rechiseled:redstone_block_circles_connecting	full	1	0e7d16eb1f0a02e775be2dcfe67707197a9f93deac2580e1a7535ac361213834	a8bdfdbb55ac1168d2ef2439fc7f31fce8ab1d962eb84627d7edb11c7b8edbb3
rechiseled:redstone_block_circles_slab_connecting	slab	6	9958d752173caeac18988e5f4686d78df478c066881bbcdf4226500f704c7277	10fba11e3ef454829b7be17f0b479f4938851a883bbd8e209f03da15e447d472
rechiseled:redstone_block_circles_stairs_connecting	stairs	80	0e9fd23a72a5a716f733649748dc0ffce9ebcc8be317398aee5d1fcc355a1f26	a2273aa46eb334878819a9c13a64e0822f6eacecbbcb094ca2d7d860e5e1283d
rechiseled:redstone_block_compressed_connecting	full	1	9929f146281c5cf57eaa21199768451f1e7381cc480141a067fed632487fd3de	7ddcce19e767065e283e25c57dd43048090116ccf3e9ef75199cd02dfc05b55d
rechiseled:redstone_block_compressed_slab_connecting	slab	6	3999fad9afc70ce2417b7bbb8427d4ab70603de32330684215eac7b01e50b0cb	2f56f4e6f83a3b9bbd0d448a733ed4cafc0b1359b7d536cee50037c05eba2ce4
rechiseled:redstone_block_compressed_stairs_connecting	stairs	80	a6c5338bcd4a6c059c9732c0097c7a2c6bbaf71d1c6671e3945dc2e898de3e7e	17e80e37e1f1b28313362aaecd6e75f03790affb507e05f5def688729e1da592
rechiseled:redstone_block_diagonal_tiles_connecting	full	1	c3a930d156f45680edac2e1ddd67cfd62eb031ea58106a5f7963157fc3f5600e	fcfb7a09fd6b7967dfbb3125764ab3d689b16bd03339f472c736929ee58254c1
rechiseled:redstone_block_diagonal_tiles_slab_connecting	slab	6	313baac3d20e6d864c8e4f1ddb9b721dddc839f9699f6f7dfb0f9330df4d08f0	44ce5d1154702ecce3de19fb494e34e94ea39125dd61b8b4924b5de306b07583
rechiseled:redstone_block_diagonal_tiles_stairs_connecting	stairs	80	d9c3dd0b22a6a3721d3d9f41495e516ac681af356b0f4a07c63cba5e77bf79ff	3d25db96b3b20d0704b5348278e45f6751b567405bdc847aecd338a636884719
rechiseled:redstone_block_patterned_connecting	full	1	0c070a134ea8088176785681cd4f785262eb140f05bb30ebc4afee9df42f3801	c72a5c0b59da531172d489435f81c16afdc880652dfa140fc5e980b6b37c0ad9
rechiseled:redstone_block_patterned_slab_connecting	slab	6	84d9d4b09311e745a9eed14517a9ce7b4e298e4f2f88db73326db8a2d41b3a77	2eba01b02dbcdeba2f06a9dbc10d311d960bf339e021a63b21eca59f0fac943b
rechiseled:redstone_block_patterned_stairs_connecting	stairs	80	606a0d752a661e160970eb28941d1f3531d15662789e7629004f1fd2191074ee	d40be7b3114938b54102b4d2af0efdd4b460abcee92f91ec3a0f4f76a92d6c33
rechiseled:redstone_block_paving_connecting	full	1	5ad42e3a2d4ee3f79d6330f2051def8fef0d7807602f7cf98add1090e8f2a67d	01afb69fb85d507a018919bcdfc2a8e6caacf02fcd7b3fcc7f8e1715d0b66a66
rechiseled:redstone_block_paving_slab_connecting	slab	6	083d7a10f9448d50ff3c12761d0d636812f6b7591ed5205b70955bb6ad40cda3	6a85488c1df716e10e96036764008cac65fd185c990d1b6b9422787775c10328
rechiseled:redstone_block_paving_stairs_connecting	stairs	80	673797c20ef9db6f7ac370175adf412da5f80b4bdbac119b9cf756f70628e7a0	2e5ed2961bfaadcef93d208f3ec5bb3ccaee7256d7bd9d82e3c2db6fb593ef3b
rechiseled:redstone_block_pillar_connecting	axis	3	deaa7d2270d6ebb8180bb0c5535c1d24fb2a8301a9fcd6e1effa9d132c2040ff	9c383c0843158db913c519d05357f261ce6f4077634021d5de67c9fee8aefcc8
rechiseled:redstone_block_pillar_slab_connecting	slab	6	575f88d9e0e9562faea96a732afc39f1882b8077673a0dcb3bf3007f713676f9	b8f7e0b5cb542e0b3aef5e28fdfc963c1fb953773ae5364b3ded53253c73f593
rechiseled:redstone_block_pillar_stairs_connecting	stairs	80	f207474592dbcd926f4035012c3aa8436dc8a173063c9b8993c78a887e6ecc13	03f4f06e58073a2f2046b07b4fdd8f19286aa34b74c3ff17986fea5adc8be6f3
rechiseled:redstone_block_polished_connecting	full	1	5d943b8423241b5c42639ec12b21b7873de5e5c35231237ab0f75301e1e9b2bb	a7308545ed5250d09912e6e2b1b6fd04ed493ec559740877ddf6e23e2e389969
rechiseled:redstone_block_polished_slab_connecting	slab	6	d19f6915e6dfbcc83fe59cd4db164a71151bcfc484ea8a6c6c11d251ec2ba294	8ae17c3635c2e21ac7da2a9fc1bc913f7580e23b81e2dd2a0228817d0b64e0ea
rechiseled:redstone_block_polished_stairs_connecting	stairs	80	9678074427fcf03c52be14d5d454a11debb4c30597d2c5ca9e8926a3a1b8820f	38a24ac64bf12bb8005eb79c869e01de13d11e9e584693f9462e3d7d37e764c9
rechiseled:redstone_block_scales_connecting	full	1	56f85f3630ac8172ba2a568f120d9039add295e89f886ca219361103cf507c35	38bb60109d145de28b820a89598dfe3273b48d2b8787d3024b0600782dac02fc
rechiseled:redstone_block_scales_slab_connecting	slab	6	a8d32cff7d0bb474b3adeac0967d3661ab653484b12df7e80840b3f2e10744d7	e959d5c6b64d565abd6bd88d97deeb0507c83043f5d6f35f1655837424c3d248
rechiseled:redstone_block_scales_stairs_connecting	stairs	80	896e3c4449dfbc7c2c4d3fb953092bd6db0cc6afd5f6d5f03789f6b0b7e26a6a	2977f36b00106c02bd3c96f41ed089be13b06d7d934351642cc0266d8a5a0a8c
rechiseled:redstone_block_small_tiles_connecting	full	1	7a83efe06a1dab897acf4e3e614b17c15c3c6b0c1b04b68c866c83fca7721db9	bb5685095b0d88e54dfc4469a0518e5be349163160d2e5115f64f85ba351fbfe
rechiseled:redstone_block_small_tiles_slab_connecting	slab	6	56944df54d9326531f21d1a908821e8058f8a4d766d1b0e2fb5a6a55035a4a3f	8a9ffa3bf98ab8197a1e209e47bd0328e2037673a6e176cd71b9f006669f90b4
rechiseled:redstone_block_small_tiles_stairs_connecting	stairs	80	8a670e1742b1cbdd36e280f47296ed5fa54f4f29366b880063f9483ea140c6c9	a0c79000f29342366cd01b4933104095d1ee0bc60dafd051c6f1e74edf249004
rechiseled:sandstone_brick_pattern_connecting	full	1	e8ed087166a47f1934888e30840e1fb3541a5e8b18275808fa5e48e091291e86	e4ebbbf7d4deb8a41744cde15d22cabe961e1962756bede755ed12f9a5e5bb92
rechiseled:sandstone_brick_pattern_slab_connecting	slab	6	1afc5cac03c0636dfc375427382175dcf0dca98202ee717ba870fd6cf610a8e9	2ffcdc31cc7aea7a43629eb9621fee47f80a4cbd3461e603cf21b4745ea98891
rechiseled:sandstone_brick_pattern_stairs_connecting	stairs	80	ab909997c17f9e88e0073ab303b3d4a8bf1a9ce71b167452338cf338952e42fa	5690af900af54d033a9b5d203ac90fdb6b9bbc9e64d412af242f6bc0805213bd
rechiseled:sandstone_brick_paving_connecting	full	1	fa268ca0005a96139a67084f437350f1b20452b2962ff4a58b05274f457c02db	3bd02c8f778cc46bbdc7bad1625abc3bfbfd448340d740620bfc67410aa1a8b1
rechiseled:sandstone_brick_paving_slab_connecting	slab	6	a94e77abf4d26b82cbbf5281e151f8629cdbdd689b29aeabd94b4a5d160188aa	dd84ea655278324a873127ca177be8d654dd444c4a3a984a99d621e4a4775667
rechiseled:sandstone_brick_paving_stairs_connecting	stairs	80	7d74e13995b97aae8a7aea57de6002c3fe9f3b6676f48769eaf4950503ca2cf3	e42d24ce55cac4da2dcf775b9306416d97ddd9d061bd16802a7e8588ae4f50b6
rechiseled:sandstone_bricks_connecting	full	1	5644f364d596dca71301a59a25593d6453907b72ea4ee6d95a1ca23f0704cbb9	66c36199c642695319f1958c158ba2920d5adca9e5ba4092cb0cf27c59078c53
rechiseled:sandstone_bricks_slab_connecting	slab	6	315df79f09ba26186b325b7473e7d35186878da6837f46956e5e809f7948f589	38f5952edb6ad530d904911c3142da94d689406b2d12d92244c484a8a884446e
rechiseled:sandstone_bricks_stairs_connecting	stairs	80	22239b47d77fb765a972c6976e40f8104796e50c11e9090c12a5c1cfc3bd3f6b	83927f5f5422215b055b4ba2bbafeb4c53f22ba7c0e1702a2db0aaa004a5beab
rechiseled:sandstone_diagonal_bricks_connecting	full	1	b94c4dfee349669e104657275ce90c5d56ffbb8b469819706e1f478244329edf	338c8a5ef057c745df15d1c2ca25834599c876b41f97b6754ef2f3272df4b07b
rechiseled:sandstone_diagonal_bricks_slab_connecting	slab	6	8b8e7fe8a01910ac513ba532c9ed26a4bf694e5a2abf49f0cb5294534939c9ea	2eda32332e18ab59963896364dec4db6de40d8b2064b414dc86c2bd513e228bc
rechiseled:sandstone_diagonal_bricks_stairs_connecting	stairs	80	c1fd2c30917fefa1a9d2cc7eeb5da0da030724593af3b7bedbbb7cc19b1a84e5	6077022cdac5f4745b3eb20162b5d00aca8371089fa41f262f50166f22df1f59
rechiseled:sandstone_large_tiles_connecting	full	1	f48896f17614c5c9d907b4b02aa91d80d968b686f7ae4687d6bc08a82748074f	b0ea3a46f921aa65286c008ff66e50e34392962268e612faa2bc593bc7d31e5a
rechiseled:sandstone_large_tiles_slab_connecting	slab	6	c4dadc07d710cd3dae145739e5bca911a61187fdb320cbb23156ead071860b53	239adfb07b18db61a3252941da9e8aeb49c57c014468a564ac9c0e1906dfaff3
rechiseled:sandstone_large_tiles_stairs_connecting	stairs	80	1beb770eca0d47854e72fa9acea50af7aec67242266347589ea8e565733fd7ee	22d17891a17b6003ec2180f7ae1fad91c8d1792cd2d620feab1985ab7f2fc55e
rechiseled:sandstone_polished_connecting	full	1	d6c5cc0dbfbadc4cf21d4f5c3aaa7b5b2f3f217a2a1daa4cea0a500ddc4544bb	1964f3d4fe3e4b384fee95cec4007d2a48c2d9d705573ff1d22f1e9b57ddc987
rechiseled:sandstone_polished_slab_connecting	slab	6	45b1c82b628541ff0feca025ab9c807474da62ee543bf77b8758505b45b64a22	f24a951165ac4ec8ab9c169c77f665eab61f6ae9c08790c49da696d99301f4f1
rechiseled:sandstone_polished_stairs_connecting	stairs	80	b5898007bf40f4587f9446de3e0e720b6071b047516817ab6d5c9d13038fe6be	76b474be5689ef04377fb97f004587f4ffd546c291f547b5fb39fc4ea84c19c8
rechiseled:sandstone_rotated_bricks_connecting	full	1	d01ddf7408ebd70612c13a3ee175f5b901407c54772e20f07bbd7f9ae0a35d9e	89445618afd472e96c60e41bc21a3adedc0d925df2f4ff3c1296bf45c41bb77e
rechiseled:sandstone_rotated_bricks_slab_connecting	slab	6	625d8619c61d08b9d54d6ccc724b06b041e8e30e45dae53af2160d31fdeeba51	da3bd873f96e02f39148b57c41ee10af7eb36cab7e0c1ad7da13b006b6e33c45
rechiseled:sandstone_rotated_bricks_stairs_connecting	stairs	80	eb1916b104d03a2e36ec7d3e4740484fbe6cc2a1c79746066236385b34c19f0b	6db965d3fbce7a1c0206b4c7736c748556414fcb2abba0255721c5c54b1614f8
rechiseled:sandstone_tiles_connecting	full	1	cb9465b2db4663f6682f02d52b8e78a0ca513af9524bdc1ca70b718e9b80636e	c556f4a020752086816338b532e740d00bbf50a195f23202827569278c52a582
rechiseled:sandstone_tiles_slab_connecting	slab	6	5008c7ca4ca496163eaa9fccde5772c695fbbd66ffda078f558136a2f96c39b0	6b0409092e69aa5cb4cd8e3dc55168778f18e383e9508ed8f9ad45760a66951a
rechiseled:sandstone_tiles_stairs_connecting	stairs	80	d8ee97a682870a317deaaab7f108a76b7b6fa56f88b4cd3d200ef83215697beb	10b79e4cef925cb262ffc45372794d038f3f83631b48d79087655291da28504e
rechiseled:spruce_planks_beams_connecting	full	1	34e0c2def480797a6cd3e1a12c214e22d3c8efca8529f7f635b3da431e940961	fa96c5341cc3cc657432507a3cae63b33b1eb292594729c882b9f6b06dfc9dab
rechiseled:spruce_planks_beams_slab_connecting	slab	6	153714c7db9e657a7d34726242a81b9273b9078554d784c0e98d9a79c6a652f1	d5d4a2cf74e2d4573a3b3c2b9dc439a32f54e4fbc9c561ddba3b79065d39e465
rechiseled:spruce_planks_beams_stairs_connecting	stairs	80	c64e1c2520cfebe9e3fdc610802811783febf374c2ce570f625a17206c953dcd	34500f8cdbeab8a7f35e02a41d8bc790e9c4dcc7cc8818cb31274ddbe107c487
rechiseled:spruce_planks_brick_pattern_connecting	full	1	4db8e85c0a90551394c349396526590ca5a491d4c89e4e757e7011d939b729d8	8cdc162127966cb71d7d978eca681303a33567032dca93fea4e99d59c1554dd3
rechiseled:spruce_planks_brick_pattern_slab_connecting	slab	6	c099a8fb03dad4a9e870756291a36879cc7a6ba7a5f79d01a7cf08f90636a4ff	044326041b2fe05fc8f38ccbb5e65e996c08ff59b8ef2c5a716aa66c0e7fdd85
rechiseled:spruce_planks_brick_pattern_stairs_connecting	stairs	80	d397b7709a4b10605883d0387d6d5ea6d5a657ee524dc035432f842b822bc569	b2a54d3cda11ce894d5e048af8cc49811b44c414d61a600fb1e74780833f5efe
rechiseled:spruce_planks_brick_paving_connecting	full	1	1670adb9cb52e5f3313d0386e73e0f1aa4f035995aac9165ae11a6cbc6d7a99b	77e7cc78fb73e5c583eb963a6f543f56f1b8b6847a50cbb3349562384a7afb74
rechiseled:spruce_planks_brick_paving_slab_connecting	slab	6	42c8eb1e9db22fe562fc1d17d7593b931b036e602ff0343182903549bd1e7ac4	8f03515fa10916034d6b674fee286d56c844a56266108747647c682283e6d242
rechiseled:spruce_planks_brick_paving_stairs_connecting	stairs	80	71bc91c2b8a88f1cb45bbebfcf9a011d75fc7488c2226b63c01568fcf6c2722c	3acf29f176e6f3c63f9b274ecb0aac1d09775de622bbeaf0aa6a50678b94d99f
rechiseled:spruce_planks_bricks_connecting	full	1	f86d12f129fa7925761e20970b07a31fb0d12dc094cec7db536d5e517f810197	081b93339bc4ed358ddca1b15d17928fbef6f4a7983a00558c9fb5f3bfed16ba
rechiseled:spruce_planks_bricks_slab_connecting	slab	6	ff39447e6ce4e4c1b359604bd52cd0489f2a570e11b4c9958fcba7128527aacb	3ec607fcb01b7d9792d59da4785bdc47c13accbb058654ba57eb214097e16c62
rechiseled:spruce_planks_bricks_stairs_connecting	stairs	80	97970610852b8fcb0830959a8f9f0278722fc517b6f45d2eb0493bd2cbea267d	f739ee294d76aad316b94b42222117d41c4f04e6e619875da22b537bfe569d8d
rechiseled:spruce_planks_crate_connecting	full	1	69fc964fa7c6ac52233e0c9dde1db1cd1aa1863e4a737e82053dcb19ecfe5ef9	3243ca9df9b9abfbf63239848116fa6d29bb71bede7f1e5ae2bbfd596aa275f9
rechiseled:spruce_planks_crate_slab_connecting	slab	6	b5a5db0edac2bab7ec4040f10ee8c8a031b138dd6616f544ca89429fc52cc04f	d2b4ea08f9ab93a731c1d6406d9f45a8b53b1e0deab5320731dccc627be1dda1
rechiseled:spruce_planks_crate_stairs_connecting	stairs	80	22648474426272b43e8b90432dc47f852aa50afe1db66d95890032be7e624799	1088abebcc31018d527f8553387332462c2978dbd14b2f86b3944fc91832eb69
rechiseled:spruce_planks_diagonal_stripes_connecting	full	1	5a647a6dd6b843f9b9fa1c6d675c4123346a1f96581be32826d18fde0b6df509	c60e239a1c9d0aed33ab2704c1af2bffcd56d1ed74b87e99fe713bf74beda6f9
rechiseled:spruce_planks_diagonal_stripes_slab_connecting	slab	6	175f76631b09a3eae61927fc540443186229e782d3cbdc1ba929a7b71564d126	0d79b44a6572cd3d6eb74be7ffd1c0b568a072ecc9f66d7464a9ffb51a359556
rechiseled:spruce_planks_diagonal_stripes_stairs_connecting	stairs	80	9de0a586d98ca7c80262c87560d6177a61726d53a3cb70b3bc44c2d8fcc0197c	24099225e88bb87195aedda38f1003c7a8edf9c3867f8d8a87a8c55d1d7a0fdd
rechiseled:spruce_planks_diagonal_tiles_connecting	full	1	c670a29317a5bd4225ebd8e74a17eef4d06f9cb778340e2cafd5b3677d8fea08	bb5b4ec92627094d028cef8656ab55fe586014df821eedb71ec973b02f635428
rechiseled:spruce_planks_diagonal_tiles_slab_connecting	slab	6	d69f5d76c41a8fa5c6bf06764af0a20b311f97bd944b342c2de64d2b11d77f34	3f55bc413a2b3149f40dca316d9b06d94be8b2879ebe5ef560e0108461e835fb
rechiseled:spruce_planks_diagonal_tiles_stairs_connecting	stairs	80	c08d30870bfae59d04181ef95e4fb0e731f2fa8bdd6342217f4fb29537d2c4a3	32d774155d01dc24e4f330d1f3a51f2301163f46a5fbe64862a48e2b9e2d2359
rechiseled:spruce_planks_dotted_connecting	full	1	16a389d08970fc9dfc968e9603160bd8dddeaec453e11516cfb1417af0a3d2ac	ca6a7eca1ed5c36bbefef8b84191fc11117e5574410332987f475cb9b15b7eea
rechiseled:spruce_planks_dotted_slab_connecting	slab	6	a93fa801d2646a7a52e1b88b5fecb9dcf92c6036ceb34d9e83a54d60b47c35b2	b34e6fbd8cc59d27f76e238d1a2b8d95b3e0337b3b70666ab52fc538d4414512
rechiseled:spruce_planks_dotted_stairs_connecting	stairs	80	592e4ff9bb5fea3bc9bb362e377f26801c923eb14b0a6b392dcaf4af32ca13db	8d05e1f3cb874fd191321e09a7dc25c49afb73a2391df38c6045f224cdf3696b
rechiseled:spruce_planks_flooring_connecting	full	1	2d723d8b227d572e490e737fd968078dc861ecbbee0dee3523ab8d60005e8c66	47d209c110ece6949089387a836ab9e4344eef3d3ce241d5315ac1ba6d855031
rechiseled:spruce_planks_flooring_slab_connecting	slab	6	726561dbb18a26e3386366af1bbf8eae78e31553a4767318fe671aab158ddc94	11c3f012f98baac7dc75b4cd7887a6a4b1b8a3f08f7c28d3603d1ed7d51e5841
rechiseled:spruce_planks_flooring_stairs_connecting	stairs	80	6b9e6065f3e2fdc8ee4b0a632bed0e149d58ba9b638df44057c7140d93617175	90c2e219e974469514f3a59e8e4c5ca65d513e4682bffd95434ed87faddc33e6
rechiseled:spruce_planks_large_tiles_connecting	full	1	0c28caea2d0e46ffcd4e0a7bf07c06bddfcd11c040e8a8614864685b78ac8494	0450d605f2d544c881aeb4e9551ab9bab5608a73a4efbb678a0aaf96cfc8187d
rechiseled:spruce_planks_large_tiles_slab_connecting	slab	6	d3a6687814635418c3cbfbb86b798a358052a22635638bb42e009fe1e7bc9d01	9990813605a1a30635ab7ada2e23f0784ef433a923e63b29b62d899c22c69e15
rechiseled:spruce_planks_large_tiles_stairs_connecting	stairs	80	32fcd286ea5a543e8179c8792c378f9c7db0c63010b78b03664e6abaf9b238a3	e7eb609f1deff2b0b6ba37f33e911ea77978542205691f6fbcd580e4ef04d40c
rechiseled:spruce_planks_pattern_connecting	full	1	84a799eaf0ca57102ab4d542bc3428328dd66a2ba2e48defc2c67f5dc981837c	9a2a3bac611ad79ce1cecdea1d61446192b5c52f9e2f44f265dc305db2b5859a
rechiseled:spruce_planks_pattern_slab_connecting	slab	6	6239b055837719a9c86e19bb7b571f3c3f9fecaf7f5fdc80d04c5ace8287f2eb	f8b1e79885cfd3beb37ba2142f427203bdd139a1e4ab7523272e6041f7b5fdce
rechiseled:spruce_planks_pattern_stairs_connecting	stairs	80	818c6023c12244566fff6598cfe5e4760277b7b815c39d2331275fa443775471	973f64aab93bc791988e1b5749a833119d83e80d9580ac98b22e4249032e73ec
rechiseled:spruce_planks_rotated_bricks_connecting	full	1	cab360a08831cfb90d6c211d78ca81a07da9213be8d932c49b84a4f92af0b4c6	7df160c7420b13af3e674d5182c12e7f394d233d72a67363bb5c7a70977f8143
rechiseled:spruce_planks_rotated_bricks_slab_connecting	slab	6	65b8a8af00f9eb6e10f1422e3c6732ad457352c3ed53c287baf59f6ab83cc794	aa743c9fb0d7571f6d64b3dc36c654fef74cb98a8dec5abe6871343e0bb24759
rechiseled:spruce_planks_rotated_bricks_stairs_connecting	stairs	80	d3b7e593581578d833dfa84f5ac701d3d9dc99218c536ef9825b4209041cd2ac	70ad40861165df55a675c7c81c918dc5464b10189b40abece838856026b6ad7a
rechiseled:spruce_planks_small_bricks_connecting	full	1	779c524bfe6c9f521fec4bf6613a2be06eb7d5f8dff4b1d1731250c4222fe17e	30b8570057d0d8359e610b1345e5e340ae21aadf235c0348f7d2922df889aa38
rechiseled:spruce_planks_small_bricks_slab_connecting	slab	6	12c5a66c9ef6e58a431aa25ec34608284377a2deb65fce50985198e362792051	38a696d909570950460c6193cb3d50e02d37d7c7938e1c64ae0198aec14c29ae
rechiseled:spruce_planks_small_bricks_stairs_connecting	stairs	80	1c4fd2a2390afc0ecc348e424a902c36fd3ad01a65e30b1869efec2a8211046b	8f4ef69a52eca24a98f1a239dc4cc825374541eabd0f0e015ffc9faffd471329
rechiseled:spruce_planks_small_tiles_connecting	full	1	edf0ffcbfb8f887f7604f4d533569bfbce2833c86cab9505baeaced09360fc94	1b54c67f24e65be9c2deb5e5b96a128b1bfd0a078ea9d87c7af2aca077b61f35
rechiseled:spruce_planks_small_tiles_slab_connecting	slab	6	feba96f9a81d859ca2a7b4197f57daf846d1787ab4f25292eb14fa1f7cd4645c	51f8c875bf3531333b1a722c56002997a187e26a0567d5a5a90a9f5dce3a56b4
rechiseled:spruce_planks_small_tiles_stairs_connecting	stairs	80	26cad62a608c3a13ce3ef49dd8a9bc56a35c78a3ecd2257a9dd8902515bec16a	1bda743f7831e20452420528e0cbcb94243c0cffacad8ba549fa4fac4170cd68
rechiseled:spruce_planks_squares_connecting	full	1	5816c704fd384b1fe9bfa0131e284d5dd1e5a48b569cefa83c29840da2e93ba5	155804eb74c48264ec1fde187a2d0183b5a499fdb3d28ca37ef8d43b937fcfa6
rechiseled:spruce_planks_squares_slab_connecting	slab	6	8f73b2567bd8b77389860bfc3567db8c6f1f707f39461632c7633ea80902a163	5649fe5b78aa71460c28facc92d5a249e9e459d8c73b70186d66a3d3ca05e8b8
rechiseled:spruce_planks_squares_stairs_connecting	stairs	80	a188fb6a10b47d1794b10e5fc9e4a730c90bd9c876ab451e4c8178f06ee79063	bd6ae3e3d2b8421b90cce78ca8b2bfdd7d6f398d762daee77ea7a9c7e09bcbfe
rechiseled:spruce_planks_tiles_connecting	full	1	72f9a4fedf886604308d523f8b7f3f220675699e7da4ea700fd1c55d3e8775d0	c4b02ef0bc88c23ef5819fcbba649c4a0528f8763e9ccb39f523c06bc3237104
rechiseled:spruce_planks_tiles_slab_connecting	slab	6	6984e695351b0404f1aba699732ae81ed0d79b27827a3b4d4d44b1ea978e61af	ecf9478fffb2b7f0f3437f667064cbf629e5aefe7a0dd3d4c89bd1659b38496b
rechiseled:spruce_planks_tiles_stairs_connecting	stairs	80	ad9c99ef1643b8084bbfd244c1918616a588652d8339a69ba5563c457f58f1eb	90d0b35cbb73c57d21997c2242578b1d8198998d26e3b26e5fe9e9303b8c6f37
rechiseled:spruce_planks_wavy_connecting	full	1	850e9de0e6f6d722ffa10f2d044002bb3499bb861aaa27673ff0ea3d318eb110	aae2fe1a309e918c55f70394df3ae6fc8c3f6a1477588bf873a59ea53db4775f
rechiseled:spruce_planks_wavy_slab_connecting	slab	6	55d6e248b166fb6cf1c3956538ca0c8f36b3e2710f80aa202097190ea5ea3f12	8fc60a17f3dab72d915a101ce5f1ccfa4f3b8f423c0d7a214a22c045d20f597a
rechiseled:spruce_planks_wavy_stairs_connecting	stairs	80	0199f362504961f5283711c6af2612059f30f08c156b9d6693beb6adf80557c1	fbf8206691d442f933cc2b70eceb7284aca4fd3a925fb3ced422aa3c452bb3b5
rechiseled:spruce_planks_woven_connecting	full	1	d46e3895d80010415a49690edd9356f3af669cb592d65f6be6c8aa1e9bc862f8	8e765c9fb8489fb86cd11d3427f5eb753d45a498ad224f079bd320dbeb68af06
rechiseled:spruce_planks_woven_slab_connecting	slab	6	bb1fb624aece13c8fc56c2837e9b04cc44e372b311eecd9a85fd863c3ea0c264	af981e5cfa34214016b11e8a50f2e9a6818d077be2a9b280f2164173e515f369
rechiseled:spruce_planks_woven_stairs_connecting	stairs	80	e1b08ddfaf52e89628abdbd9868fc865d2a2ad517a93c630f467d82df4ad6424	cf9e1f3d7bdfe7d0b770cbaed2a746db788744f362393bc677a1f2a6cd9bf9f3
rechiseled:stone_big_tiles_connecting	full	1	81aa9a9e4b367020d95aa4f1d1e5c8243b3b220260e543a6729f04cad8469bdb	db59507b3c7fb9aa0b9a45ff31d37a702b50103736c026b3e4f5639cac4fb39d
rechiseled:stone_big_tiles_slab_connecting	slab	6	edcaec60a7331525e945503d22a2cdea2d3f1e2a86361b07620f00ad1b568d4e	75e5a8b8312d15427a0ccbf9d9b174b26387d1bc3393367e4863221da0ffb8b2
rechiseled:stone_big_tiles_stairs_connecting	stairs	80	f7b8a730b325e123b6cf29b876c1e4e736d3b261add70df93f43e939861ea0c3	4ca6f2149d2681110ef49fa4ad3394b3123a2132e0b436e08a9a8248850e9996
rechiseled:stone_bordered_connecting	full	1	d4810cef5919b462f64f1a2cb3902bb45276f836fc74569db58efd769710d9b4	beeb2c2b90ae0b84c417e6fa8002bfb8f67c4120d4e62057a347d9c19f698dfb
rechiseled:stone_bordered_slab_connecting	slab	6	98ed55cb71b8f8c47bd081a2b90eb3bf83df4f00b214e2eb06b54adf6bbaa006	bc143881c2bacc2fe9ecd715b4f8e1a3fbc20febff7a0431c5c0889f050634f5
rechiseled:stone_bordered_stairs_connecting	stairs	80	0cec951d6fecbd3b5a07fb5835c345d66ad495ee1fd9b04982e8b021bafdcad5	ccd4de6534ec11d1e06a6731da567bb551e48a1c45eb38332eca4238a3c26e3b
rechiseled:stone_brick_pattern_connecting	full	1	9febf4dba523d36ab9ff28ff1789ef04b4060f806b70f0d5ac1ad68bec6da2d5	4d1d23af7920c605b4f646089de92ce66bb2aa68c970a7bc8b6d39355c0c748c
rechiseled:stone_brick_pattern_slab_connecting	slab	6	fdfed0bfc0f11baf9373393757514f1aeb387baf46ae828b278d0c952d73c77c	338ad3021adffa285cef86b54e86386861b3fdae5cf1b8eff8fcfc61decf895a
rechiseled:stone_brick_pattern_stairs_connecting	stairs	80	6b8fba44b122781e22dabe723dc085f6818a5758e0e4bcf57e5b571dce0a6cae	4e5387dc495731bd2b70792f5a781d12cd011b5f0014f04e9e83fa028da98275
rechiseled:stone_brick_paving_connecting	full	1	21dc215c34701df082110fb9c3d5ca1a515d96456fbb173a84a8a8716edaa4e8	210db2a175763eda9bdd8469e02874ab7e89c4bd4ebd9c219f2031265c1acdf9
rechiseled:stone_brick_paving_slab_connecting	slab	6	0d5eec888afce2d995be1e6031a704e0d9fa35d2b67e7c7e62133c3f4922b102	3b6c9a8ea3e84105d1ddfb3d81d1fe1d45de62c9157c6a74c098d92ec20843df
rechiseled:stone_brick_paving_stairs_connecting	stairs	80	09240a13621e8b3b31dbc3986597792e3d6bd9009d7680760a991e09876ec092	03f9263468ba51c87dc929d9eca8ca701ee3761392715dcdc558b29dafeb7d0f
rechiseled:stone_chiseled_bricks_connecting	full	1	2aeacb19df306cd7164e0944d063e19278282504ec3df213c23d6b090a308079	5be25d218d542cf6009e12c39c807b80ac722901e1cb01add76f9eb8cbbfff11
rechiseled:stone_chiseled_bricks_slab_connecting	slab	6	1590c6bff7661192de43595e51b153c78da9bf54bea529acdc466549d36c7df1	b784367a617697ee7a3c7e932d2420a0d006a51f187b9c1fb3b772a5a0e6245c
rechiseled:stone_chiseled_bricks_stairs_connecting	stairs	80	2173a86b6f8dc4e0f58b413c99e01a664e819221168b592a51248bdb97947796	8394cb88c1fb6ab40db3945b387d95c49f1c62ddf6b6dd064d9e9e412aa21ade
rechiseled:stone_crushed_connecting	full	1	65620fe9b36c746f91020970bad2908f314f34b723f997a6e91a59dff52980a4	02f83800246289756a445f42e070b97cdbe92c03253838fa98dc27ba55819cf7
rechiseled:stone_crushed_slab_connecting	slab	6	35fc0a3cd6460127fbc504622f455d0f94bd667839170962a935eea626da5e36	ee429eab000452b0c94a8272c51440ae3575e3a2988c095c45d249c92a0dcb7d
rechiseled:stone_crushed_stairs_connecting	stairs	80	158a271e24e83b3f73aedc0b0a8700abb689e0e1f183ab3b47372eed71470df8	4133a5cc6e707ea609bedb6c7232f4fc3d63ec066096e72abb377620ffa28cd3
rechiseled:stone_diagonal_bricks_connecting	full	1	44b9a9f3b3cb7f914e8c66b078f636d348c1978649f9750930d18eaa790f6084	0471788e6a6de717365d6eae6e5ebf081405136f8ae3b997a91e6c8da57cbfa4
rechiseled:stone_diagonal_bricks_slab_connecting	slab	6	71f053b090c1b1ce4a918de9b7716710e7489b04a58a106e86f02f7c8ea32c82	fb31556f2cbe5b89de716bc0136cd1f7e65f3377ad8bea68d96ed98e178655d2
rechiseled:stone_diagonal_bricks_stairs_connecting	stairs	80	a84126031871a712ae249777378c3f4b834ae30388f3794985b227e02c22f3de	35ff77810ee4c662c04b50d3613bf62ea6eb422f2d1ca7ee1bcff31524e1c369
rechiseled:stone_path_connecting	full	1	6cae1e0b19757110487d5f4c9a9eb7da59e30917c3a91a388446c47dd4a3a2cc	eb8b6ac9ba7121a6f247a08a0d65acae75aa59a7aaf324c4c82bbabcfe8a4982
rechiseled:stone_path_slab_connecting	slab	6	10095740f39a3aa7b3f7675bff3da3d2cfc9f6fd80001f4e9a6e001121b2fd5f	0031802ecac783dccb0c552b1ba12aae21cf005a1430b4513cc01d77b2edc6bd
rechiseled:stone_path_stairs_connecting	stairs	80	022842c1f49beaebd3fd4e0e55c176b397c0821ddb541b6ddd192a9af7a36fe2	71160d080bc0fef76ea155a2197cbaf82eeb669014646b2776e76963065abbe0
rechiseled:stone_rotated_bricks_connecting	full	1	dd7128d0b945a3f8a12720165f71c2e6603cd96b1875bc0080bc2dc5da08c325	ff2b006577c235d5ae0a5c03b967126c2aa440a8c7535bfa8e33fd2d0e2b9f49
rechiseled:stone_rotated_bricks_slab_connecting	slab	6	48f511a675fb9e91bc030bd147fe624bb04e6a1e7d374ce8dbaf6be1ec28951a	9216b7111e2516c2923f1d40cdb816c61291cfcfd5528927715d1c3a1e49f18d
rechiseled:stone_rotated_bricks_stairs_connecting	stairs	80	6bdfb6e6fd8945919e969bf1348fc4ea6da8cbf2b1c748a1c4434f987abf9a09	f5679d3c2abf06977e38bb68ad8f4d81b4f0c68a961eb5075a65649a542c0c4b
rechiseled:stone_small_bricks_connecting	full	1	1ab5b2c92c78c8e21001c34fff32737316c7e0a2edc7c0f4a05ad8254f27bf61	000a209fc021302f8faf63e7c6975087fa0b5f04165e3f8658bf0172f8cf02e4
rechiseled:stone_small_bricks_slab_connecting	slab	6	790bf2bcb59ebce1b205a24c138c263505127e872f5e98ab601323998cc84c20	f7b1dcf8d3ca28fbb7b58e3591196bff8f3e93469bff5aa7d0e9952324cac8fd
rechiseled:stone_small_bricks_stairs_connecting	stairs	80	bcfb7ccb5fa63b0b73b5fcba2a87c818cc6fb5c1a5de2e87c86353f0b81421ec	28f01d7e24cc3b4be01020f8d72305792e8ae6bb4ec9dff8ca7c461df51c1d86
rechiseled:stone_small_tiles_connecting	full	1	09ef38469967e19f3b21a3c7d84fc5c1974d5b7ae94f0aa2e8fcf19a3cb723f4	e157fa4977d44897d354d444d3f520edd5d09ec7a5c9818016f7e58549da7d11
rechiseled:stone_small_tiles_slab_connecting	slab	6	9505e0f61446c608a2a5d4beb5ff3ab272f68a2a1c1b5a9ef0e451152099d0a3	93d3d6f0c862c75ab544281e8cb2c6474ac649b38566ff1ae6f4e574b723b450
rechiseled:stone_small_tiles_stairs_connecting	stairs	80	1e6100288c2c3892973172f1553878b415c13c153e5ea09d42a34c7debdeed23	4c7a93765cb50dc432971fb79c602717041994c5120baef79452d4d7124b8357
rechiseled:stone_smooth_brick_paving_connecting	full	1	73ea940eb6c43c3d5f86ae20c23beb69f1142137082555de18adf2518116ee46	be99262f4169acd829ac437818e39e7e5933fcf324c8e98ce7941921a6d1f93d
rechiseled:stone_smooth_brick_paving_slab_connecting	slab	6	2ef917c6ca73c4d55b51fd9298811c191f84492d5406875fc4df8fc554bd75cf	677461b4b4c3bd5d35bcb2eef51eff73d5acffcb4e2f778761c2a02b3eb7801c
rechiseled:stone_smooth_brick_paving_stairs_connecting	stairs	80	1e216198b2b8c2ba494dbd7347f0a22332ffcf9065a908f54900b7d6f333323f	cc2597b2a2e46b5caa04c3ebbdb7a7e6cead8113b337197758c9979e1c157b67
rechiseled:stone_smooth_connecting	full	1	b6564aabace3d41b2c1f7cf89c5e62d70d7078bd18136f7a7408505c4490223a	d7481589c255ee6fff6c312c3e9f71829802b67fd47ee9c1cd1f4c39df051207
rechiseled:stone_smooth_large_tiles_connecting	full	1	5a4a2a4da341b8dafdce93a365b260f5ed0814eb90fa5b12f6f876b202f6f67f	efd47b3855e20ae3637a70db9928a11a38a16d673100e9175f6d2c782337abf7
rechiseled:stone_smooth_large_tiles_slab_connecting	slab	6	397273aa04f7dfd532a48df2255e2c81b20fcdddfb56a1a762838c663c4a95ec	5a70bc3dfba53200f26d99a0422a61d493d5b3867fed1e1e0def401d7f2e2aae
rechiseled:stone_smooth_large_tiles_stairs_connecting	stairs	80	9098d6b7d5cffcdfc00fe69c8ee3b3281e30dc2fbe9e53a153c748365eba11f5	d6ef997676d0e5cc195e5b963a93683f77e8387e79839db519fe814a798a39a4
rechiseled:stone_smooth_rotated_bricks_connecting	full	1	1eee6a2105d975a5c4894d5871f711ff75138e50b5fcf8d6d4e06749ec1b6bb3	ca09c7c61cecac371470501ffc31ae4fde72f4c081c58ab6c6fbf10a05577678
rechiseled:stone_smooth_rotated_bricks_slab_connecting	slab	6	2974701c524d56751ad4e025180ad808a5b3300a7b0835df6beb5df7190a046b	4972454fc70bbcfbe8f95229a29abc5d287c02398a32a1f010905d22ec562e7c
rechiseled:stone_smooth_rotated_bricks_stairs_connecting	stairs	80	d6d591014231f4234694b1fd341463ae021de111737f48d57eb4b5e1d25d9169	a0b91bfd02bada0cb972e17e9c1cc178638ba6c40393cc2774a4ac618fc58c8f
rechiseled:stone_smooth_slab_connecting	slab	6	55104d3171172d622d7c395d3836de2530a7af169749dbc1c7c1639e5b364199	31153f99e70fccfecd47786d84ac01a0ee1ee60cf9f482c3735dcdfc5ebe9875
rechiseled:stone_smooth_stairs_connecting	stairs	80	184851436caddb4b2c206890a4ebb60e39919d3b88986cc0c9ae6a8c7f38b665	09f7da8a4212518e059360dd8b8f89fc7b3c15a4ac831301232072794b7d9b61
rechiseled:stone_smooth_tiles_connecting	full	1	d28e3fe51e8ad849998e40a652913628c9ee3e996e5fdde0a94a7eb0e487232a	482e0b06c5370828eb0217dd25d790548e890786fca540dc25c5126fbd90e7f8
rechiseled:stone_smooth_tiles_slab_connecting	slab	6	128e4bbaa24bceca20eff43c5c73b4331e9349a5266be9effb1afef2367dbad7	04bf3e8bce796125ad26a7a41423167a933a5052fc53b506e5c9e64b62f98d12
rechiseled:stone_smooth_tiles_stairs_connecting	stairs	80	86244afc19a9f88b3dfba5b3359df0bf9b03b1037fff2295493ed79514f0ea5f	b19debf7ddd3483b6941d5eb07cc2387f5918063b09fd20efb22cac4cb535f56
rechiseled:stone_squares_connecting	full	1	16277a14e284f483c016f56a94663f7302e1fc3bda17955a80b94abef73dd20c	741c7fc94ac9792a224407f1ad32a054316e0abd6618be0481fa6e820c8cf76e
rechiseled:stone_squares_slab_connecting	slab	6	965c7a2c3c7dc436df1b141d519c9bbfdc034172470b20fb13462b9e4f774595	452226632d177ed449d6f2ef1ded242c30ddaf0dd240cb0bc30b292609f5b62f
rechiseled:stone_squares_stairs_connecting	stairs	80	cbc80ded000b9a67b885917415de24901f105aa1abe563221eea78c47186976c	0063c6bd2f131a009edc307dc7cf0aff31c5ac6e47ce2896fca0147ba8217746
rechiseled:stone_tiles_connecting	full	1	52250e8fb4b191f67cecad1935d5e54a18b89d40fcc5aba1d4d4f5c08e78615e	48d995f1aab4502534b7de2b5b6d100e988a3329a6168bbb11e7d5a6f1fdf71a
rechiseled:stone_tiles_slab_connecting	slab	6	9a6cec53021ac77dde0ee9ab51a2a52916a4dc372b79a2f2e76a73edf98ce8cc	58109cddd0df0201b4145025f545685e3f67b4da98dd07b3189d9e4cd1e840d8
rechiseled:stone_tiles_stairs_connecting	stairs	80	dfb9c5da72414a4d3f02f8e692863aff45a192fd19653350d230c79b337d6af4	5cd4ab65106b5510a9279b79c835017d2f7786401d935b39ad874c4757fef7d7
rechiseled:stone_waves_connecting	full	1	8d8b58adea407c59313b6e3bcbcdedc7ba02cf85d9cef43e5efd23d46991924c	c4c83d492a50c90ca8d974cbb52ddabc80401cd3b58aa7bd6e1002fe03a5ce29
rechiseled:stone_waves_slab_connecting	slab	6	cf247ae61f2cb2a8ae0964b8e548aed9e55c9146a1b53c3daefbcf91cc294f0d	c587e9e5889ecafe8121ac22ecdbca2acb9930c385db303345b51d9c5e249699
rechiseled:stone_waves_stairs_connecting	stairs	80	20e34b226941af68fbcf4a6ac700851eaaf9569fe8fb41834f7aa40fbedafdf8	b485b95d318a6a3f8eb35fb17266e0eba6b82e0630d942623fff442d32c95a6a
rechiseled:warped_planks_beams_connecting	full	1	fb8a67f23edbb8c7ba526da5b3f0f19e6a26ff8dea1a0fd1ee44132a6e24b57c	8210b2fffddda1642f894f24df360de718c7b92bd59c2b6a12cac0d2e0092fd3
rechiseled:warped_planks_beams_slab_connecting	slab	6	c4f87094fc56cecf9cf5d319da497fff0b8b1b92cb366977eaaca71391f10c08	4a4389cee17ffce6be926df35819f1f3788fa7a6eaa255d64cd6d57c50f9e424
rechiseled:warped_planks_beams_stairs_connecting	stairs	80	7801accd18ded2ab9d61bd85caf1dfb21f44ede9e4d56621b21386d455a68a7d	cf77b3eafe9fbcfec4352bdfdb206fff2458b15c2e2f0e95e69b5ce8f9f73d26
rechiseled:warped_planks_brick_pattern_connecting	full	1	a454f036d564940243d0cf609ea40fde8df60f724871009f84dc488e1e97ca7e	74b0e4f07073ca36638b89f20f950c98f47ca50ce5cbf4400840cfe60086064a
rechiseled:warped_planks_brick_pattern_slab_connecting	slab	6	fc5c20391bd4131c46b8df6b107c92667810285fc75a024fe3b5e43cbcbf7fac	a195bbfd0c00f67897fe340d5b585a01fea5a78374995fef559eefa554ccfcd7
rechiseled:warped_planks_brick_pattern_stairs_connecting	stairs	80	7a2bfc856146535293a6c9fa5ae6422a9ab6d46dec7b6f7b2584bfa1bf48068d	995cc39d02df2035f7ab0220e94f62447fe1acdce38a232e55b1d1de9283a5b7
rechiseled:warped_planks_brick_paving_connecting	full	1	aeb1d61ef8ad29b8204d6d048c17638e80b40443cdcb61c71a1ac71c2450ba31	e50cd4d9dc427aac8bdf3737a8ce03affbe1be243127f614de29a8207ab7a156
rechiseled:warped_planks_brick_paving_slab_connecting	slab	6	9a8e9e2cd8ed89541d9eb0e4c6c9f53df78c271093c5d7e4d08b4aa92426bded	a93e1f57c60fdfe9658f043cb4d7014ddce590873c97861e4285914261313c08
rechiseled:warped_planks_brick_paving_stairs_connecting	stairs	80	1cc70266e39f0c73ce563de33fefe391b3b9121eceaceb247556c5781b3fd246	b3bfa4c019dcb4ca6a1da6eff55035bab732159ffc32e240041e155b9391e293
rechiseled:warped_planks_bricks_connecting	full	1	e71019671746ade62eb4092b01bb266338196b4ce31fd99b111dbdd74a93b952	3ce538a20be59c7669c0706cb92609cb0dfbc838ff3f19c9f772a89128fcd60b
rechiseled:warped_planks_bricks_slab_connecting	slab	6	3c0a60054d1c14342032392987c4eabfc72af6d64e4f14756270ce5e2f9dea0c	c91720ee214cfb3642185264f2041eba72a1510f15734c8343ee951949d70308
rechiseled:warped_planks_bricks_stairs_connecting	stairs	80	b8091f1e408f5b76a423c8f18c2071f44f5b462d4dc76fd6f31e0e1531f871dc	0c918f4f8de05dc129169c0fd707cfbb559c92682d27a745fdc1581e65dc15cc
rechiseled:warped_planks_crate_connecting	full	1	b57d1f8012e86384e25db94fce569f62a6a85f2dc7b0ed7b4b80deb4940c3078	e452c5d3ea72375e42aa770914f35f9fca6165c07413c209709dcfe12b5a4346
rechiseled:warped_planks_crate_slab_connecting	slab	6	05d6ea2ec99965a402295fb1d19293d45a7007aed5dfa5e1aec9de33bcef03e3	2d758c2065fe36926397ed54f473748a366e78ab47f0e6a355a81be2ca591d87
rechiseled:warped_planks_crate_stairs_connecting	stairs	80	905d31e3d00392b96ed199130df76db914a3abfc88af49e8951f58d14133c986	fb00857e20b4e335f4bfefa5dd14708427429f7a5822167fe2bff95ecab01fd2
rechiseled:warped_planks_diagonal_stripes_connecting	full	1	e9fc73eafed2c3d13ca46b4472ffb0d23a1319d01906182f06394aa522c58e83	474741ded03fe723a9f6f504518e0d01976c54b5a133bd9ab0d5a9ea944f5d91
rechiseled:warped_planks_diagonal_stripes_slab_connecting	slab	6	e75a662362b0a00d84cab3cd000b913830bfc7d3b9b6522af056d5ec67c0f909	587f5a58ec3da6ea7d37bf234240e69a240f43880727f72a986c79a6a65a5920
rechiseled:warped_planks_diagonal_stripes_stairs_connecting	stairs	80	5744040be4cf7f4962f8798e181ea7b0f14f85e22985512e255d4b857c3a7205	0ab145db900f9ea38809445a4bbc52ed8b91c857380df20c00b00a05aec2511b
rechiseled:warped_planks_diagonal_tiles_connecting	full	1	15bc1a74697851d0ba54a93b606778225fda5b26afb253b8a047660211d076ee	e99dbb4b0d902662c88b0b3aa28cc2ec5db19bcfa25c5e2665edbffbad017409
rechiseled:warped_planks_diagonal_tiles_slab_connecting	slab	6	024961845566967a0bb736540ad694a4f9972cd8ef287c1868c45524812defac	8aba7c4744bea911c4df5dcc4dcbdd32f00385df079f74d015fbbe6605c66577
rechiseled:warped_planks_diagonal_tiles_stairs_connecting	stairs	80	a368972f323e52a17ed686e68be5e201d0c6b69d535709bc4922eb8100ecf4ce	655f861f7d3373a21f4be2b917cf4ba0be3190ff952811015f1a1118305e42ff
rechiseled:warped_planks_dotted_connecting	full	1	26d319fa95be360718c10e951ad74794903fd673ca793e52551c59af1f01bc53	e1049cbea18535ed6c0f4246e360dbcf7ed407c9ac87c11b707dec91f8b81090
rechiseled:warped_planks_dotted_slab_connecting	slab	6	a3a17898d32c982c05d0069438fb28f43b9f97ba459268fa0449d72a32df0993	5d27e48650985769e27eab466776cea794ec5b6280673f140ba3dc7ffea71a70
rechiseled:warped_planks_dotted_stairs_connecting	stairs	80	dfa631869c0bf90a0f0b92694264357d0ac0489cd477ee97c72831b23994dc8a	bb75832fb21c075fa13c0b460376659162a9abba08cde614f32c2959a23dbc0d
rechiseled:warped_planks_flooring_connecting	full	1	6052566b2dca2ade3710e5d213d3a4842d5c722a6f61c2c265e0ccaf07b57c4e	d36b9b6fc1ecd6d5c13a9bbfb8b642ffb7daf98918c1157a10028c688c81f4b8
rechiseled:warped_planks_flooring_slab_connecting	slab	6	549dbba6c4b01f092ec14c6da6daeea4c32e2845478cce0f31f95a932cfff38b	0e18de03b28f5e44def041ead9b1e6967f1d08255bd953811433a1a239d63fc8
rechiseled:warped_planks_flooring_stairs_connecting	stairs	80	b49edf31b04c955af18dfea05406f15a4fdd8c7de087fdbd8185fac472ed9076	c25cd9ce09983bc3e0d0b8792ddde0fa8d7b293012a87a52f97fdea2c00cf032
rechiseled:warped_planks_large_tiles_connecting	full	1	d37c5effd37df717b57cf8761bf0363c6ac844771bf796119d58395137349b3c	5907b6f5af4457683b04f71ba90e0f327b23c5a6d05660f0f051ed423c2f7ec4
rechiseled:warped_planks_large_tiles_slab_connecting	slab	6	69023e141e93924fd9aabd93cd75f4365e998c98bec71e3c0609bdcb1bff01f5	b6fd2f6691292baae36d35595532ec09a5a6f1f7859acf6239da9dcd29403c32
rechiseled:warped_planks_large_tiles_stairs_connecting	stairs	80	89c93049864174e72000790862640c9916d2ccce1a4b8d3be9bb64cbb7bd5800	0cc0a01ad8bf8063f12be7bf6dd41d7dac93ace790df141b0ff392e1ce4435d1
rechiseled:warped_planks_pattern_connecting	full	1	2f72090c74ce73e02cbcb7e9d6bf596c34ded7dc19277b5d9147cc802976ad8e	9e2f4d1e5ce8f9bbc7324ec3b342aebe84b1206a034952f3e48ac515ae15927b
rechiseled:warped_planks_pattern_slab_connecting	slab	6	dc60846d532c4bfeb5d21dcf8c6984384e9e3809b5e0e62c4477e5a220fc9c72	f18b09f0ebe6b2e9f7ad6085b072757a3a1184b7ddc15942b1785e2fda63824f
rechiseled:warped_planks_pattern_stairs_connecting	stairs	80	9f4eb4c283e566dad1640315f0fc4a36b201536a48304b4d59a25157d4140539	fbd3d7b1737ba6fbae786af2cf5636ea1e7a524db785601a54553863907af156
rechiseled:warped_planks_rotated_bricks_connecting	full	1	8a1f7f811ba07877aeaef04a937a6f588fb1b8adcc97b31c76fa9be9776b083e	d89a88ca82d3cdc1a3094b6a387e410e1cb1077977e44b1b8ad8a1e1e8593504
rechiseled:warped_planks_rotated_bricks_slab_connecting	slab	6	e7fe3576877ebfcd1b7635fdcc8c0eeaf497fc39c1932e2238fe3f62d7a6bce3	1b77d4a34eb8dfe22f0bc934fff8b442a144e9c6d62b1011b20e7b25ca3776df
rechiseled:warped_planks_rotated_bricks_stairs_connecting	stairs	80	28036d7f2e3aee0c8f7df70a01c360e192bcb2b4ea8bad3aa67d1d1974744c50	3a8da272bb58cd64530b30c9ac242a6abd885aea35dca224af8d56097ee8b827
rechiseled:warped_planks_small_bricks_connecting	full	1	8bf3cc7a976a851d780c2e6ac246f2125eff9a34a92241c65fca5354f0b254ee	a71933de6036fb40176c932908ae57e5cedcd2ed40d8e7066e16f006f83d1998
rechiseled:warped_planks_small_bricks_slab_connecting	slab	6	f2f081ac8e4da44f061e200c28af1cbd82ca0949651e08231a77f07b00bbef78	71fece7dbb3903b14197ab065d244b5437a9d6ca99fcfae057ad0d26c09b8155
rechiseled:warped_planks_small_bricks_stairs_connecting	stairs	80	9cad96964894be1e7550d5f8a9f958a24485bdf20be398ac71d37b981b16db34	7bfe8177ca6688a4fa5968e2928d92eaf72ba4e61afe1d5d27087cdf79659975
rechiseled:warped_planks_small_tiles_connecting	full	1	caeec8c999c31dab478878bfcb9f2ee7f27c850af50629b9ecbd747cfc62dca2	b81567c41831d53d90b7e09a1c285c4c931bcb7914bfb333dd1b72baa49646ba
rechiseled:warped_planks_small_tiles_slab_connecting	slab	6	ad99e4795230c4978069f6079133718d7b1bb33bbba3138c08155a8adc2e1cea	c5455e5370ff3d8a17527be4e3ae558eb90c28bad85c2804cfd9032ea1b5d7e0
rechiseled:warped_planks_small_tiles_stairs_connecting	stairs	80	d8ec966c97e5a6cc32161321e887e4ea5665d60bffffb90bcbc5d609c2d95ecf	6cf1dd1d042f5edd9344410096bf5066cc5181470eac02e058a13eb177f7e129
rechiseled:warped_planks_squares_connecting	full	1	1dc273c9f1a8d822e8ee2ce95eee8cc51a2567aa834182c6832f5fcc1c13c5ee	5e3347fb20449e1acb8e86bf862d789979ea2ca596e7ecdeed7f9bcb65f5479e
rechiseled:warped_planks_squares_slab_connecting	slab	6	fcdf0c6c0dfbacb2b12cb54737f690ab96c3955e759f5060117ad0ca2cd38c45	0e9f95bb5b341235393ffaf41acb535233800e60cd0cf8914f16f4c8b9730dad
rechiseled:warped_planks_squares_stairs_connecting	stairs	80	9e5fa53d79255f03effaf4c95f8295961167ddb8556a6ea6a172545b9690e38e	8fe354897f9970ca2cd0768706473d091b041cf6e593947ad952ee36f49f7e5f
rechiseled:warped_planks_tiles_connecting	full	1	39af0914d1966d74f42ebaaabc8d21b0f65a8a75d3055ad60816210653327f76	dbd0cd7292da377fbfa2b3cb791cf69cf2259befa18d26b515d9994abd3d8abb
rechiseled:warped_planks_tiles_slab_connecting	slab	6	015b5fc23b969195454b7dc50105a81233614f531998d75d926b7701a0a1cac8	e224b24e43b63382312ae54984079f576103aa14612efb5a2799567eba40ab1d
rechiseled:warped_planks_tiles_stairs_connecting	stairs	80	bafc9e86ea9380210d9f7a532de389eaf994cb6f41aa1145a2da9affeb5d9575	749d82ab4c5c27e4c93a23d239f730f081beddcf2c89d453c0dd28341d5db11f
rechiseled:warped_planks_wavy_connecting	full	1	d4584d378ba771bc3677843db7fcd7a67907cf3c9dd90d30af42ad26738d4adb	cd324640bef27452076b5266785d7a1e2ec00e936d6c0dac5c40268636d82b9e
rechiseled:warped_planks_wavy_slab_connecting	slab	6	1860d2e527d949b4360d05c0d0b25ef62e968160507dacf0542f8c94685472e0	22123d686c4cb74a7fb5a7452bd49b4d29e51ef634f04ecf39bf3581c02982c6
rechiseled:warped_planks_wavy_stairs_connecting	stairs	80	412736001908030f1ac4e2ac6e2f51dca0e666e64e28714234696ff57b717e62	9a7e7792b2aad94443ecd522f15b09fa2a5b42f61c16d11fa9bf3435e4919e2e
rechiseled:warped_planks_woven_connecting	full	1	24666c96a6f1ca227a109a480bc92b86028fa5a5d67763540080769e4c7ba4e5	5fdc962710deb41cfae0bab36b7dd1321eba27fb008961939f73894bd033cbee
rechiseled:warped_planks_woven_slab_connecting	slab	6	faeb71ca75bb95c86825d4bc9c8ca38c3a6bd74fa679299cc4fb6bb99157b73d	8f9f65ccd6517e2fd53b492620b197d07ad6a804f69b56744033bea6953ce304
rechiseled:warped_planks_woven_stairs_connecting	stairs	80	253a3004e3d5f42edccb35c4581b8c7eaf4615a51ca9b1a4e8d06a9e2e5e189a	2d94df5e42535c435cdcb83299968dbbef486d80ee99bb510c90c8b98916fa7c
